Name,SMILES,Interacts with,Interaction,InteractionActions,Total Molweight,Molweight,Monoisotopic Mass,cLogP,cLogS,H-Acceptors,H-Donors,Total Surface Area,Relative PSA,Polar Surface Area,Druglikeness,Mutagenic,Tumorigenic,Reproductive Effective,Irritant,Shape Index,Molecular Flexibility,Molecular Complexity,Fragments,Non-H Atoms,Non-C/H Atoms,Metal-Atoms,Electronegative Atoms,Stereo Centers,Rotatable Bonds,Rings Closures,Aromatic Atoms,sp3-Atoms,Small Rings,Carbo-Rings,Hetero-Rings,Saturated Rings,Non-Aromatic Rings,Aromatic Rings,Saturated Carbo-Rings,Non-Aromatic Carbo-Rings,Carbo-Aromatic Rings,Saturated Hetero-Rings,Non-Aromatic Hetero-Rings,Hetero-Aromatic Rings,Amides,Amines,Alkyl-Amines,Aromatic Amines,Aromatic Nitrogens,Basic Nitrogens,Acidic Oxygens
hemistepsin,C=C1CC2C(C(C3C1CC(C3=C)O)OC(=O)C(=C)CO)C(=C)C(=O)O2,AKT1,2-(4-morpholinyl)-8-phenyl-4H-1-benzopyran-4-one inhibits the reaction [hemistepsin results in decreased phosphorylation of AKT1 protein],decreases^phosphorylation|decreases^reaction,346.378,346.378,346.14164,1.3523,-2.71,6,2,248.48,0.29089,93.06,-6.8034,none,none,none,high,0.4,0.29761,0.93236,1,25,6,0,6,6,4,3,0,13,3,2,1,3,3,0,2,2,0,1,1,0,0,0,0,0,0,0,0
ibrutinib,C=CC(=O)N1CCCC(C1)N2C3=NC=NC(=C3C(=N2)C4=CC=C(C=C4)OC5=CC=CC=C5)N,BMI1,ibrutinib results in decreased expression of BMI1 mRNA,decreases^expression,440.506,440.506,440.196074,3.6932,-6.321,8,1,338.01,0.24153,99.16,-2.4084,high,low,low,low,0.54545,0.38293,0.92528,1,33,8,0,8,1,5,5,21,6,5,2,3,1,1,4,0,0,2,1,1,2,1,1,0,1,4,0,0
vernodalin,C=CC12CC(C3C(C1C(=C)C(=O)OC2)OC(=O)C3=C)OC(=O)C(=C)CO,JUN,MAPK8 protein affects the reaction [vernodalin results in increased phosphorylation of JUN protein],affects^reaction|increases^phosphorylation,360.361,360.361,360.120905,0.8315,-2.525,7,1,257.08,0.31982,99.13,-9.8409,none,none,none,high,0.46154,0.34251,0.97017,1,26,7,0,7,5,5,3,0,12,3,1,2,3,3,0,1,1,0,2,2,0,0,0,0,0,0,0,0
PQQ Cofactor,C1=C(C2=C(C(=O)C(=O)C3=C2NC(=C3)C(=O)O)N=C1C(=O)O)C(=O)O,MAPK3,[Rotenone co-treated with PQQ Cofactor] results in increased phosphorylation of MAPK3 protein,affects^cotreatment|increases^phosphorylation,330.208,330.208,330.012418,-0.8801,-2.648,10,4,215.65,0.60032,174.72,-1.2407,none,none,none,none,0.45833,0.25031,0.98611,1,24,10,0,10,0,3,3,11,3,3,1,2,0,1,2,0,1,0,0,0,2,0,0,0,0,2,0,3
Ellagic Acid,C1=C2C3=C(C(=C1O)O)OC(=O)C4=CC(=C(C(=C43)OC2=O)O)O,TP53,Ellagic Acid promotes the reaction [Quercetin results in increased phosphorylation of TP53 protein],increases^phosphorylation|increases^reaction,302.194,302.194,302.00627,1.2774,-3.286,8,4,186.92,0.52686,133.52,-1.5983,none,none,none,none,0.45455,0.062267,1.0031,1,22,8,0,8,0,0,4,12,6,4,2,2,0,2,2,0,0,2,0,2,0,0,0,0,0,0,0,0
fisetin,C1=CC(=C(C=C1C2=C(C(=O)C3=C(O2)C=C(C=C3)O)O)O)O,TP53,[Cisplatin co-treated with fisetin] affects the localization of TP53 protein,affects^cotreatment|affects^localization,286.238,286.238,286.04774,1.8359,-2.787,6,4,195.59,0.3857,107.22,-0.082832,high,none,none,none,0.52381,0.29798,0.83766,1,21,6,0,6,0,1,3,12,5,3,2,1,0,1,2,0,0,2,0,1,0,0,0,0,0,0,0,0
Luteolin,C1=CC(=C(C=C1C2=CC(=O)C3=C(C=C(C=C3O2)O)O)O)O,JUN,Luteolin analog inhibits the reaction [Tetradecanoylphorbol Acetate affects the localization of JUN protein],affects^localization|decreases^reaction,286.238,286.238,286.04774,1.99,-2.56,6,4,197.38,0.38221,107.22,0.28194,none,none,none,none,0.52381,0.26365,0.81997,1,21,6,0,6,0,1,3,12,5,3,2,1,0,1,2,0,0,2,0,1,0,0,0,0,0,0,0,0
"3',4',7-trihydroxyisoflavone",C1=CC(=C(C=C1C2=COC3=C(C2=O)C=CC(=C3)O)O)O,TP53,"3',4',7-trihydroxyisoflavone promotes the reaction [Epirubicin results in increased expression of TP53 mRNA]",increases^expression|increases^reaction,270.239,270.239,270.052825,1.6272,-2.727,5,3,191.03,0.32634,86.99,-0.093853,none,none,none,none,0.6,0.31623,0.80291,1,20,5,0,5,0,1,3,12,4,3,2,1,0,1,2,0,0,2,0,1,0,0,0,0,0,0,0,0
Rosmarinic Acid,C1=CC(=C(C=C1CC(C(=O)O)OC(=O)C=CC2=CC(=C(C=C2)O)O)O)O,TGFB1,[Rosmarinic Acid co-treated with Rosiglitazone co-treated with TF protein co-treated with INS protein co-treated with Dexamethasone co-treated with 1-Methyl-3-isobutylxanthine co-treated with Hydrocortisone co-treated with Triiodothyronine] results in decreased expression of TGFB1 mRNA,affects^cotreatment|decreases^expression,360.317,360.317,360.08452,1.4502,-2.231,8,5,263.03,0.38619,144.52,-3.8118,none,none,none,none,0.61538,0.42825,0.71292,1,26,8,0,8,1,7,2,12,8,2,2,0,0,0,2,0,0,2,0,0,0,0,0,0,0,0,0,1
SD-208,C1=CC(=C(C=C1Cl)C2=NC3=NC=CN=C3C(=N2)NC4=CC=NC=C4)F,TGFB1,SD-208 inhibits the reaction [TGFB1 protein results in increased expression of CXCR4 protein],decreases^reaction|increases^expression,352.759,352.759,352.063949,3.0476,-5.766,6,1,254.41,0.26064,76.48,-2.0892,none,none,none,none,0.48,0.30201,0.85009,1,25,8,0,8,0,3,4,22,0,4,1,3,0,0,4,0,0,1,0,0,3,0,1,0,1,5,1,0
"2',4'-dichlorobenzamil amiloride",C1=CC(=C(C=C1Cl)Cl)CNN=CNC(=O)C2=C(N=C(C(=N2)Cl)N)N,TGFB1,"2',4'-dichlorobenzamil amiloride inhibits the reaction [TGFB1 protein results in increased expression of CCN2 mRNA]",decreases^reaction|increases^expression,388.645,388.645,387.016889,1.6264,-5.331,8,4,273.03,0.36608,131.31,3.284,none,none,none,none,0.66667,0.37403,0.75181,1,24,11,0,11,0,4,2,12,1,2,1,1,0,0,2,0,0,1,0,0,1,1,2,0,2,2,0,0
"4,4'-Diisothiocyanostilbene-2,2'-Disulfonic Acid",C1=CC(=C(C=C1N=C=S)S(=O)(=O)O)C=CC2=C(C=C(C=C2)N=C=S)S(=O)(=O)O,TP53,"4,4'-Diisothiocyanostilbene-2,2'-Disulfonic Acid inhibits the reaction [Oxygen deficiency results in increased expression of TP53 protein]",decreases^reaction|increases^expression,454.527,454.527,453.942168,1.9028,-2.302,8,2,319.94,0.50753,214.4,-7.402,high,high,none,high,0.57143,0.3972,0.83644,1,28,12,0,12,0,6,2,12,6,2,2,0,0,0,2,0,0,2,0,0,0,0,0,0,0,0,0,2
3-((3-trifluoromethyl)phenyl)-5-((3-carboxyphenyl)methylene)-2-thioxo-4-thiazolidinone,C1=CC(=CC(=C1)N2C(=O)C(=CC3=CC=C(C=C3)C(=O)O)SC2=S)C(F)(F)F,TGFB1,3-((3-trifluoromethyl)phenyl)-5-((3-carboxyphenyl)methylene)-2-thioxo-4-thiazolidinone results in increased expression of TGFB1 mRNA,increases^expression,409.407,409.407,409.005418,3.2257,-5.774,4,1,276.04,0.31959,115,-4.4744,none,none,none,none,0.55556,0.43717,0.81047,1,27,9,0,9,0,4,3,12,4,3,2,1,1,1,2,0,0,2,1,1,0,1,0,0,0,0,0,1
nifuroxazide,C1=CC(=CC=C1C(=O)NN=CC2=CC=C(O2)[N+](=O)[O-])O,TP53,nifuroxazide affects the activity of TP53 protein,affects^activity,275.219,275.219,275.054222,1.4744,-4.092,8,2,206.7,0.45302,120.65,3.0582,high,high,none,none,0.7,0.33487,0.64441,1,20,8,0,8,0,4,2,11,2,2,1,1,0,0,2,0,0,1,0,0,1,0,0,0,0,0,0,0
epsilon-viniferin,C1=CC(=CC=C1C=CC2=C3C(C(OC3=CC(=C2)O)C4=CC=C(C=C4)O)C5=CC(=CC(=C5)O)O)O,AKT1,epsilon-viniferin inhibits the reaction [N-Formylmethionine Leucyl-Phenylalanine results in increased phosphorylation of AKT1 protein],decreases^reaction|increases^phosphorylation,454.477,454.477,454.14164,4.8239,-4.882,6,5,332.29,0.22721,110.38,-0.47845,none,none,high,none,0.47059,0.24763,0.91432,1,34,6,0,6,2,4,5,24,8,5,4,1,0,1,4,0,0,4,0,1,0,0,0,0,0,0,0,0
kaempferol,C1=CC(=CC=C1C2=C(C(=O)C3=C(C=C(C=C3O2)O)O)O)O,TP53,Caffeine inhibits the reaction [kaempferol results in increased phosphorylation of TP53 protein],decreases^reaction|increases^phosphorylation,286.238,286.238,286.04774,1.8359,-2.787,6,4,195.59,0.3857,107.22,-0.082832,high,none,none,none,0.52381,0.27571,0.83562,1,21,6,0,6,0,1,3,12,5,3,2,1,0,1,2,0,0,2,0,1,0,0,0,0,0,0,0,0
daidzin,C1=CC(=CC=C1C2=COC3=C(C2=O)C=CC(=C3)OC4C(C(C(C(O4)CO)O)O)O)O,FOS,daidzin results in increased expression of FOS mRNA,increases^expression,416.381,416.381,416.110735,-0.0164,-2.909,9,5,286.49,0.37886,145.91,-3.6206,none,high,high,none,0.56667,0.43295,0.88137,1,30,9,0,9,5,4,4,12,14,4,2,2,1,2,2,0,0,2,1,2,0,0,0,0,0,0,0,0
Genistein,C1=CC(=CC=C1C2=COC3=CC(=CC(=C3C2=O)O)O)O,TP53,anacardic acid inhibits the reaction [Genistein promotes the reaction [trichostatin A results in increased acetylation of TP53 protein]],decreases^reaction|increases^acetylation|increases^reaction,270.239,270.239,270.052825,1.6272,-2.727,5,3,191.03,0.32634,86.99,-0.093853,high,high,high,none,0.6,0.29499,0.80083,1,20,5,0,5,0,1,3,12,4,3,2,1,0,1,2,0,0,2,0,1,0,0,0,0,0,0,0,0
2-(4-nitrophenyl)-4-(4-fluorophenyl)-5-(4-pyridinyl)-1H-imidazole,C1=CC(=CC=C1C2=NC(=C(N2)C3=CC=NC=C3)C4=CC=C(C=C4)F)[N+](=O)[O-],FOS,2-(4-nitrophenyl)-4-(4-fluorophenyl)-5-(4-pyridinyl)-1H-imidazole promotes the reaction [sodium arsenite results in increased expression of FOS mRNA],increases^expression|increases^reaction,360.347,360.347,360.102254,3.1415,-6.111,6,1,269.65,0.24606,87.39,-5.7325,none,none,none,none,0.51852,0.3733,0.83644,1,27,7,0,7,0,4,4,23,1,4,2,2,0,0,4,0,0,2,0,0,2,0,0,0,0,3,1,0
4-(4-fluorophenyl)-2-(4-hydroxyphenyl)-5-(4-pyridyl)imidazole,C1=CC(=CC=C1C2=NC(=C(N2)C3=CC=NC=C3)C4=CC=C(C=C4)F)O,TP53,"4-(4-fluorophenyl)-2-(4-hydroxyphenyl)-5-(4-pyridyl)imidazole inhibits the reaction [7,8-Dihydro-7,8-dihydroxybenzo(a)pyrene 9,10-oxide results in increased expression of TP53 protein]",decreases^reaction|increases^expression,331.349,331.349,331.11209,3.7174,-5.355,4,2,252.33,0.19431,61.8,-0.54773,none,none,none,none,0.52,0.35498,0.82757,1,25,5,0,5,0,3,4,23,1,4,2,2,0,0,4,0,0,2,0,0,2,0,0,0,0,3,1,0
entinostat,C1=CC=C(C(=C1)N)NC(=O)C2=CC=C(C=C2)CNC(=O)OCC3=CN=CC=C3,TP53,entinostat promotes the reaction [Etoposide results in increased expression of and results in increased acetylation of TP53 protein],increases^acetylation|increases^expression|increases^reaction,376.415,376.415,376.153541,2.1633,-4.205,7,3,296,0.28797,106.34,-11.025,none,none,none,none,0.67857,0.5049,0.70798,1,28,7,0,7,0,7,3,18,3,3,2,1,0,0,3,0,0,2,0,0,1,2,1,0,1,1,0,0
mocetinostat,C1=CC=C(C(=C1)N)NC(=O)C2=CC=C(C=C2)CNC3=NC=CC(=N3)C4=CN=CC=C4,CDK1,mocetinostat results in decreased expression of CDK1 mRNA,decreases^expression,396.453,396.453,396.169859,2.7505,-4.837,7,3,311.77,0.26988,105.82,1.225,none,none,none,none,0.63333,0.49697,0.76182,1,30,7,0,7,0,6,4,24,1,4,2,2,0,0,4,0,0,2,0,0,2,1,2,0,2,3,0,0
U 0126,C1=CC=C(C(=C1)N)SC(=C(C#N)C(=C(N)SC2=CC=CC=C2N)C#N)N,TP53,U 0126 affects the reaction [1-Methyl-4-phenylpyridinium affects the expression of TP53 mRNA],affects^expression|affects^reaction,380.499,380.499,380.087784,2.0552,-5.942,6,4,291.34,0.4228,202.26,-4.4615,none,none,none,none,0.53846,0.48925,0.76113,1,26,8,0,8,0,5,2,12,2,2,2,0,0,0,2,0,0,2,0,0,0,0,2,0,2,0,2,0
lly-283,C1=CC=C(C=C1)C(C2C(C(C(O2)N3C=CC4=C(N=CN=C43)N)O)O)O,TP53,TP53 protein results in increased susceptibility to lly-283,increases^response to substance,342.354,342.354,342.132806,-0.0013,-3.733,8,4,240.91,0.38761,126.65,-0.87484,high,none,none,low,0.52,0.38596,0.89827,1,25,8,0,8,5,3,4,15,9,4,1,3,1,1,3,0,0,1,1,1,2,0,1,0,1,3,0,0
salubrinal,C1=CC=C(C=C1)C=CC(=O)NC(C(Cl)(Cl)Cl)NC(=S)NC2=CC=CC3=C2N=CC=C3,MAPK14,salubrinal inhibits the reaction [Cadmium Chloride results in increased phosphorylation of MAPK14 protein],decreases^reaction|increases^phosphorylation,479.818,479.818,478.018862,4.7315,-6.056,5,3,346.89,0.24904,98.14,-0.093821,high,low,high,high,0.56667,0.48457,0.78413,1,30,9,0,9,1,6,3,16,3,3,2,1,0,0,3,0,0,2,0,0,1,1,0,0,0,1,0,0
2-phenyl-4-(3-pyridin-2-yl-1H-pyrazol-4-yl)pyridine,C1=CC=C(C=C1)C2=NC=CC(=C2)C3=C(NN=C3)C4=CC=CC=N4,TGFB1,2-phenyl-4-(3-pyridin-2-yl-1H-pyrazol-4-yl)pyridine results in decreased activity of TGFB1 protein,decreases^activity,298.348,298.348,298.121846,2.802,-3.933,4,1,238.39,0.19674,54.46,3.0902,none,none,none,none,0.56522,0.40019,0.82973,1,23,4,0,4,0,3,4,23,0,4,1,3,0,0,4,0,0,1,0,0,3,0,0,0,0,4,0,0
Triamterene,C1=CC=C(C=C1)C2=NC3=C(N=C(N=C3N=C2N)N)N,TP53,Triamterene affects the activity of TP53 protein,affects^activity,253.268,253.268,253.107593,0.6075,-4.59,7,3,188.22,0.47652,129.62,-1.805,high,high,none,none,0.57895,0.26337,0.82225,1,19,7,0,7,0,1,3,16,0,3,1,2,0,0,3,0,0,1,0,0,2,0,3,0,3,4,2,0
FR 180204,C1=CC=C(C=C1)C2=NN3C=CC=CC3=C2C4=CC5=C(NN=C5N=N4)N,STAT3,"FR 180204 promotes the reaction [1,2,5,8-tetrahydroxy anthraquinone results in decreased phosphorylation of STAT3 protein]",decreases^phosphorylation|increases^reaction,327.35,327.35,327.123243,1.1184,-5.218,7,2,245.76,0.32996,97.78,-0.68095,low,high,none,none,0.44,0.29338,0.92506,1,25,7,0,7,0,2,5,24,0,5,1,4,0,0,5,0,0,1,0,0,4,0,1,0,1,6,0,0
3-(5'-hydroxymethyl-2'-furyl)-1-benzylindazole,C1=CC=C(C=C1)CN2C3=CC=CC=C3C(=N2)C4=CC=C(O4)CO,TP53,3-(5'-hydroxymethyl-2'-furyl)-1-benzylindazole promotes the reaction [Camptothecin results in increased expression of TP53 protein],increases^expression|increases^reaction,304.348,304.348,304.121178,2.8289,-3.71,4,1,238.9,0.18857,51.19,3.6385,none,none,high,none,0.56522,0.39958,0.84479,1,23,4,0,4,0,4,4,20,3,4,2,2,0,0,4,0,0,2,0,0,2,0,0,0,0,2,0,0
Dicumarol,C1=CC=C2C(=C1)C(=C(C(=O)O2)CC3=C(C4=CC=CC=C4OC3=O)O)O,TP53,"Dicumarol inhibits the reaction [2,5-diaziridinyl-3-(hydroxymethyl)-6-methyl-1,4-benzoquinone analog results in increased expression of TP53 protein]",decreases^reaction|increases^expression,336.298,336.298,336.06339,2.588,-3.34,6,2,233.82,0.30913,93.06,0.23903,none,none,low,none,0.52,0.37671,0.89477,1,25,6,0,6,0,2,4,12,5,4,2,2,0,2,2,0,0,2,0,2,0,0,0,0,0,0,0,0
Indirubin E804,C1=CC=C2C(=C1)C(=C(N2)O)C3=NC4=CC=CC=C4C3=NOCCC(CO)O,STAT3,"[6,2',4'-trimethoxyflavone co-treated with Indirubin E804] results in decreased expression of STAT3 mRNA",affects^cotreatment|decreases^expression,365.388,365.388,365.137557,2.734,-4.815,7,4,272.46,0.31678,110.43,-1.6863,none,none,none,high,0.51852,0.34117,0.90168,1,27,7,0,7,1,6,4,15,8,4,2,2,0,1,3,0,0,2,0,1,1,0,0,0,0,1,0,0
indirubin,C1=CC=C2C(=C1)C(=C(N2)O)C3=NC4=CC=CC=C4C3=O,CDK1,indirubin results in decreased expression of CDK1 mRNA,decreases^expression,262.267,262.267,262.074228,2.5427,-4.502,4,2,190.76,0.27071,65.45,1.8559,none,none,none,none,0.5,0.27995,0.87651,1,20,4,0,4,0,1,4,15,1,4,2,2,0,1,3,0,0,2,0,1,1,0,0,0,0,1,0,0
rebamipide,C1=CC=C2C(=C1)C(=CC(=O)N2)CC(C(=O)O)NC(=O)C3=CC=C(C=C3)Cl,MAPK3,rebamipide results in increased phosphorylation of MAPK3 protein,increases^phosphorylation,370.791,370.791,370.072035,1.6962,-3.937,6,3,268.43,0.27992,95.5,-9.7978,none,none,none,none,0.53846,0.48776,0.81997,1,26,7,0,7,1,5,3,12,3,3,2,1,0,1,2,0,0,2,0,1,0,2,0,0,0,0,0,1
HTS 466284,C1=CC=C2C(=C1)C(=CC=N2)C3=C(NN=C3)C4=CC=CC=N4,MAPK1,HTS 466284 inhibits the reaction [sodium arsenite results in increased expression of MAPK1 mRNA],decreases^reaction|increases^expression,272.31,272.31,272.106196,2.3687,-3.656,4,1,213.23,0.21995,54.46,3.0902,none,none,none,none,0.52381,0.33366,0.87179,1,21,4,0,4,0,2,4,21,0,4,1,3,0,0,4,0,0,1,0,0,3,0,0,0,0,4,0,0
bisindolylmaleimide,C1=CC=C2C(=C1)C(=CN2)C3=C(C(=O)NC3=O)C4=CNC5=CC=CC=C54,AKT1,bisindolylmaleimide inhibits the reaction [NTS protein results in increased phosphorylation of and results in increased activity of AKT1 protein],decreases^reaction|increases^activity|increases^phosphorylation,327.342,327.342,327.100777,1.5839,-3.555,5,3,237.74,0.2756,77.75,3.3968,none,none,none,none,0.48,0.32754,0.93067,1,25,5,0,5,0,2,5,18,0,5,2,3,0,1,4,0,0,2,0,1,2,1,0,0,0,2,0,0
zopolrestat,C1=CC=C2C(=C1)C(=NN(C2=O)CC3=NC4=C(S3)C=CC(=C4)C(F)(F)F)CC(=O)O,IL6,"zopolrestat inhibits the reaction [Antigens, Plant results in increased secretion of IL6 protein]",decreases^reaction|increases^secretion,419.382,419.382,419.055146,2.9351,-4.6,6,1,280.92,0.30461,111.1,-2.3584,none,none,none,none,0.48276,0.4223,0.88979,1,29,10,0,10,0,5,4,15,4,4,2,2,0,1,3,0,0,2,0,1,1,0,0,0,0,1,0,1
N'-(3-bromo-4-hydroxybenzylidene)-2-(9-oxo-10(9H)-acridinyl)acetohydrazide,C1=CC=C2C(=C1)C(=O)C3=CC=CC=C3N2CC(=O)NN=CC4=CC(=C(C=C4)O)Br,CCNB1,4-(4-(N-benzoylamino)anilino)-6-methoxy-7-(3-(1-morpholino)propoxy)quinazoline inhibits the reaction [N'-(3-bromo-4-hydroxybenzylidene)-2-(9-oxo-10(9H)-acridinyl)acetohydrazide results in increased expression of CCNB1 protein],decreases^reaction|increases^expression,450.291,450.291,449.037503,4.6874,-7.091,6,2,300.04,0.21897,82,4.4456,none,none,none,none,0.51724,0.394,0.84087,1,29,7,0,7,0,4,4,18,3,4,3,1,0,1,3,0,0,3,0,1,0,0,1,0,1,0,0,0
Phenolsulfonphthalein,C1=CC=C2C(=C1)C(OS2(=O)=O)(C3=CC=C(C=C3)O)C4=CC=C(C=C4)O,AKT1,Phenolsulfonphthalein results in decreased phosphorylation of and results in decreased activity of AKT1 protein,decreases^activity|decreases^phosphorylation,354.381,354.381,354.056195,3.1333,-2.08,5,2,240.97,0.26883,92.21,-1.7178,high,none,none,none,0.44,0.32587,0.8512,1,25,6,0,6,0,2,4,18,5,4,3,1,0,1,3,0,0,3,0,1,0,0,0,0,0,0,0,0
NSC 689534,C1=CC=NC(=C1)CN(CC2=CC=CC=N2)C(=S)NN=CC3=CC=CC=N3,MYC,[NSC 689534 binds to Copper] which results in decreased expression of MYC mRNA,affects^binding|decreases^expression,362.46,362.46,362.131364,2.1455,-2.785,6,1,295.81,0.29556,98.39,4.0195,high,none,high,none,0.53846,0.46478,0.67279,1,26,7,0,7,0,6,3,18,3,3,0,3,0,0,3,0,0,0,0,0,3,0,0,0,0,3,0,0
GW8510,C1=CC=NC(=C1)NS(=O)(=O)C2=CC=C(C=C2)N=CC3=C(NC4=C3C5=C(C=C4)N=CS5)O,CDK2,GW8510 results in decreased activity of CDK2 protein,decreases^activity,449.514,449.514,449.06163,2.6825,-5.202,8,3,316.16,0.38253,156.95,1.9756,high,high,high,none,0.54839,0.36455,0.90851,1,31,10,0,10,0,4,5,24,2,5,2,3,0,0,5,0,0,2,0,0,3,1,0,0,0,3,0,0
Sulfasalazine,C1=CC=NC(=C1)NS(=O)(=O)C2=CC=C(C=C2)N=NC3=CC(=C(C=C3)O)C(=O)O,NFKB1,Sulfasalazine inhibits the reaction [Lipopolysaccharides results in increased activity of NFKB1 protein],decreases^reaction|increases^activity,398.398,398.398,398.068491,2.6508,-4.888,9,3,285.05,0.39737,149.69,-8.1467,high,high,high,none,0.60714,0.44037,0.77373,1,28,10,0,10,0,5,3,18,3,3,2,1,0,0,3,0,0,2,0,0,1,1,0,0,0,1,0,1
"N-(3-chloro-7-indolyl)-1,4-benzenedisulphonamide",C1=CC2=C(C(=C1)NS(=O)(=O)C3=CC=C(C=C3)S(=O)(=O)N)NC=C2Cl,RB1,"N-(3-chloro-7-indolyl)-1,4-benzenedisulphonamide results in decreased phosphorylation of RB1 protein",decreases^phosphorylation,385.851,385.851,384.995774,1.3681,-4.109,7,3,249.75,0.39191,138.88,3.755,high,none,none,none,0.54167,0.45276,0.81435,1,24,10,0,10,0,3,3,15,2,3,2,1,0,0,3,0,0,2,0,0,1,2,0,0,0,1,0,0
NSC668394,C1=CC2=C(C(=O)C(=CC2=O)NCCC3=CC(=C(C(=C3)Br)O)Br)N=C1,MYC,NSC668394 results in increased expression of MYC mRNA,increases^expression,452.101,452.101,449.921465,2.8993,-4.801,5,2,261.08,0.23598,79.29,0.8005,high,none,low,none,0.58333,0.46694,0.84206,1,24,7,0,7,0,4,3,12,3,3,2,1,0,1,2,0,1,1,0,0,1,0,0,0,0,1,0,0
NSC-87877,C1=CC2=C(C=C(C(=C2N=C1)O)N=NC3=CC4=C(C=C3)C=C(C=C4)S(=O)(=O)O)S(=O)(=O)O,STAT3,NSC-87877 inhibits the reaction [tubocapsenolide A results in decreased phosphorylation of STAT3 protein],decreases^phosphorylation|decreases^reaction,459.458,459.458,459.019492,0.5679,-3.336,10,3,300.21,0.43453,183.34,-7.6538,low,high,high,high,0.51613,0.33906,0.8988,1,31,12,0,12,0,4,4,20,5,4,3,1,0,0,4,0,0,3,0,0,1,0,0,0,0,1,0,2
Fluorescein-5-isothiocyanate,C1=CC2=C(C=C1N=C=S)C(=O)OC23C4=C(C=C(C=C4)O)OC5=C3C=CC(=C5)O,MAPK3,Fluorescein-5-isothiocyanate inhibits the reaction [Dinitrofluorobenzene results in increased phosphorylation of MAPK3 protein],decreases^reaction|increases^phosphorylation,389.386,389.386,389.035794,4.9759,-4.94,6,2,271.92,0.36316,120.44,-10.78,high,high,high,none,0.46429,0.10689,0.94342,1,28,7,0,7,0,1,5,18,6,5,3,2,0,2,3,0,0,3,0,2,0,0,0,0,0,0,0,0
sparstolonin B,C1=CC2=C(C=C1O)C3=COC(=C4C3=C(O2)C=CC4=O)O,CDK1,sparstolonin B results in decreased expression of CDK1 mRNA,decreases^expression,268.224,268.224,268.037175,1.3004,-3.733,5,2,180.26,0.32864,75.99,0.8745,none,none,none,none,0.45,0.13352,0.93729,1,20,5,0,5,0,0,4,6,4,4,2,2,0,3,1,0,1,1,0,2,0,0,0,0,0,0,0,0
Coumestrol,C1=CC2=C(C=C1O)OC3=C2C(=O)OC4=C3C=CC(=C4)O,MYC,[Coumestrol co-treated with ESR1 protein] results in increased expression of MYC mRNA,affects^cotreatment|increases^expression,268.224,268.224,268.037175,2.8407,-4.345,5,2,184.26,0.34381,79.9,-0.4041,high,none,high,none,0.55,0.012597,0.90677,1,20,5,0,5,0,0,4,15,3,4,2,2,0,1,3,0,0,2,0,1,1,0,0,0,0,0,0,0
GW 506033X,C1=CC2=C(C3=C1NC(=O)C3=CC4=CN=CN4)SC=N2,FOS,GW 506033X inhibits the reaction [Lipopolysaccharides promotes the reaction [TNFSF11 protein results in increased expression of FOS protein]],decreases^reaction|increases^expression|increases^reaction,268.3,268.3,268.041881,0.4343,-2.435,5,2,191.07,0.42283,98.91,3.7005,none,none,none,none,0.47368,0.15612,0.89906,1,19,6,0,6,0,1,4,14,0,4,1,3,1,1,3,0,0,1,1,1,2,1,0,0,0,3,1,0
selinexor,C1=CN=C(C=N1)NNC(=O)C=CN2C=NC(=N2)C3=CC(=CC(=C3)C(F)(F)F)C(F)(F)F,TP53,[INCB057643 co-treated with selinexor] results in increased expression of TP53 protein,affects^cotreatment|increases^expression,443.31,443.31,443.092926,2.572,-4.583,8,2,303.11,0.28607,97.62,-4.5155,none,none,low,none,0.54839,0.45396,0.81905,1,31,14,0,14,0,7,3,17,2,3,1,2,0,0,3,0,0,1,0,0,2,0,0,0,0,5,0,0
3-deazaneplanocin,C1=CN=C(C2=C1N(C=N2)C3C=C(C(C3O)O)CO)N,MYC,[3-deazaneplanocin co-treated with trichostatin A] affects the expression of MYC protein,affects^cotreatment|affects^expression,262.268,262.268,262.106591,-0.8991,-0.433,7,4,184.62,0.45163,117.42,1.7618,none,none,none,none,0.52632,0.2269,0.85046,1,19,7,0,7,3,2,3,9,7,3,1,2,0,1,2,0,1,0,0,0,2,0,1,0,1,3,2,0
Catechin,C1C(C(OC2=CC(=CC(=C21)O)O)C3=CC(=C(C=C3)O)O)O,TP53,Catechin results in increased expression of TP53 mRNA,increases^expression,290.27,290.27,290.07904,1.5087,-1.764,6,5,200.03,0.37744,110.38,0.31525,none,none,none,none,0.52381,0.27965,0.8227,1,21,6,0,6,2,1,3,12,9,3,2,1,0,1,2,0,0,2,0,1,0,0,0,0,0,0,0,0
eriodictyol,C1C(OC2=CC(=CC(=C2C1=O)O)O)C3=CC(=C(C=C3)O)O,CCND1,eriodictyol inhibits the reaction [Tetradecanoylphorbol Acetate results in increased expression of CCND1 mRNA],decreases^reaction|increases^expression,288.254,288.254,288.06339,1.81,-2.344,6,4,198.93,0.37923,107.22,-0.22006,none,none,none,none,0.52381,0.27849,0.81719,1,21,6,0,6,1,1,3,12,7,3,2,1,0,1,2,0,0,2,0,1,0,0,0,0,0,0,0,0
brazilein,C1C2=CC(=C(C=C2C3=C4C=CC(=O)C=C4OCC31O)O)O,CCND1,brazilein results in decreased expression of CCND1 mRNA,decreases^expression,284.266,284.266,284.068475,0.6189,-1.811,5,3,191.62,0.32533,86.99,2.441,none,none,high,none,0.52381,0.15798,0.93689,1,21,5,0,5,1,0,4,6,7,4,3,1,0,3,1,0,2,1,0,1,0,0,0,0,0,0,0,0
tetracycline CMT-3,C1C2CC3=C(C(=CC=C3)O)C(=C2C(=O)C4(C1CC(=O)C(=C4O)C(=O)N)O)O,AKT1,[Celecoxib co-treated with tetracycline CMT-3] results in decreased phosphorylation of AKT1 protein,affects^cotreatment|decreases^phosphorylation,371.344,371.344,371.100504,-0.2949,-2.168,8,5,242.46,0.44044,158.15,2.5046,none,none,high,none,0.44444,0.28465,0.99782,1,27,8,0,8,3,1,4,6,10,4,4,0,1,3,1,1,3,1,0,0,0,1,0,0,0,0,0,0
pomalidomide,C1CC(=O)NC(=O)C1N2C(=O)C3=C(C2=O)C(=CC=C3)N,FOXO1,afuresertib affects the reaction [[pomalidomide co-treated with Dexamethasone] affects the phosphorylation of FOXO1 protein],affects^cotreatment|affects^phosphorylation|affects^reaction,273.247,273.247,273.074957,-0.5679,-2.214,7,2,187.56,0.43954,109.57,4.2847,high,none,low,none,0.5,0.27231,0.83887,1,20,7,0,7,1,1,3,6,3,3,1,2,1,2,1,0,0,1,1,2,0,2,1,0,1,0,0,0
MK 2206,C1CC(C1)(C2=CC=C(C=C2)C3=C(C=C4C(=N3)C=CN5C4=NNC5=O)C6=CC=CC=C6)N,CCND1,MK 2206 inhibits the reaction [cyanoginosin LR results in increased expression of CCND1 protein],decreases^reaction|increases^expression,407.476,407.476,407.17461,3.8716,-7.24,6,2,300.23,0.21917,83.61,2.4505,none,none,none,none,0.48387,0.3186,0.92982,1,31,6,0,6,0,3,6,18,5,6,3,3,1,3,3,1,1,2,0,2,1,1,1,1,0,1,1,0
Miransertib,C1CC(C1)(C2=CC=C(C=C2)N3C4=C(C=CC(=N4)C5=CC=CC=C5)N=C3C6=C(N=CC=C6)N)N,AKT1,AKT activator SC79 inhibits the reaction [[Miransertib co-treated with FASLG protein] results in decreased phosphorylation of AKT1 protein],affects^cotreatment|decreases^phosphorylation|decreases^reaction,432.53,432.53,432.206244,4.1126,-9.696,6,2,327.85,0.21449,95.64,-0.39442,none,none,none,none,0.45455,0.31732,0.92681,1,33,6,0,6,0,4,6,27,5,6,3,3,1,1,5,1,1,2,0,0,3,0,2,1,1,4,1,0
olaparib,C1CC1C(=O)N2CCN(CC2)C(=O)C3=C(C=CC(=C3)CC4=NNC(=O)C5=CC=CC=C54)F,TP53,[Fluorouracil co-treated with olaparib] results in increased expression of TP53 protein,affects^cotreatment|increases^expression,434.47,434.47,434.175419,3.1669,-4.454,7,1,315.97,0.21898,82.08,8.3247,none,none,none,none,0.53125,0.48054,0.86725,1,32,8,0,8,0,4,5,12,8,5,3,2,2,3,2,1,1,2,1,2,0,2,0,0,0,0,0,0
capsazepine,C1CC2=CC(=C(C=C2CN(C1)C(=S)NCCC3=CC=C(C=C3)Cl)O)O,AKT1,capsazepine inhibits the reaction [Capsaicin results in increased phosphorylation of AKT1 protein],decreases^reaction|increases^phosphorylation,376.907,376.907,376.101225,3.6655,-3.873,4,3,284.67,0.24312,87.82,1.1299,none,none,none,none,0.64,0.53722,0.78235,1,25,6,0,6,0,3,3,12,9,3,2,1,0,1,2,0,0,2,0,1,0,0,0,0,0,0,0,0
ruxolitinib,C1CCC(C1)C(CC#N)N2C=C(C=N2)C3=C4C=CNC4=NC=N3,TP53,[ruxolitinib co-treated with Arsenic Trioxide] results in increased expression of TP53 mRNA,affects^cotreatment|increases^expression,306.372,306.372,306.159294,1.6767,-3.921,6,1,244.68,0.27518,83.18,-5.579,none,none,none,none,0.47826,0.39832,0.85592,1,23,6,0,6,1,4,4,14,7,4,1,3,1,1,3,1,1,0,0,0,3,0,0,0,0,5,0,0
SRT2183,C1CN(CC1O)CC2=CSC3=NC(=CN23)C4=CC=CC=C4NC(=O)C5=CC6=CC=CC=C6C=C5,TP53,[Panobinostat co-treated with SRT2183] results in increased acetylation of TP53 protein,affects^cotreatment|increases^acetylation,468.58,468.58,468.161996,4.4407,-5.088,6,2,347.23,0.23163,98.11,5.6637,none,none,none,none,0.55882,0.36919,0.88521,1,34,7,0,7,1,5,6,24,7,6,3,3,1,1,5,0,0,3,1,1,2,1,1,1,0,2,2,0
capivasertib,C1CN(CCC1(C(=O)NC(CCO)C2=CC=C(C=C2)Cl)N)C3=NC=NC4=C3C=CN4,AKT1,capivasertib results in increased phosphorylation of AKT1 protein,increases^phosphorylation,428.923,428.923,428.172751,1.1671,-4.645,8,4,316.48,0.2918,120.16,5.9489,none,none,none,none,0.53333,0.36829,0.86492,1,30,9,0,9,1,6,4,15,10,4,1,3,1,1,3,0,0,1,1,1,2,1,2,1,1,3,1,0
4-(4-(3-(pyridin-2-yl)-1H-pyrazol-4-yl)pyridin-2-yl)-N-(tetrahydro-2H-pyran-4-yl)benzamide,C1COCCC1NC(=O)C2=CC=C(C=C2)C3=NC=CC(=C3)C4=C(NN=C4)C5=CC=CC=N5,SMAD2,4-(4-(3-(pyridin-2-yl)-1H-pyrazol-4-yl)pyridin-2-yl)-N-(tetrahydro-2H-pyran-4-yl)benzamide inhibits the reaction [ochratoxin A results in increased expression of SMAD2 mRNA],decreases^reaction|increases^expression,425.491,425.491,425.185175,2.6325,-4.623,7,2,331.64,0.24545,92.79,0.88006,none,none,none,none,0.59375,0.42418,0.87019,1,32,7,0,7,0,5,5,23,6,5,1,4,1,1,4,0,0,1,1,1,3,1,0,0,0,4,0,0
N-(cyanomethyl)-4-(2-((4-(4-morpholinyl)phenyl)amino)-4-pyrimidinyl)benzamide,C1COCCN1C2=CC=C(C=C2)NC3=NC=CC(=N3)C4=CC=C(C=C4)C(=O)NCC#N,CCND1,N-(cyanomethyl)-4-(2-((4-(4-morpholinyl)phenyl)amino)-4-pyrimidinyl)benzamide results in decreased expression of CCND1 protein,decreases^expression,414.468,414.468,414.180424,2.5062,-4.795,8,2,328.28,0.25896,103.17,-1.8738,high,high,none,none,0.67742,0.49414,0.77872,1,31,8,0,8,0,6,4,18,6,4,2,2,1,1,3,0,0,2,1,1,1,1,2,0,2,2,0,0
PI103,C1COCCN1C2=NC(=NC3=C2OC4=C3C=CC=N4)C5=CC(=CC=C5)O,TP53,PI103 inhibits the reaction [Doxorubicin results in increased expression of TP53 protein],decreases^reaction|increases^expression,348.361,348.361,348.122241,2.5871,-5.694,7,1,256.38,0.28735,84.51,1.1336,none,none,none,none,0.42308,0.27913,0.93194,1,26,7,0,7,0,2,5,19,6,5,1,4,1,1,4,0,0,1,1,1,3,0,1,0,1,3,0,0
"4-(5-benzo(1,3)dioxol-5-yl-4-pyridin-2-yl-1H-imidazol-2-yl)benzamide",C1OC2=C(O1)C=C(C=C2)C3=C(NC(=N3)C4=CC=C(C=C4)C(=O)N)C5=CC=CC=N5,MYC,"[NOG protein co-treated with trichostatin A co-treated with dorsomorphin co-treated with 4-(5-benzo(1,3)dioxol-5-yl-4-pyridin-2-yl-1H-imidazol-2-yl)benzamide] results in decreased expression of MYC mRNA",affects^cotreatment|decreases^expression,384.394,384.394,384.122241,3.252,-5.829,7,2,286.16,0.29438,103.12,1.3792,none,none,none,none,0.48276,0.3416,0.89147,1,29,7,0,7,0,4,5,23,3,5,2,3,0,1,4,0,0,2,0,1,2,1,0,0,0,3,0,0
acalabrutinib,CC#CC(=O)N1CCCC1C2=NC(=C3N2C=CN=C3N)C4=CC=C(C=C4)C(=O)NC5=CC=CC=N5,IL6,acalabrutinib results in decreased expression of IL6 protein,decreases^expression,465.516,465.516,465.191323,2.6784,-7.187,9,2,362.43,0.26824,118.51,0.27903,none,none,none,none,0.54286,0.32311,0.94206,1,35,9,0,9,1,4,5,21,5,5,1,4,1,1,4,0,0,1,1,1,3,2,1,0,1,4,2,0
Rotenone,CC(=C)C1CC2=C(O1)C=CC3=C2OC4COC5=CC(=C(C=C5C4C3=O)OC)OC,TP53,GAPDH protein polymorphism promotes the reaction [Rotenone results in increased expression of TP53 protein],increases^expression|increases^reaction,394.422,394.422,394.14164,4.5323,-5.023,6,0,284.82,0.22133,63.22,-13.554,none,none,high,none,0.51724,0.17373,0.97949,1,29,6,0,6,3,3,5,12,13,5,2,3,0,3,2,0,0,2,0,3,0,0,0,0,0,0,0,0
auriculasin,CC(=CCC1=C2C(=C(C3=C1OC=C(C3=O)C4=CC(=C(C=C4)O)O)O)C=CC(O2)(C)C)C,TP53,TNFRSF10B protein affects the reaction [[TNFSF10 protein co-treated with auriculasin] results in increased expression of TP53 protein],affects^cotreatment|affects^reaction|increases^expression,420.46,420.46,420.15729,4.6764,-4.925,6,3,311.95,0.2319,96.22,-1.41,none,none,high,none,0.45161,0.313,0.9493,1,31,6,0,6,0,3,4,12,11,4,2,2,0,2,2,0,0,2,0,2,0,0,0,0,0,0,0,0
pomiferin,CC(=CCC1=C2C(=C3C(=C1O)C(=O)C(=CO3)C4=CC(=C(C=C4)O)O)C=CC(O2)(C)C)C,TXN,pomiferin results in increased expression of TXN mRNA,increases^expression,420.46,420.46,420.15729,4.6764,-4.925,6,3,311.95,0.2319,96.22,-1.41,none,none,none,none,0.45161,0.313,0.9493,1,31,6,0,6,0,3,4,12,11,4,2,2,0,2,2,0,0,2,0,2,0,0,0,0,0,0,0,0
SP2509,CC(=NNC(=O)C1=CC(=CC=C1)S(=O)(=O)N2CCOCC2)C3=C(C=CC(=C3)Cl)O,CCNA2,SP2509 results in decreased expression of CCNA2 mRNA,decreases^expression,437.903,437.903,437.081219,2.4426,-3.727,8,2,309.65,0.29466,116.68,0.12142,none,none,none,none,0.55172,0.44757,0.80446,1,29,10,0,10,0,4,3,12,8,3,2,1,1,1,2,0,0,2,1,1,0,1,0,0,0,0,0,0
"N-acetylglucosaminono-1,5-lactone O-(phenylcarbamoyl)oxime",CC(=O)NC1C(C(C(OC1=NOC(=O)NC2=CC=CC=C2)CO)O)O,MAP2K1,"[N-acetylglucosaminono-1,5-lactone O-(phenylcarbamoyl)oxime co-treated with 2-(1H-indazol-4-yl)-6-(4-methanesulfonylpiperazin-1-ylmethyl)-4-morpholin-4-ylthieno(3,2-d)pyrimidine] results in decreased phosphorylation of MAP2K1 protein",affects^cotreatment|decreases^phosphorylation,353.33,353.33,353.122302,-0.507,-2.538,10,5,256.22,0.46761,149.71,-9.0137,high,low,high,none,0.52,0.42885,0.8075,1,25,10,0,10,4,5,2,6,11,2,1,1,1,1,1,0,0,1,1,1,0,2,0,0,0,0,0,0
Colchicine,CC(=O)NC1CCC2=CC(=C(C(=C2C3=CC=C(C(=O)C=C13)OC)OC)OC)OC,TP53,TP53 protein affects the reaction [Colchicine results in increased phosphorylation of JUN protein],affects^reaction|increases^phosphorylation,399.442,399.442,399.168189,1.863,-3.046,7,1,308.67,0.25121,83.09,1.024,none,none,high,none,0.41379,0.28152,0.96072,1,29,7,0,7,1,5,3,6,12,3,3,0,1,2,1,1,2,1,0,0,0,1,0,0,0,0,0,0
bisoxatin acetate,CC(=O)OC1=CC=C(C=C1)C2(C(=O)NC3=CC=CC=C3O2)C4=CC=C(C=C4)OC(=O)C,TP53,bisoxatin acetate affects the activity of TP53 protein,affects^activity,417.416,417.416,417.121239,3.2815,-4.805,7,1,308.92,0.26084,90.93,2.1295,none,high,high,none,0.48387,0.39034,0.83313,1,31,7,0,7,0,6,4,18,6,4,3,1,0,1,3,0,0,3,0,1,0,1,0,0,0,0,0,0
nitazoxanide,CC(=O)OC1=CC=CC=C1C(=O)NC2=NC=C(S2)[N+](=O)[O-],STAT3,nitazoxanide results in decreased phosphorylation of STAT3 protein,decreases^phosphorylation,307.285,307.285,307.026292,1.6871,-3.771,8,1,220.61,0.4954,142.35,-3.7799,none,none,none,none,0.57143,0.40911,0.7473,1,21,9,0,9,0,5,2,11,3,2,1,1,0,0,2,0,0,1,0,0,1,1,0,0,0,1,0,0
cinobufotalin,CC(=O)OC1C(C2(CCC3C(C24C1O4)CCC5(C3(CCC(C5)O)C)O)C)C6=COC(=O)C=C6,JUN,cinobufotalin results in decreased expression of JUN protein,decreases^expression,458.549,458.549,458.230455,1.5083,-4.405,7,2,319.3,0.28165,105.59,-0.50771,none,none,none,none,0.45455,0.30605,1.0252,1,33,7,0,7,10,3,6,0,25,7,4,3,6,7,0,4,4,0,2,3,0,0,0,0,0,0,0,0
Colforsin,CC(=O)OC1C(C2C(CCC(C2(C3(C1(OC(CC3=O)(C)C=C)C)O)C)O)(C)C)O,TP53,Colforsin results in increased expression of TP53 protein,increases^expression,410.505,410.505,410.230455,1.3206,-3.105,7,3,288.98,0.29545,113.29,-4.6773,none,high,none,low,0.34483,0.41256,1.024,1,29,7,0,7,8,3,3,0,23,3,2,1,3,3,0,2,2,0,1,1,0,0,0,0,0,0,0,0
Wortmannin,CC(=O)OC1CC2(C(CCC2=O)C3=C1C4(C(OC(=O)C5=COC(=C54)C3=O)COC)C)C,TP53,Wortmannin inhibits the reaction [2-chloroethyl ethyl sulfide results in increased phosphorylation of TP53 protein],decreases^reaction|increases^phosphorylation,428.436,428.436,428.14712,1.6247,-4.376,8,0,295.27,0.32604,109.11,0.96941,none,none,none,none,0.35484,0.26975,1.0714,1,31,8,0,8,5,4,5,5,16,5,3,2,2,4,1,1,3,0,1,1,1,0,0,0,0,0,0,0
gedunin,CC(=O)OC1CC2C(C(=O)C=CC2(C3C1(C45C(O4)C(=O)OC(C5(CC3)C)C6=COC=C6)C)C)(C)C,CDK2,gedunin results in decreased expression of CDK2 mRNA,decreases^expression,482.571,482.571,482.230455,2.8838,-4.768,7,0,342.24,0.26554,95.34,-1.1533,none,none,none,none,0.37143,0.33773,1.0855,1,35,7,0,7,9,3,6,5,22,7,3,4,5,6,1,2,3,0,3,3,1,0,0,0,0,0,0,0
Cephalothin,CC(=O)OCC1=C(N2C(C(C2=O)NC(=O)CC3=CC=CS3)SC1)C(=O)O,TP53,Cephalothin results in increased expression of TP53 protein,increases^expression,396.443,396.443,396.044978,0.5912,-2.068,8,2,270.26,0.47406,166.55,12.148,none,none,none,none,0.57692,0.46091,0.91217,1,26,10,0,10,2,7,3,5,9,3,0,3,1,2,1,0,0,0,1,2,1,2,0,0,0,0,0,1
crenigacestat,CC(C(=O)NC1C2=CC=CC=C2C3=C(N=CC=C3)N(C1=O)CCO)NC(=O)CCC(F)(F)F,TP53,crenigacestat inhibits the reaction [Homoharringtonine results in increased expression of TP53 protein],decreases^reaction|increases^expression,464.443,464.443,464.16714,1.737,-4.743,8,3,332.86,0.26936,111.63,-7.7575,none,none,none,none,0.45455,0.44699,0.93194,1,33,11,0,11,2,8,3,12,9,3,1,2,0,1,2,0,0,1,0,1,1,3,0,0,0,1,0,0
darbufelone,CC(C)(C)C1=CC(=CC(=C1O)C(C)(C)C)C=C2C(=O)NC(=N)S2,CDKN1B,darbufelone results in increased expression of CDKN1B mRNA,increases^expression,332.467,332.467,332.155848,3.9085,-4.353,4,3,252.21,0.28028,98.48,0.14493,none,none,none,none,0.43478,0.43475,0.73864,1,23,5,0,5,0,3,2,6,10,2,1,1,1,1,1,0,0,1,1,1,0,1,0,0,0,0,0,0
brassinolide,CC(C)C(C)C(C(C(C)C1CCC2C1(CCC3C2COC(=O)C4C3(CC(C(C4)O)O)C)C)O)O,TP53,brassinolide results in increased expression of TP53 protein,increases^expression,480.683,480.683,480.34509,3.2214,-4.829,6,4,353.35,0.2135,107.22,-0.87999,none,none,none,none,0.47059,0.52143,0.93749,1,34,6,0,6,13,5,4,0,32,4,3,1,4,4,0,3,3,0,1,1,0,0,0,0,0,0,0,0
STA 9090,CC(C)C1=C(C=C(C(=C1)C2=NNC(=O)N2C3=CC4=C(C=C3)N(C=C4)C)O)O,MYC,STA 9090 results in decreased expression of MYC protein,decreases^expression,364.404,364.404,364.153541,3.4394,-4.722,7,3,267.78,0.27123,90.09,3.9545,none,none,none,none,0.48148,0.39103,0.88608,1,27,7,0,7,0,3,4,15,6,4,2,2,0,1,3,0,0,2,0,1,1,1,0,0,0,1,0,0
trichodesmine,CC(C)C1C(=O)OC2CCN3C2C(=CC3)COC(=O)C(C1(C)O)(C)O,H2AX,trichodesmine results in increased expression of H2AX protein,increases^expression,353.413,353.413,353.183839,0.5349,-1.433,7,2,251.11,0.30198,96.3,6.0667,high,none,none,none,0.36,0.3013,0.91096,1,25,7,0,7,5,1,3,0,19,2,0,2,1,2,0,0,0,0,1,2,0,0,1,1,0,0,1,0
StemRegenin 1,CC(C)N1C=NC2=C(N=C(N=C21)C3=CSC4=CC=CC=C43)NCCC5=CC=C(C=C5)O,IL6,StemRegenin 1 results in increased activity of [KITL protein co-treated with THPO protein co-treated with FLT3LG protein co-treated with IL6 protein],affects^cotreatment|increases^activity,429.547,429.547,429.16233,4.838,-6.359,6,2,325.75,0.26002,104.1,2.7324,none,none,none,none,0.51613,0.33495,0.87211,1,31,7,0,7,0,6,5,24,6,5,2,3,0,0,5,0,0,2,0,0,3,0,1,0,1,4,1,0
sapanisertib,CC(C)N1C2=NC=NC(=C2C(=N1)C3=CC4=C(C=C3)OC(=N4)N)N,MYC,sapanisertib results in decreased expression of MYC protein,decreases^expression,309.332,309.332,309.133808,1.6302,-5.216,8,2,230.21,0.4144,121.67,2.3363,none,none,none,none,0.47826,0.29747,0.8878,1,23,8,0,8,0,2,4,18,3,4,1,3,0,0,4,0,0,1,0,0,3,0,2,0,2,5,1,0
PP242,CC(C)N1C2=NC=NC(=C2C(=N1)C3=CC4=C(N3)C=CC(=C4)O)N,MTOR,PP242 results in decreased activity of MTOR protein,decreases^activity,308.344,308.344,308.138559,1.7109,-3.945,7,3,229.16,0.35844,105.64,3.3452,none,none,none,none,0.47826,0.26478,0.89932,1,23,7,0,7,0,2,4,18,4,4,1,3,0,0,4,0,0,1,0,0,3,0,1,0,1,5,0,0
"5-chloro-N2-(1-(5-fluoropyridin-2-yl)ethyl)-N4-(5-isopropoxy-1H-pyrazol-3-yl)pyrimidine-2,4-diamine",CC(C)OC1=NNC(=C1)NC2=NC(=NC=C2Cl)NC(C)C3=NC=C(C=C3)F,MAPK1,"5-chloro-N2-(1-(5-fluoropyridin-2-yl)ethyl)-N4-(5-isopropoxy-1H-pyrazol-3-yl)pyrimidine-2,4-diamine results in decreased phosphorylation of MAPK1 protein",decreases^phosphorylation,391.837,391.837,391.132363,2.7514,-5.038,8,3,293.86,0.30896,100.64,1.3484,none,none,none,none,0.62963,0.36049,0.79328,1,27,10,0,10,1,7,3,17,6,3,0,3,0,0,3,0,0,0,0,0,3,0,2,0,2,5,2,0
Crizotinib,CC(C1=C(C=CC(=C1Cl)F)Cl)OC2=C(N=CC(=C2)C3=CN(N=C3)C4CCNCC4)N,AKT1,Crizotinib results in decreased phosphorylation of AKT1 protein,decreases^phosphorylation,450.344,450.344,449.118542,3.5382,-5.264,6,2,325.47,0.20137,77.99,3.1708,none,none,none,none,0.53333,0.32611,0.86954,1,30,9,0,9,1,5,4,17,9,4,1,3,1,1,3,0,0,1,1,1,2,0,2,1,1,3,2,0
103D5R,CC(C1=C(C2=C(C=C1)OC(C=C2)(C)C)OC)N3C=NC4=C3C=CC=N4,AKT1,103D5R results in decreased phosphorylation of AKT1 protein,decreases^phosphorylation,335.406,335.406,335.163377,4.0763,-5.486,5,0,259.29,0.18824,49.17,0.27496,none,none,none,none,0.52,0.37973,0.8972,1,25,5,0,5,1,3,4,15,8,4,1,3,0,1,3,0,0,1,0,1,2,0,0,0,0,3,1,0
PKI 166,CC(C1=CC=CC=C1)NC2=NC=NC3=C2C=C(N3)C4=CC=C(C=C4)O,CCND1,[PKI 166 co-treated with PD 173074] results in decreased expression of CCND1 protein,affects^cotreatment|decreases^expression,330.39,330.39,330.148061,3.5264,-5.443,5,3,257.04,0.23533,73.83,1.819,none,none,none,none,0.6,0.29955,0.83016,1,25,5,0,5,1,4,4,21,3,4,2,2,0,0,4,0,0,2,0,0,2,0,1,0,1,3,0,0
maxacalcitol,CC(C1CCC2C1(CCCC2=CC=C3CC(CC(C3=C)O)O)C)OCCC(C)(C)O,RB1,maxacalcitol results in decreased phosphorylation of RB1 protein,decreases^phosphorylation,418.615,418.615,418.30831,4.6499,-4.475,4,3,330.42,0.1492,69.92,-4.767,none,none,none,none,0.53333,0.43125,0.8444,1,30,4,0,4,6,6,3,0,24,3,3,0,3,3,0,3,3,0,0,0,0,0,0,0,0,0,0,0
bicalutamide,CC(CS(=O)(=O)C1=CC=C(C=C1)F)(C(=O)NC2=CC(=C(C=C2)C#N)C(F)(F)F)O,TP53,bicalutamide inhibits the reaction [bisphenol A results in increased phosphorylation of TP53 protein],decreases^reaction|increases^phosphorylation,430.377,430.377,430.06104,2.1426,-5.084,6,2,291.11,0.27392,115.64,-11.827,none,none,low,none,0.55172,0.56564,0.79764,1,29,11,0,11,1,6,2,12,6,2,2,0,0,0,2,0,0,2,0,0,0,1,0,0,0,0,0,0
praeruptorin A,CC=C(C)C(=O)OC1C(C2=C(C=CC3=C2OC(=O)C=C3)OC1(C)C)OC(=O)C,MAPK3,praeruptorin A results in increased phosphorylation of MAPK3 protein,increases^phosphorylation,386.399,386.399,386.136555,3.342,-3.803,7,0,287.43,0.27527,88.13,-6.0512,none,none,none,high,0.42857,0.34952,0.9576,1,28,7,0,7,2,5,3,6,12,3,1,2,0,2,1,0,0,1,0,2,0,0,0,0,0,0,0,0
leptocarpin,CC=C(C)C(=O)OC1CC2(C(O2)CC(C(=CC3C1C(=C)C(=O)O3)C)O)C,RELA,leptocarpin inhibits the reaction [TNF protein results in increased activity of RELA protein],decreases^reaction|increases^activity,362.42,362.42,362.17294,2.4565,-3.016,6,1,274.14,0.28026,85.36,-7.5517,none,none,none,high,0.46154,0.32288,0.90219,1,26,6,0,6,6,3,3,0,16,2,0,2,2,2,0,0,0,0,2,2,0,0,0,0,0,0,0,0
seneciphylline,CC=C1CC(=C)C(C(=O)OCC2=CCN3C2C(CC3)OC1=O)(C)O,H2AX,seneciphylline results in increased expression of H2AX protein,increases^expression,333.383,333.383,333.157624,1.969,-1.632,6,1,246.05,0.25495,76.07,1.5605,high,none,none,high,0.375,0.26015,0.8598,1,24,6,0,6,3,0,3,0,14,2,0,2,1,2,0,0,0,0,1,2,0,0,1,1,0,0,1,0
riddelliine,CC=C1CC(=C)C(C(=O)OCC2=CCN3C2C(CC3)OC1=O)(CO)O,CDK1,[CYP3A4 protein results in increased metabolism of riddelliine] which results in decreased expression of CDK1 mRNA,decreases^expression|increases^metabolic processing,349.382,349.382,349.152539,1.0423,-1.125,7,2,253.9,0.29866,96.3,0.70099,high,none,none,high,0.4,0.29234,0.86692,1,25,7,0,7,3,1,3,0,15,2,0,2,1,2,0,0,0,0,1,2,0,0,1,1,0,0,1,0
senkirkine,CC=C1CC(C(C(=O)OCC2=CCN(CCC(C2=O)OC1=O)C)(C)O)C,H2AX,senkirkine results in increased expression of H2AX protein,increases^expression,365.424,365.424,365.183839,1.5198,-1.427,7,1,279.07,0.27151,93.14,7.503,low,none,none,high,0.42308,0.37839,0.82626,1,26,7,0,7,3,0,2,0,16,0,0,0,0,0,0,0,0,0,0,0,0,0,1,1,0,0,1,0
senecionine,CC=C1CC(C(C(=O)OCC2=CCN3C2C(CC3)OC1=O)(C)O)C,TP53,senecionine results in increased expression of TP53 mRNA,increases^expression,335.399,335.399,335.173274,1.7664,-1.729,6,1,248.06,0.25288,76.07,5.942,high,none,none,high,0.375,0.25837,0.8577,1,24,6,0,6,4,0,3,0,16,2,0,2,1,2,0,0,0,0,1,2,0,0,1,1,0,0,1,0
retrorsine,CC=C1CC(C(C(=O)OCC2=CCN3C2C(CC3)OC1=O)(CO)O)C,H2AX,retrorsine results in increased expression of H2AX protein,increases^expression,351.398,351.398,351.168189,0.8397,-1.222,7,2,255.91,0.29632,96.3,4.9272,high,none,none,high,0.4,0.29071,0.86492,1,25,7,0,7,4,1,3,0,17,2,0,2,1,2,0,0,0,0,1,2,0,0,1,1,0,0,1,0
enzalutamide,CC1(C(=O)N(C(=S)N1C2=CC(=C(C=C2)C(=O)NC)F)C3=CC(=C(C=C3)C#N)C(F)(F)F)C,MYC,enzalutamide affects the expression of MYC mRNA,affects^expression,464.442,464.442,464.093008,3.5872,-6.165,6,1,324.5,0.26564,108.53,-7.4989,none,none,none,none,0.5,0.4724,0.88404,1,32,11,0,11,0,4,3,12,6,3,2,1,1,1,2,0,0,2,1,1,0,2,0,0,0,0,0,0
INCB057643,CC1(C(=O)N(C2=CC(=CC(=C2O1)C3=CN(C(=O)C4=C3C=CN4)C)S(=O)(=O)C)C)C,TP53,[INCB057643 co-treated with selinexor] results in increased expression of TP53 protein,affects^cotreatment|increases^expression,415.469,415.469,415.120192,0.5127,-3.534,8,1,286.69,0.2991,108.16,3.6174,none,none,none,high,0.37931,0.30285,0.98291,1,29,9,0,9,0,2,4,11,8,4,1,3,0,2,2,0,0,1,0,2,1,2,0,0,0,1,0,0
4'-O-methylalpinumisoflavone,CC1(C=CC2=C(O1)C=C3C(=C2O)C(=O)C(=CO3)C4=CC=C(C=C4)OC)C,CDKN1A,4'-O-methylalpinumisoflavone inhibits the reaction [Oxygen deficiency results in increased expression of CDKN1A mRNA],decreases^reaction|increases^expression,350.369,350.369,350.115425,3.2753,-4.596,5,1,258.52,0.21716,64.99,-1.1141,none,none,high,none,0.57692,0.29614,0.89639,1,26,5,0,5,0,2,4,12,8,4,2,2,0,2,2,0,0,2,0,2,0,0,0,0,0,0,0,0
tephrosin,CC1(C=CC2=C(O1)C=CC3=C2OC4COC5=CC(=C(C=C5C4(C3=O)O)OC)OC)C,AKT1,tephrosin inhibits the reaction [EGF protein affects the phosphorylation of AKT1 protein],affects^phosphorylation|decreases^reaction,410.421,410.421,410.136555,3.1208,-4.702,7,1,289.24,0.26324,83.45,-0.5243,none,none,high,none,0.5,0.19961,1.0047,1,30,7,0,7,2,2,5,12,14,5,2,3,0,3,2,0,0,2,0,3,0,0,0,0,0,0,0,0
obacunone,CC1(C2CC(=O)C3(C(C2(C=CC(=O)O1)C)CCC4(C35C(O5)C(=O)OC4C6=COC=C6)C)C)C,TP53,obacunone results in increased expression of TP53 protein,increases^expression,454.517,454.517,454.199155,1.885,-4.27,7,0,317.48,0.28625,95.34,-5.7987,none,none,none,none,0.39394,0.31995,1.0777,1,33,7,0,7,8,1,6,5,20,7,2,5,5,6,1,2,2,0,3,4,1,0,0,0,0,0,0,0
SNX 2112,CC1(CC2=C(C(=O)C1)C(=NN2C3=CC(=C(C=C3)C(=O)N)NC4CCC(CC4)O)C(F)(F)F)C,AKT1,SNX 2112 results in decreased expression of AKT1 protein,decreases^expression,464.486,464.486,464.203525,2.4294,-5.111,7,3,327.76,0.25552,110.24,-9.4181,none,none,none,none,0.42424,0.44391,0.94068,1,33,10,0,10,0,5,4,11,13,4,3,1,1,2,2,1,2,1,0,0,1,1,1,0,1,2,0,0
BMS 754807,CC1(CCCN1C2=NN3C=CC=C3C(=N2)NC4=NNC(=C4)C5CC5)C(=O)NC6=CN=C(C=C6)F,CDKN2A,CDKN2A gene mutant form results in decreased susceptibility to BMS 754807,decreases^response to substance,461.504,461.504,461.208784,2.3302,-5.859,10,3,336.93,0.31262,116.13,6.8809,none,none,none,none,0.52941,0.30759,0.94167,1,34,11,0,11,1,6,6,20,8,6,1,5,2,2,4,1,1,0,1,1,4,1,2,0,2,6,3,0
Dasatinib,CC1=C(C(=CC=C1)Cl)NC(=O)C2=CN=C(S2)NC3=CC(=NC(=N3)C)N4CCN(CC4)CCO,TP53,Arsenic Trioxide inhibits the reaction [Dasatinib results in decreased expression of TP53 protein],decreases^expression|decreases^reaction,488.014,488.014,487.15572,3.6259,-4.701,9,3,361.62,0.30261,134.75,8.0376,none,none,high,high,0.60606,0.48011,0.84401,1,33,11,0,11,0,7,4,17,10,4,1,3,1,1,3,0,0,1,1,1,2,1,3,1,2,3,3,0
GSK1210151A,CC1=C(C(=NO1)C)C2=C(C=C3C(=C2)N=CC4=C3N(C(=O)N4)C(C)C5=CC=CC=N5)OC,MYC,GSK1210151A inhibits the reaction [Oxygen deficiency results in increased expression of MYC mRNA],decreases^reaction|increases^expression,415.452,415.452,415.16444,2.7788,-5.8,8,1,310.9,0.27362,93.38,2.4306,high,high,none,none,0.45161,0.23811,0.96494,1,31,8,0,8,1,4,5,21,6,5,1,4,0,1,4,0,0,1,0,1,3,2,0,0,0,3,0,0
INCB054329,CC1=C(C(=NO1)C)C2=C3C4=C(C=C2)NC(=O)N4C(CO3)C5=CC=CC=N5,H2AX,INCB054329 promotes the reaction [olaparib results in increased expression of H2AX protein],increases^expression|increases^reaction,348.361,348.361,348.122241,2.3432,-4.94,7,1,253.28,0.29256,80.49,1.5868,none,none,none,none,0.46154,0.23332,0.97413,1,26,7,0,7,1,2,5,17,5,5,1,4,1,2,3,0,0,1,1,2,2,2,0,0,0,2,0,0
Floxacillin,CC1=C(C(=NO1)C2=C(C=CC=C2Cl)F)C(=O)NC3C4N(C3=O)C(C(S4)(C)C)C(=O)O,IL6,[Floxacillin co-treated with IL6 protein] results in increased activity of CASP3 protein,affects^cotreatment|increases^activity,453.877,453.877,453.056147,2.8046,-4.365,8,2,299.78,0.36627,138.04,9.1217,high,none,low,none,0.46667,0.3602,0.96208,1,30,11,0,11,3,4,4,11,9,5,1,4,3,3,2,0,0,1,3,3,1,2,0,0,0,1,0,1
Cloxacillin,CC1=C(C(=NO1)C2=CC=CC=C2Cl)C(=O)NC3C4N(C3=O)C(C(S4)(C)C)C(=O)O,IL6,[Cloxacillin co-treated with IL6 protein] results in increased activity of CASP3 protein,affects^cotreatment|increases^activity,435.887,435.887,435.065569,2.7038,-4.051,8,2,293.43,0.37419,138.04,10.462,high,none,none,none,0.48276,0.31483,0.9478,1,29,10,0,10,3,4,4,11,9,5,1,4,3,3,2,0,0,1,3,3,1,2,0,0,0,1,0,1
10-decarbamoylmitomycin C,CC1=C(C(=O)C2=C(C1=O)N3CC4C(C3(C2CO)OC)N4)N,TP53,10-decarbamoylmitomycin C results in increased stability of TP53 protein,increases^stability,291.306,291.306,291.121907,-1.6656,-0.705,7,3,197.58,0.45359,114.8,3.0818,low,low,high,none,0.38095,0.17054,1.0194,1,21,7,0,7,4,2,4,0,11,5,1,4,3,5,0,0,1,0,3,4,0,0,1,1,0,0,1,0
Mitomycin,CC1=C(C(=O)C2=C(C1=O)N3CC4C(C3(C2COC(=O)N)OC)N4)N,TP53,Mitomycin affects the activity of TP53 protein,affects^activity,334.331,334.331,334.127721,-1.8035,-1.378,9,3,227.5,0.50475,146.89,4.4964,low,low,high,none,0.41667,0.23605,1.0277,1,24,9,0,9,4,4,4,0,11,5,1,4,3,5,0,0,1,0,3,4,0,1,1,1,0,0,1,0
palbociclib,CC1=C(C(=O)N(C2=NC(=NC=C12)NC3=NC=C(C=C3)N4CCNCC4)C5CCCC5)C(=O)C,TP53,TP53 protein mutant form results in decreased susceptibility to palbociclib,decreases^response to substance,447.541,447.541,447.238273,2.003,-4.534,9,2,337.84,0.26347,103.35,1.0162,none,none,high,none,0.51515,0.38633,0.94147,1,33,9,0,9,0,5,5,12,12,5,1,4,2,3,2,1,1,0,1,2,2,1,3,1,2,3,2,0
tubocapsenolide A,CC1=C(C(=O)OC(C1)C(C)C2(C(CC3=C2CCC4C3CC5C6(C4(C(=O)C=CC6O)C)O5)O)C)C,TP53,tubocapsenolide A results in increased degradation of TP53 protein mutant form,increases^degradation,468.588,468.588,468.25119,2.6348,-4.277,6,2,329.52,0.24256,96.36,-0.0039023,none,none,low,none,0.44118,0.38815,1.0431,1,34,6,0,6,10,2,6,0,24,7,4,3,3,7,0,1,4,0,2,3,0,0,0,0,0,0,0,0
withanone,CC1=C(C(=O)OC(C1)C(C)C2(CCC3C2(CCC4C3C5C(O5)C6(C4(C(=O)C=CC6)C)O)C)O)C,TP53,withanone inhibits the reaction [HSPA9 protein binds to TP53 protein],affects^binding|decreases^reaction,470.604,470.604,470.26684,2.5971,-4.526,6,2,330.77,0.24165,96.36,-0.63209,none,low,low,low,0.44118,0.39677,1.031,1,34,6,0,6,11,2,6,0,26,7,4,3,5,7,0,3,4,0,2,3,0,0,0,0,0,0,0,0
withaferin A,CC1=C(C(=O)OC(C1)C(C)C2CCC3C2(CCC4C3CC5C6(C4(C(=O)C=CC6O)C)O5)C)CO,TP53,withaferin A binds to TP53 protein,affects^binding,470.604,470.604,470.26684,2.4938,-4.469,6,2,334.36,0.23905,96.36,1.6889,none,none,low,none,0.47059,0.41451,1.0174,1,34,6,0,6,11,3,6,0,26,7,4,3,5,7,0,3,4,0,2,3,0,0,0,0,0,0,0,0
"3-Pyridinecarboxylic acid, 1,4-dihydro-2,6-dimethyl-5-nitro-4-(2-(trifluoromethyl)phenyl)-, Methyl ester",CC1=C(C(C(=C(N1)C)[N+](=O)[O-])C2=CC=CC=C2C(F)(F)F)C(=O)OC,FOS,"3-Pyridinecarboxylic acid, 1,4-dihydro-2,6-dimethyl-5-nitro-4-(2-(trifluoromethyl)phenyl)-, Methyl ester results in increased expression of FOS mRNA",increases^expression,356.299,356.299,356.098392,2.6273,-4.181,6,1,247.22,0.2626,84.15,-10.756,none,none,none,none,0.36,0.37002,0.9393,1,25,9,0,9,1,5,2,6,7,2,1,1,0,1,1,0,0,1,0,1,0,0,0,0,0,0,0,0
PIK 75,CC1=C(C=C(C=C1)[N+](=O)[O-])S(=O)(=O)N(C)N=CC2=CN=C3N2C=C(C=C3)Br,AKT1,PIK 75 inhibits the reaction [TNF protein results in increased phosphorylation of AKT1 protein],decreases^reaction|increases^phosphorylation,452.288,452.288,450.994986,1.1697,-5.109,9,0,287.49,0.32342,121.24,-8.332,none,none,none,low,0.51852,0.40174,0.8577,1,27,11,0,11,0,4,3,15,4,3,1,2,0,0,3,0,0,1,0,0,2,0,0,0,0,2,0,0
AZ-628,CC1=C(C=C(C=C1)NC(=O)C2=CC(=CC=C2)C(C)(C)C#N)NC3=CC4=C(C=C3)N=CN(C4=O)C,MAPK3,AZ-628 results in decreased phosphorylation of MAPK3 protein,decreases^phosphorylation,451.529,451.529,451.200825,4.6632,-6.584,7,2,353.92,0.21932,97.59,-3.6106,high,low,low,high,0.52941,0.48237,0.86118,1,34,7,0,7,0,5,4,18,5,4,3,1,0,1,3,0,0,3,0,1,0,2,1,0,1,0,0,0
pazopanib,CC1=C(C=C(C=C1)NC2=NC=CC(=N2)N(C)C3=CC4=NN(C(=C4C=C3)C)C)S(=O)(=O)N,TP53,NFE2L2 protein affects the reaction [pazopanib results in increased expression of TP53 mRNA],affects^reaction|increases^expression,437.527,437.527,437.163393,1.7881,-5.921,9,2,320.76,0.30752,127.41,3.5212,high,none,none,high,0.51613,0.47938,0.88837,1,31,10,0,10,0,5,4,21,5,4,2,2,0,0,4,0,0,2,0,0,2,1,2,0,2,4,2,0
sulindac sulfone,CC1=C(C2=C(C1=CC3=CC=C(C=C3)S(=O)(=O)C)C=CC(=C2)F)CC(=O)O,CCND1,sulindac sulfone results in decreased expression of CCND1 mRNA,decreases^expression,372.415,372.415,372.083158,2.6067,-4.264,4,1,264.46,0.20691,79.82,0.43573,none,none,high,none,0.5,0.37766,0.88433,1,26,6,0,6,0,4,3,12,5,3,3,0,0,1,2,0,1,2,0,0,0,0,0,0,0,0,0,1
Troglitazone,CC1=C(C2=C(CCC(O2)(C)COC3=CC=C(C=C3)CC4C(=O)NC(=O)S4)C(=C1O)C)C,TP53,TP53 protein results in increased susceptibility to Troglitazone,increases^response to substance,441.546,441.546,441.160994,4.3852,-5.46,6,2,323.81,0.27217,110.16,4.0512,none,none,none,none,0.58065,0.4752,0.87179,1,31,7,0,7,2,5,4,12,14,4,2,2,1,2,2,0,0,2,1,2,0,1,0,0,0,0,0,0
zomepirac glucuronide,CC1=C(N(C(=C1)CC(=O)OC2C(C(C(C(O2)C(=O)O)O)O)O)C)C(=O)C3=CC=C(C=C3)Cl,IL6,zomepirac glucuronide results in increased expression of IL6 mRNA,increases^expression,467.857,467.857,467.098311,-0.0007,-3.191,10,4,323.57,0.36589,155.52,2.1243,none,none,none,none,0.53125,0.54781,0.90425,1,32,11,0,11,5,7,3,11,14,3,1,2,1,1,2,0,0,1,1,1,1,0,0,0,0,1,0,1
Rimonabant,CC1=C(N(N=C1C(=O)NN2CCCCC2)C3=C(C=C(C=C3)Cl)Cl)C4=CC=C(C=C4)Cl,CCND1,Rimonabant results in decreased expression of CCND1 protein,decreases^expression,463.795,463.795,462.078092,4.2064,-6.398,5,1,334.07,0.13737,50.16,3.9827,none,none,none,none,0.46667,0.3824,0.90876,1,30,8,0,8,0,4,4,17,7,4,2,2,1,1,3,0,0,2,1,1,1,0,0,0,0,2,0,0
Cefadroxil,CC1=C(N2C(C(C2=O)NC(=O)C(C3=CC=C(C=C3)O)N)SC1)C(=O)O,HLA-G,Cefadroxil affects the expression of HLA-G mRNA,affects^expression,363.393,363.393,363.088892,-2.3737,-1.387,8,4,246.42,0.45893,158.26,7.9062,none,none,none,none,0.56,0.39539,0.89932,1,25,9,0,9,3,4,3,6,9,3,1,2,1,2,1,0,0,1,1,2,0,2,1,1,0,0,1,1
"5-((5-fluoro-2-oxo-1,2-dihydro-3H-indol-3-ylidene)methyl)-N-(2-hydroxy-3-morpholin-4-ylpropyl)-2,4-dimethyl-1H-pyrrole-3-carboxamide",CC1=C(NC(=C1C(=O)NCC(CN2CCOCC2)O)C)C=C3C4=C(C=CC(=C4)F)NC3=O,RB1,"5-((5-fluoro-2-oxo-1,2-dihydro-3H-indol-3-ylidene)methyl)-N-(2-hydroxy-3-morpholin-4-ylpropyl)-2,4-dimethyl-1H-pyrrole-3-carboxamide results in decreased phosphorylation of RB1 protein",decreases^phosphorylation,442.489,442.489,442.201634,0.425,-2.809,8,4,331.3,0.27057,106.69,4.7422,none,none,none,none,0.5625,0.39238,0.90245,1,32,9,0,9,1,6,4,11,12,4,1,3,1,2,2,0,0,1,1,2,1,2,1,1,0,1,1,0
CPI203,CC1=C(SC2=C1C(=NC(C3=NN=C(N32)C)CC(=O)N)C4=CC=C(C=C4)Cl)C,IL6,CPI203 results in decreased expression of IL6 mRNA,decreases^expression,399.905,399.905,399.092057,3.1396,-7.188,6,1,289.64,0.30724,114.4,2.9317,none,none,none,none,0.40741,0.2989,0.96824,1,27,8,0,8,1,3,4,16,5,4,1,3,0,1,3,0,0,1,0,1,2,1,0,0,0,3,0,0
OTX015,CC1=C(SC2=C1C(=NC(C3=NN=C(N32)C)CC(=O)NC4=CC=C(C=C4)O)C5=CC=C(C=C5)Cl)C,MYC,OTX015 deficiency inhibits the reaction [OTX015 results in decreased expression of MYC protein],decreases^expression|decreases^reaction,492.002,492.002,491.118272,4.8541,-8.315,7,2,358.69,0.274,120.64,3.2015,none,none,none,none,0.47059,0.329,0.97568,1,34,9,0,9,1,4,5,22,6,5,2,3,0,1,4,0,0,2,0,1,2,1,0,0,0,3,0,0
IC 87114,CC1=C2C(=CC=C1)N=C(N(C2=O)C3=CC=CC=C3C)CN4C=NC5=C(N=CN=C54)N,AKT1,IC 87114 results in decreased phosphorylation of AKT1 protein,decreases^phosphorylation,397.441,397.441,397.165108,2.2895,-5.159,8,1,297.18,0.2798,102.29,3.0953,none,none,low,high,0.4,0.34513,0.9383,1,30,8,0,8,0,3,5,21,3,5,2,3,0,1,4,0,0,2,0,1,2,1,1,0,1,4,1,0
nimbolide,CC1=C2C(CC1C3=COC=C3)OC4C2(C(C5(C6C4OC(=O)C6(C=CC5=O)C)C)CC(=O)OC)C,TP53,nimbolide results in increased expression of TP53 mRNA,increases^expression,466.528,466.528,466.199155,2.7744,-4.451,7,0,323.17,0.25754,92.04,-3.0363,none,none,none,high,0.35294,0.25598,1.0695,1,34,7,0,7,9,4,6,5,19,6,3,3,3,5,1,1,3,0,2,2,1,0,0,0,0,0,0,0
Mycophenolic Acid,CC1=C2COC(=O)C2=C(C(=C1OC)CC=C(C)CCC(=O)O)O,TP53,Mycophenolic Acid affects the activity of TP53 protein,affects^activity,320.34,320.34,320.12599,2.297,-3.014,6,2,244.49,0.29564,93.06,-0.61321,none,none,none,none,0.52174,0.48652,0.87401,1,23,6,0,6,0,6,2,6,11,2,1,1,1,1,1,0,0,1,1,1,0,0,0,0,0,0,0,1
atranorin,CC1=CC(=C(C(=C1C(=O)OC2=C(C(=C(C(=C2)C)C(=O)OC)O)C)O)C=O)O,TP53,atranorin results in decreased expression of TP53 protein,decreases^expression,374.344,374.344,374.10017,2.931,-3.695,8,3,276.15,0.3564,130.36,-5.742,none,none,none,none,0.51852,0.37684,0.88433,1,27,8,0,8,0,6,2,12,9,2,2,0,0,0,2,0,0,2,0,0,0,0,0,0,0,0,0,0
evernic acid,CC1=CC(=CC(=C1C(=O)OC2=CC(=C(C(=C2)C)C(=O)O)O)O)OC,TP53,evernic acid results in decreased expression of TP53 mRNA,decreases^expression,332.307,332.307,332.089605,2.5016,-3.213,7,3,244.35,0.34942,113.29,-1.3104,none,none,none,none,0.58333,0.4805,0.8085,1,24,7,0,7,0,5,2,12,8,2,2,0,0,0,2,0,0,2,0,0,0,0,0,0,0,0,0,1
gyrophoric acid,CC1=CC(=CC(=C1C(=O)OC2=CC(=C(C(=C2)C)C(=O)OC3=CC(=C(C(=C3)C)C(=O)O)O)O)O)O,TP53,gyrophoric acid results in decreased expression of TP53 protein,decreases^expression,468.413,468.413,468.10565,3.6546,-4.417,10,5,334.56,0.37249,170.82,-1.5188,none,none,none,none,0.55882,0.46767,0.87682,1,34,10,0,10,0,7,3,18,10,3,3,0,0,0,3,0,0,3,0,0,0,0,0,0,0,0,0,1
GDP 366,CC1=CC(=CC=C1)NC(=O)NC2=CC=C(C=C2)C3=CSC4=NC=NC(=C34)N,TP53,GDP 366 results in increased expression of TP53 mRNA,increases^expression,375.455,375.455,375.11538,3.9504,-7.637,6,3,282.29,0.33133,121.17,0.94885,none,none,none,none,0.59259,0.42893,0.82405,1,27,7,0,7,0,3,4,21,1,4,2,2,0,0,4,0,0,2,0,0,2,2,1,0,1,2,0,0
alternariol,CC1=CC(=CC2=C1C3=C(C(=CC(=C3)O)O)C(=O)O2)O,TP53,alternariol results in increased expression of TP53 protein,increases^expression,258.228,258.228,258.052825,2.2963,-3.542,5,3,178.58,0.34909,86.99,-1.5883,none,none,high,none,0.47368,0.035394,0.90348,1,19,5,0,5,0,0,3,12,5,3,2,1,0,1,2,0,0,2,0,1,0,0,0,0,0,0,0,0
BMS 536924,CC1=CC(=CC2=C1N=C(N2)C3=C(C=CNC3=O)NCC(C4=CC(=CC=C4)Cl)O)N5CCOCC5,AKT1,BMS 536924 results in decreased phosphorylation of AKT1 protein,decreases^phosphorylation,479.966,479.966,479.172417,1.2306,-3.548,8,4,354.67,0.24691,102.51,5.2482,none,none,none,none,0.52941,0.43963,0.90876,1,34,9,0,9,1,6,5,15,9,5,2,3,1,2,3,0,0,2,1,2,1,1,1,0,1,2,1,0
LGK974,CC1=CC(=CN=C1C2=CC(=NC=C2)C)CC(=O)NC3=NC=C(C=C3)C4=NC=CN=C4,CCND1,LGK974 inhibits the reaction [Paraquat results in decreased expression of CCND1 protein],decreases^expression|decreases^reaction,396.453,396.453,396.169859,2.3943,-3.911,7,1,313.83,0.25284,93.55,0.8901,none,high,none,none,0.63333,0.46674,0.81951,1,30,7,0,7,0,5,4,24,3,4,0,4,0,0,4,0,0,0,0,0,4,1,0,0,0,5,0,0
AZD 1480,CC1=CC(=NN1)NC2=NC(=NC=C2Cl)NC(C)C3=NC=C(C=N3)F,STAT3,AZD 1480 inhibits the reaction [SLC2A4 protein inhibits the reaction [Ivermectin results in decreased phosphorylation of STAT3 protein]],decreases^phosphorylation|decreases^reaction,348.772,348.772,348.101397,1.3755,-3.236,8,3,257.86,0.35585,104.3,1.5139,none,high,none,none,0.625,0.34855,0.75329,1,24,10,0,10,1,5,3,17,3,3,0,3,0,0,3,0,0,0,0,0,3,0,2,0,2,6,3,0
eurycomanone,CC1=CC(=O)C(C2(C1CC3C45C2C(C(C(=C)C4(C(C(=O)O3)O)O)O)(OC5)O)C)O,TP53,eurycomanone results in decreased expression of TP53 protein,decreases^expression,408.402,408.402,408.142035,-1.7372,-1.605,9,5,249.39,0.44741,153.75,-6.2295,none,none,none,none,0.34483,0.30511,1.0995,1,29,9,0,9,10,0,5,0,21,6,3,3,5,6,0,2,3,0,3,3,0,0,0,0,0,0,0,0
"5,7-dihydroxy-2-methyl-8-(4-(3-hydroxy-1-methyl)-piperidinyl)-4H-1-benzopyran-4-one",CC1=CC(=O)C2=C(O1)C(=C(C=C2O)O)C3CCN(CC3O)C,TP53,"5,7-dihydroxy-2-methyl-8-(4-(3-hydroxy-1-methyl)-piperidinyl)-4H-1-benzopyran-4-one results in increased expression of TP53 protein",increases^expression,305.329,305.329,305.126324,1.6169,-2.303,6,3,218.87,0.30105,90.23,-0.1543,none,none,none,none,0.45455,0.31612,0.89035,1,22,6,0,6,2,1,3,6,12,3,1,2,1,2,1,0,0,1,1,2,0,0,1,1,0,0,1,0
AS602868,CC1=CC(=O)N(C1=O)NC2=NC(=NC3=C2C(=CC=C3)OC)C4=CC=CS4,IL6,AS602868 inhibits the reaction [Hydrogen Peroxide promotes the reaction [IL1B protein results in increased expression of IL6 mRNA]],decreases^reaction|increases^expression|increases^reaction,366.4,366.4,366.078661,3.1028,-4.433,7,1,264.07,0.35366,112.66,0.89949,low,low,none,none,0.42308,0.26071,0.86525,1,26,8,0,8,0,4,4,15,3,4,1,3,0,1,3,0,0,1,0,1,2,0,0,0,0,2,0,0
"7,8-diacetoxy-4-methylcoumarin",CC1=CC(=O)OC2=C1C=CC(=C2OC(=O)C)OC(=O)C,TP53,"7,8-diacetoxy-4-methylcoumarin results in increased expression of TP53 protein",increases^expression,276.243,276.243,276.06339,1.549,-2.699,6,0,204.5,0.338,78.9,-7.0575,none,none,high,none,0.45,0.22324,0.86015,1,20,6,0,6,0,4,2,6,6,2,1,1,0,1,1,0,0,1,0,1,0,0,0,0,0,0,0,0
"7,8-diacetoxy-4-methylthiocoumarin",CC1=CC(=S)OC2=C1C=CC(=C2OC(=O)C)OC(=O)C,TP53,"7,8-diacetoxy-4-methylthiocoumarin results in increased expression of TP53 protein",increases^expression,292.31,292.31,292.040545,1.7684,-3.636,5,0,219.46,0.38312,93.92,-0.96717,none,none,high,none,0.45,0.26503,0.86118,1,20,6,0,6,0,4,2,6,7,2,1,1,0,1,1,0,0,1,0,1,0,0,0,0,0,0,0,0
tolmetin glucuronide,CC1=CC=C(C=C1)C(=O)C2=CC=C(N2C)CC(=O)OC3C(C(C(C(O3)C(=O)O)O)O)O,IL6,tolmetin glucuronide results in increased expression of IL6 mRNA,increases^expression,433.412,433.412,433.137284,-0.6067,-2.455,10,4,308.15,0.3842,155.52,1.724,none,none,high,none,0.54839,0.55884,0.86986,1,31,10,0,10,5,7,3,11,14,3,1,2,1,1,2,0,0,1,1,1,1,0,0,0,0,1,0,1
STF-118804,CC1=CC=C(C=C1)S(=O)(=O)CC2=C(OC(=N2)C3=CC=C(C=C3)C(=O)NCC4=CN=CC=C4)C,FOXO3,STF-118804 inhibits the reaction [Resveratrol results in increased expression of FOXO3 protein],decreases^reaction|increases^expression,461.541,461.541,461.140927,3.013,-6.477,7,1,349.58,0.25496,110.54,-14.226,none,none,none,none,0.63636,0.49024,0.82089,1,33,8,0,8,0,7,4,23,5,4,2,2,0,0,4,0,0,2,0,0,2,1,0,0,0,2,0,0
NSC 74859,CC1=CC=C(C=C1)S(=O)(=O)OCC(=O)NC2=CC(=C(C=C2)C(=O)O)O,STAT3,NSC 74859 inhibits the reaction [Thyroxine results in increased phosphorylation of STAT3 protein],decreases^reaction|increases^phosphorylation,365.361,365.361,365.056924,1.1457,-2.112,8,3,257.28,0.3977,138.38,-20.503,high,high,none,none,0.64,0.54455,0.72591,1,25,9,0,9,0,6,2,12,6,2,2,0,0,0,2,0,0,2,0,0,0,1,0,0,0,0,0,1
Riboflavin,CC1=CC2=C(C=C1C)N(C3=NC(=O)NC(=O)C3=N2)CC(C(C(CO)O)O)O,TP53,Riboflavin results in increased expression of TP53 protein,increases^expression,376.368,376.368,376.138286,-2.0663,-2.427,10,5,264.4,0.44066,155.05,6.1929,none,none,none,none,0.44444,0.45381,0.91945,1,27,10,0,10,3,5,3,6,11,3,1,2,0,2,1,0,0,1,0,2,0,1,0,0,0,0,0,0
sitaxsentan,CC1=CC2=C(C=C1CC(=O)C3=C(C=CS3)S(=O)(=O)NC4=C(C(=NO4)C)Cl)OCO2,RELA,sitaxsentan inhibits the reaction [Glucose results in increased activity of RELA protein],decreases^reaction|increases^activity,454.91,454.91,454.006005,3.3593,-6.559,8,1,308.92,0.38366,144.35,4.5285,none,none,none,none,0.51724,0.44342,0.88047,1,29,11,0,11,0,5,4,16,7,4,1,3,1,1,3,0,0,1,1,1,2,1,0,0,0,1,0,0
Olanzapine,CC1=CC2=C(S1)NC3=CC=CC=C3N=C2N4CCN(CC4)C,TP53,Olanzapine results in increased expression of TP53 mRNA,increases^expression,312.44,312.44,312.140866,3.0388,-3.042,4,1,236.55,0.21319,59.11,8.1024,none,none,none,none,0.5,0.27193,0.85157,1,22,5,0,5,0,0,4,11,7,4,1,3,1,2,2,0,0,1,1,2,1,0,2,1,1,0,2,0
ETP-45299,CC1=CC2=NC=C(N2N=C1NCC3=CC=C(C=C3)OC)C(=O)NC4=CC=CC=C4,EIF4EBP1,"2-(1H-indazol-4-yl)-6-(4-methanesulfonylpiperazin-1-ylmethyl)-4-morpholin-4-ylthieno(3,2-d)pyrimidine promotes the reaction [ETP-45299 results in decreased phosphorylation of EIF4EBP1 protein]",decreases^phosphorylation|increases^reaction,387.442,387.442,387.169525,2.4542,-5.244,7,2,304.5,0.2491,80.55,5.0087,none,none,none,none,0.62069,0.39202,0.85557,1,29,7,0,7,0,6,4,21,4,4,2,2,0,0,4,0,0,2,0,0,2,1,1,0,1,3,1,0
Omeprazole,CC1=CN=C(C(=C1OC)C)CS(=O)C2=NC3=C(N2)C=C(C=C3)OC,MAPK14,Omeprazole inhibits the reaction [N-Formylmethionine Leucyl-Phenylalanine results in increased phosphorylation of MAPK14 protein],decreases^reaction|increases^phosphorylation,345.422,345.422,345.114712,2.092,-2.721,6,1,260.23,0.30223,96.31,-1.8775,none,none,none,none,0.58333,0.47883,0.83313,1,24,7,0,7,1,5,3,15,8,3,1,2,0,0,3,0,0,1,0,0,2,0,0,0,0,3,1,0
Chir 99021,CC1=CN=C(N1)C2=CN=C(N=C2C3=C(C=C(C=C3)Cl)Cl)NCCNC4=NC=C(C=C4)C#N,MYC,Chir 99021 results in increased expression of MYC protein,increases^expression,465.347,465.347,464.103146,3.6043,-7.316,8,3,352.4,0.26774,115.2,-2.2161,none,none,none,none,0.5625,0.44704,0.89613,1,32,10,0,10,0,7,4,23,3,4,1,3,0,0,4,0,0,1,0,0,3,0,2,0,2,5,2,0
Meloxicam,CC1=CN=C(S1)NC(=O)C2=C(C3=CC=CC=C3S(=O)(=O)N2C)O,MYC,[Meloxicam co-treated with Cilostazol] results in decreased expression of MYC protein,affects^cotreatment|decreases^expression,351.406,351.406,351.034747,1.9072,-2.641,7,2,236.1,0.42804,136.22,5.7572,none,none,none,none,0.52174,0.19702,0.91408,1,23,9,0,9,0,2,3,11,4,3,1,2,0,1,2,0,0,1,0,1,1,2,0,0,0,1,0,0
LY-2157299,CC1=NC(=CC=C1)C2=NN3CCCC3=C2C4=C5C=C(C=CC5=NC=C4)C(=O)N,TGFB1,LY-2157299 inhibits the reaction [[Dimethyl Sulfoxide co-treated with TGFB1 protein] results in increased expression of ACTA2 mRNA],affects^cotreatment|decreases^reaction|increases^expression,369.427,369.427,369.15896,3.2898,-4.655,6,1,279.17,0.2439,86.69,3.7179,none,none,none,none,0.42857,0.33664,0.9724,1,28,6,0,6,0,3,5,21,4,5,1,4,1,1,4,0,0,1,1,1,3,1,0,0,0,4,0,0
PF 3758309,CC1=NC2=C(C(=N1)NC3=NNC4=C3CN(C4(C)C)C(=O)NC(CN(C)C)C5=CC=CC=C5)SC=C2,CDKN1A,PF 3758309 results in increased expression of CDKN1A mRNA,increases^expression,490.634,490.634,490.226327,2.4762,-3.813,9,3,368.67,0.29924,130.31,7.456,none,none,none,none,0.45714,0.30058,0.9383,1,35,10,0,10,1,6,5,20,10,5,1,4,0,1,4,0,0,1,0,1,3,2,2,1,1,4,2,0
VS-5584,CC1=NC2=C(N=C(N=C2N1C(C)C)N3CCOCC3)C4=CN=C(N=C4)N,MYC,VS-5584 promotes the reaction [Arsenic Trioxide results in decreased expression of MYC mRNA],decreases^expression|increases^reaction,354.417,354.417,354.191657,1.0062,-2.374,9,1,270.26,0.33501,107.87,1.5349,none,none,none,none,0.46154,0.32473,0.88404,1,26,9,0,9,0,3,4,15,9,4,0,4,1,1,3,0,0,0,1,1,3,0,2,0,2,6,1,0
JTE 013,CC1=NN(C2=C1C(=CC(=N2)NNC(=O)NC3=CC(=NC(=C3)Cl)Cl)C(C)C)C,IL6,JTE 013 inhibits the reaction [sphingosine 1-phosphate results in increased expression of IL6 mRNA],decreases^reaction|increases^expression,408.292,408.292,407.102812,4.2542,-5.539,8,3,297.61,0.293,96.76,3.2413,none,none,none,none,0.51852,0.41845,0.8762,1,27,10,0,10,0,4,3,15,5,3,0,3,0,0,3,0,0,0,0,0,3,1,0,0,0,4,1,0
CPI-0610,CC1=NOC2=C1C3=CC=CC=C3C(=NC2CC(=O)N)C4=CC=C(C=C4)Cl,CCND1,[CPI-0610 co-treated with Dasatinib] results in decreased expression of CCND1 protein,affects^cotreatment|decreases^expression,365.819,365.819,365.093104,3.4003,-6.212,5,1,270.91,0.23956,81.48,2.88,none,none,none,none,0.42308,0.30046,0.94303,1,26,6,0,6,1,3,4,17,3,4,2,2,0,1,3,0,0,2,0,1,1,1,0,0,0,1,0,0
Prednisolone,CC12CC(C3C(C1CCC2(C(=O)CO)O)CCC4=CC(=O)C=CC34C)O,IL6,Prednisolone inhibits the reaction [Amiodarone results in increased secretion of IL6 protein],decreases^reaction|increases^secretion,360.448,360.448,360.193675,1.1414,-2.958,5,3,253.57,0.25784,94.83,4.0984,none,none,none,none,0.5,0.34548,0.9614,1,26,5,0,5,7,2,4,0,18,4,4,0,3,4,0,3,4,0,0,0,0,0,0,0,0,0,0,0
"14-deoxy-11,12-didehydroandrographolide",CC12CCC(C(C1CCC(=C)C2C=CC3=CCOC3=O)(C)CO)O,MYC,"14-deoxy-11,12-didehydroandrographolide results in decreased expression of MYC mRNA",decreases^expression,332.438,332.438,332.19876,2.4713,-3.124,4,2,252.81,0.19477,66.76,-4.9017,none,none,none,high,0.45833,0.37113,0.83354,1,24,4,0,4,5,3,3,0,16,3,2,1,2,3,0,2,2,0,0,1,0,0,0,0,0,0,0,0
andrographolide,CC12CCC(C(C1CCC(=C)C2CC=C3C(COC3=O)O)(C)CO)O,TP53,andrographolide results in increased expression of and results in increased phosphorylation of TP53 protein,increases^expression|increases^phosphorylation,350.453,350.453,350.209325,1.883,-2.953,5,3,258.92,0.24077,86.99,-4.5926,none,none,none,none,0.44,0.4678,0.84284,1,25,5,0,5,6,3,3,0,19,3,2,1,3,3,0,2,2,0,1,1,0,0,0,0,0,0,0,0
gamabufotalin,CC12CCC(CC1CCC3C2C(CC4(C3(CCC4C5=COC(=O)C=C5)O)C)O)O,CDK1,gamabufotalin results in decreased expression of CDK1 mRNA,decreases^expression,402.529,402.529,402.240625,2.1448,-4.363,5,3,284.84,0.21886,86.99,-0.99834,none,none,none,none,0.51724,0.3268,0.94948,1,29,5,0,5,9,1,5,0,23,5,4,1,4,5,0,4,4,0,0,1,0,0,0,0,0,0,0,0
paxilline,CC12CCC3C(=CC(=O)C(O3)C(C)(C)O)C1(CCC4C2(C5=C(C4)C6=CC=CC=C6N5)C)O,AKT1,paxilline inhibits the reaction [Cilostazol inhibits the reaction [TNF results in decreased phosphorylation of AKT1 protein]],decreases^phosphorylation|decreases^reaction,435.562,435.562,435.240959,3.2622,-5.124,5,3,305.57,0.20692,82.55,2.2652,none,none,none,none,0.4375,0.26412,1.0276,1,32,5,0,5,6,1,6,9,19,6,4,2,2,4,2,2,3,1,0,1,1,0,0,0,0,1,0,0
hellebrigenin,CC12CCC3C(C1(CCC2C4=COC(=O)C=C4)O)CCC5(C3(CCC(C5)O)C=O)O,CDK1,hellebrigenin results in increased phosphorylation of CDK1 protein,increases^phosphorylation,416.512,416.512,416.21989,1.0345,-4.02,6,3,291.29,0.25878,104.06,-4.2597,none,none,none,none,0.5,0.34219,0.96775,1,30,6,0,6,8,2,5,0,22,5,4,1,4,5,0,4,4,0,0,1,0,0,0,0,0,0,0,0
Monocrotaline,CC1C(=O)OC2CCN3C2C(=CC3)COC(=O)C(C1(C)O)(C)O,TP53,[CYP3A4 protein results in increased metabolism of Monocrotaline] which results in increased expression of TP53 mRNA,increases^expression|increases^metabolic processing,325.36,325.36,325.152539,-0.1378,-1.003,7,2,226.35,0.33501,96.3,6.7922,high,none,none,none,0.3913,0.25083,0.88809,1,23,7,0,7,5,0,3,0,17,2,0,2,1,2,0,0,0,0,1,2,0,0,1,1,0,0,1,0
moringin,CC1C(C(C(C(O1)OC2=CC=C(C=C2)CN=C=S)O)O)O,TP53,[Cannabidiol co-treated with moringin] results in decreased expression of TP53 mRNA,affects^cotreatment|decreases^expression,311.357,311.357,311.082744,1.6027,-2.543,6,3,232.61,0.42479,123.6,-4.1491,low,low,low,none,0.66667,0.57265,0.76921,1,21,7,0,7,5,4,2,6,13,2,1,1,1,1,1,0,0,1,1,1,0,0,0,0,0,0,1,0
4-((alpha-L-rhamnosyloxy)benzyl)isothiocyanate,CC1C(C(C(C(O1)OC2=CC=C(C=C2)CN=C=S)O)O)O,MAPK8,4-((alpha-L-rhamnosyloxy)benzyl)isothiocyanate results in increased expression of MAPK8 mRNA,increases^expression,311.357,311.357,311.082744,1.6027,-2.543,6,3,232.61,0.42479,123.6,-4.1491,low,low,low,none,0.66667,0.57265,0.76921,1,21,7,0,7,5,4,2,6,13,2,1,1,1,1,1,0,0,1,1,1,0,0,0,0,0,0,1,0
medermycin,CC1C(C(CC(O1)C2=C(C3=C(C=C2)C(=O)C4=C(C3=O)C(OC5C4OC(=O)C5)C)O)N(C)C)O,AKT1,medermycin binds to and results in decreased activity of AKT1 protein,affects^binding|decreases^activity,457.477,457.477,457.173669,0.0789,-3.063,9,2,312.49,0.31639,122.6,2.972,none,none,none,none,0.45455,0.30521,1.0302,1,33,9,0,9,7,2,5,6,19,5,2,3,2,4,1,0,1,1,2,3,0,0,1,1,0,0,1,0
lactacystin,CC1C(C(NC1=O)(C(C(C)C)O)C(=O)SCC(C(=O)O)NC(=O)C)O,CCND1,lactacystin inhibits the reaction [Curcumin results in increased degradation of CCND1 protein],decreases^reaction|increases^degradation,376.429,376.429,376.130423,-2.3293,-0.763,9,5,266.17,0.49544,178.33,-8.445,none,none,none,none,0.44,0.68729,0.82801,1,25,10,0,10,5,8,1,0,15,1,0,1,1,1,0,0,0,0,1,1,0,2,0,0,0,0,0,1
Meropenem,CC1C2C(C(=O)N2C(=C1SC3CC(NC3)C(=O)N(C)C)C(=O)O)C(C)O,HLA-G,Meropenem affects the expression of HLA-G mRNA,affects^expression,383.468,383.468,383.151492,-3.1042,-1.292,8,3,262.98,0.38547,135.48,7.9757,none,none,none,none,0.5,0.49189,0.9279,1,26,9,0,9,6,5,3,0,16,4,0,4,2,4,0,0,0,0,2,4,0,2,1,1,0,0,1,1
pimobendan,CC1CC(=O)NN=C1C2=CC3=C(C=C2)N=C(N3)C4=CC=C(C=C4)OC,IL6,pimobendan inhibits the reaction [Lipopolysaccharides results in increased expression of IL6 protein],decreases^reaction|increases^expression,334.378,334.378,334.142976,2.8555,-5.531,6,2,255.41,0.27787,79.37,2.4666,high,none,none,none,0.64,0.33724,0.82714,1,25,6,0,6,1,3,4,15,5,4,2,2,0,1,3,0,0,2,0,1,1,0,0,0,0,2,1,0
otosenine,CC1CC2(C(O2)C)C(=O)OC3CCN(CC=C(C3=O)COC(=O)C1(C)O)C,H2AX,otosenine results in increased expression of H2AX protein,increases^expression,381.423,381.423,381.178754,0.089,-1.323,8,1,281.42,0.33196,105.67,8.9299,low,none,none,none,0.40741,0.36017,0.88752,1,27,8,0,8,5,0,3,0,19,1,0,1,1,1,0,0,0,0,1,1,0,0,1,1,0,0,1,0
jacobine,CC1CC2(C(O2)C)C(=O)OC3CCN4C3C(=CC4)COC(=O)C1(C)O,H2AX,jacobine analog results in increased expression of H2AX protein,increases^expression,351.398,351.398,351.168189,0.3356,-1.625,7,1,250.41,0.32099,88.6,7.4054,high,none,none,none,0.36,0.25179,0.91047,1,25,7,0,7,6,0,4,0,19,3,0,3,2,3,0,0,0,0,2,3,0,0,1,1,0,0,1,0
ptaquiloside,CC1CC2(C=C(C3(CC3)C(C2C1=O)(C)O)C)OC4C(C(C(C(O4)CO)O)O)O,TP53,ptaquiloside results in decreased expression of TP53 mRNA,decreases^expression,398.45,398.45,398.19407,-0.5419,-1.917,8,5,264.26,0.37289,136.68,-0.96267,none,none,none,none,0.39286,0.48104,0.98625,1,28,8,0,8,9,3,4,0,24,4,3,1,3,4,0,2,3,0,1,1,0,0,0,0,0,0,0,0
monorden,CC1CC2C(O2)C=CC=CC(=O)CC3=C(C(=CC(=C3Cl)O)O)C(=O)O1,RB1,monorden affects the phosphorylation of RB1 protein,affects^phosphorylation,364.78,364.78,364.071367,2.7383,-3.667,6,2,267.81,0.29846,96.36,0.50998,none,high,none,none,0.44,0.27357,0.86391,1,25,7,0,7,3,0,3,6,10,2,1,1,1,1,1,0,0,1,1,1,0,0,0,0,0,0,0,0
deacylcortivazol,CC1CC2C3C=C(C4=CC5=C(CC4(C3C(CC2(C1(C(=O)CO)O)C)O)C)C=NN5C6=CC=CC=C6)C,MAPK14,deacylcortivazol promotes the reaction [MAPK14 protein results in increased phosphorylation of NR3C1 protein],increases^phosphorylation|increases^reaction,488.626,488.626,488.267508,2.6581,-4.27,6,3,351.01,0.19994,95.58,6.9699,none,none,low,low,0.47222,0.29315,1.0275,1,36,6,0,6,8,3,6,11,19,6,5,1,2,4,2,2,4,1,0,0,1,0,0,0,0,2,0,0
Methylprednisolone,CC1CC2C3CCC(C3(CC(C2C4(C1=CC(=O)C=C4)C)O)C)(C(=O)CO)O,IL6,Methylprednisolone results in decreased expression of IL6 mRNA,decreases^expression,374.475,374.475,374.209325,1.4107,-3.118,5,3,264.57,0.24712,94.83,4.166,none,none,none,none,0.48148,0.35577,0.97145,1,27,5,0,5,8,2,4,0,19,4,4,0,3,4,0,3,4,0,0,0,0,0,0,0,0,0,0,0
Beclomethasone,CC1CC2C3CCC4=CC(=O)C=CC4(C3(C(CC2(C1(C(=O)CO)O)C)O)Cl)C,FOS,Beclomethasone results in decreased expression of FOS protein,decreases^expression,408.92,408.92,408.170352,1.9842,-3.467,5,3,277.9,0.23526,94.83,4.5573,none,none,high,none,0.46429,0.34014,0.97661,1,28,6,0,6,8,2,4,0,19,4,4,0,3,4,0,3,4,0,0,0,0,0,0,0,0,0,0,0
Dexamethasone,CC1CC2C3CCC4=CC(=O)C=CC4(C3(C(CC2(C1(C(=O)CO)O)C)O)F)C,TP53,Dexamethasone inhibits the reaction [TP53 protein binds to FPR1 promoter],affects^binding|decreases^reaction,392.465,392.465,392.199903,1.2884,-3.25,5,3,268.83,0.2432,94.83,3.1791,none,none,none,none,0.46429,0.34014,0.97661,1,28,6,0,6,8,2,4,0,19,4,4,0,3,4,0,3,4,0,0,0,0,0,0,0,0,0,0,0
asiatic acid,CC1CCC2(CCC3(C(=CCC4C3(CCC5C4(CC(C(C5(C)CO)O)O)C)C)C2C1C)C)C(=O)O,IL6,asiatic acid inhibits the reaction [Glucose results in increased secretion of IL6 protein],decreases^reaction|increases^secretion,488.706,488.706,488.350175,4.2233,-5.205,5,4,350.81,0.18654,97.99,-5.9983,none,none,none,none,0.37143,0.38851,0.9851,1,35,5,0,5,12,2,5,0,31,5,5,0,4,5,0,4,5,0,0,0,0,0,0,0,0,0,0,1
Cytochalasin B,CC1CCCC(C=CC(=O)OC23C(C=CC1)C(C(=C)C(C2C(NC3=O)CC4=CC=CC=C4)C)O)O,TP53,Cytochalasin B results in increased expression of TP53 protein,increases^expression,479.615,479.615,479.267174,4.382,-4.791,6,3,369.4,0.19962,95.86,-4.548,none,none,none,none,0.42857,0.36989,0.95865,1,35,6,0,6,8,2,4,6,18,3,2,1,2,2,1,1,1,1,1,1,0,1,0,0,0,0,0,0
epothilone A,CC1CCCC2C(O2)CC(OC(=O)CC(C(C(=O)C(C1O)C)(C)C)O)C(=CC3=CSC(=N3)C)C,H2AX,[epothilone A co-treated with Metformin] results in increased expression of H2AX mRNA,affects^cotreatment|increases^expression,493.663,493.663,493.249809,4.1813,-4.577,7,2,381.79,0.29142,137.49,-1.5546,none,low,none,none,0.47059,0.41143,0.83479,1,34,8,0,8,7,2,3,5,23,2,0,2,1,1,1,0,0,0,1,1,1,0,0,0,0,1,0,0
tofacitinib,CC1CCN(CC1N(C)C2=NC=NC3=C2C=CN3)C(=O)CC#N,JUN,tofacitinib promotes the reaction [TNF protein affects the localization of JUN protein],affects^localization|increases^reaction,312.376,312.376,312.169859,1.1936,-3.59,7,1,246.07,0.28297,88.91,-1.1539,none,none,none,none,0.52174,0.52215,0.85083,1,23,7,0,7,2,3,3,9,8,3,0,3,1,1,2,0,0,0,1,1,2,1,1,0,1,3,0,0
Ku 0063794,CC1CN(CC(O1)C)C2=NC3=C(C=CC(=N3)C4=CC(=C(C=C4)OC)CO)C(=N2)N5CCOCC5,AKT1,Ku 0063794 results in decreased phosphorylation of AKT1 protein,decreases^phosphorylation,465.552,465.552,465.237605,2.4865,-5.601,9,1,351.95,0.23614,93.07,1.9737,none,none,none,none,0.44118,0.3489,0.90142,1,34,9,0,9,2,5,5,16,16,5,1,4,2,2,3,0,0,1,2,2,2,0,2,0,2,3,2,0
"(5-(2,4-bis((3S)-3-methylmorpholin-4-yl)pyrido(2,3-d)pyrimidin-7-yl)-2-methoxyphenyl)methanol",CC1COCCN1C2=NC(=NC3=C2C=CC(=N3)C4=CC(=C(C=C4)OC)CO)N5CCOCC5C,RB1,"(5-(2,4-bis((3S)-3-methylmorpholin-4-yl)pyrido(2,3-d)pyrimidin-7-yl)-2-methoxyphenyl)methanol affects the reaction [N-(4-(2-amino-3-chloropyridin-4-yloxy)-3-fluorophenyl)-4-ethoxy-1-(4-fluorophenyl)-2-oxo-1,2-dihydropyridine-3-carboxamide affects the phosphorylation of and affects the expression of RB1 protein]",affects^expression|affects^phosphorylation|affects^reaction,465.552,465.552,465.237605,2.4865,-5.601,9,1,351.95,0.23614,93.07,1.4071,none,none,none,none,0.44118,0.35741,0.9095,1,34,9,0,9,2,5,5,16,16,5,1,4,2,2,3,0,0,1,2,2,2,0,2,0,2,3,2,0
vistusertib,CC1COCCN1C2=NC(=NC3=C2C=CC(=N3)C4=CC(=CC=C4)C(=O)NC)N5CCOCC5C,AKT1,vistusertib results in decreased phosphorylation of AKT1 protein,decreases^phosphorylation,462.552,462.552,462.237939,2.5926,-5.704,9,1,351.05,0.24073,92.71,2.8702,none,none,none,none,0.44118,0.35849,0.91193,1,34,9,0,9,2,4,5,16,14,5,1,4,2,2,3,0,0,1,2,2,2,1,2,0,2,3,2,0
beclomethasone 17-monopropionate,CCC(=O)OC1(C(CC2C1(CC(C3(C2CCC4=CC(=O)C=CC43C)Cl)O)C)C)C(=O)CO,IL6,"beclomethasone 17-monopropionate inhibits the reaction [lipopolysaccharide, E. coli O26-B6 results in increased secretion of IL6 protein]",decreases^reaction|increases^secretion,464.984,464.984,464.196567,2.9232,-4.147,6,2,325.32,0.23153,100.9,4.5162,none,none,high,none,0.4375,0.35436,1.0107,1,32,7,0,7,8,5,4,0,21,4,4,0,3,4,0,3,4,0,0,0,0,0,0,0,0,0,0,0
homocastasterone,CCC(C(C)C)C(C(C(C)C1CCC2C1(CCC3C2CC(=O)C4C3(CC(C(C4)O)O)C)C)O)O,TP53,homocastasterone results in increased expression of TP53 protein,increases^expression,478.711,478.711,478.365825,4.3556,-5.388,5,4,357.11,0.18325,97.99,1.6102,none,none,none,none,0.47059,0.5503,0.93361,1,34,5,0,5,13,6,4,0,32,4,4,0,4,4,0,4,4,0,0,0,0,0,0,0,0,0,0,0
Simvastatin,CCC(C)(C)C(=O)OC1CC(C=C2C1C(C(C=C2)C)CCC3CC(CC(=O)O3)O)C,TP53,pifithrin inhibits the reaction [Simvastatin results in increased expression of TP53 protein],decreases^reaction|increases^expression,418.572,418.572,418.271925,4.4608,-4.75,5,1,327.83,0.18052,72.83,0.66833,none,none,none,none,0.46667,0.50295,0.86954,1,30,5,0,5,7,7,3,0,22,3,2,1,1,3,0,0,2,0,1,1,0,0,0,0,0,0,0,0
Lovastatin,CCC(C)C(=O)OC1CC(C=C2C1C(C(C=C2)C)CCC3CC(CC(=O)O3)O)C,TP53,Lovastatin inhibits the reaction [Doxorubicin results in increased expression of TP53 protein],decreases^reaction|increases^expression,404.545,404.545,404.256275,3.895,-4.573,5,1,317.66,0.1863,72.83,1.6515,none,none,none,none,0.48276,0.49933,0.86791,1,29,5,0,5,8,7,3,0,21,3,2,1,1,3,0,0,2,0,1,1,0,0,0,0,0,0,0,0
idelalisib,CCC(C1=NC2=C(C(=CC=C2)F)C(=O)N1C3=CC=CC=C3)NC4=NC=NC5=C4NC=N5,AKT1,AKT activator SC79 inhibits the reaction [[idelalisib co-treated with FASLG protein] results in decreased phosphorylation of AKT1 protein],affects^cotreatment|decreases^phosphorylation|decreases^reaction,415.431,415.431,415.155686,2.858,-6.049,8,2,307.08,0.28156,99.16,1.6037,high,high,low,high,0.3871,0.29893,0.95096,1,31,9,0,9,1,5,5,21,3,5,2,3,0,1,4,0,0,2,0,1,2,1,1,0,1,4,1,0
CRT 0066101,CCC(CNC1=NC(=NC=C1)C2=C(C=CC(=C2)C3=CN(N=C3)C)O)N,AKT1,CRT 0066101 results in decreased phosphorylation of AKT1 protein,decreases^phosphorylation,338.414,338.414,338.185509,1.0091,-4.416,7,3,269.13,0.29581,101.88,4.5101,none,none,none,none,0.6,0.45353,0.80343,1,25,7,0,7,1,6,3,17,7,3,1,2,0,0,3,0,0,1,0,0,2,0,2,1,1,4,1,0
olomoucine II,CCC(CO)NC1=NC(=C2C(=N1)N(C=N2)C(C)C)NCC3=CC=CC=C3O,TP53,olomoucine II results in increased expression of TP53 protein,increases^expression,370.455,370.455,370.211724,2.2357,-3.635,8,4,291.78,0.30468,108.12,3.3898,none,none,none,high,0.48148,0.4192,0.85628,1,27,8,0,8,1,8,3,15,10,3,1,2,0,0,3,0,0,1,0,0,2,0,2,0,2,4,3,0
10-hydroxycamptothecin,CCC1(C2=C(COC1=O)C(=O)N3CC4=C(C3=C2)N=C5C=CC(=CC5=C4)O)O,MDM2,MDM2 protein affects the susceptibility to 10-hydroxycamptothecin,affects^response to substance,364.356,364.356,364.105923,0.8381,-2.445,7,2,246.2,0.31194,99.96,5.3292,none,none,none,none,0.48148,0.097726,0.98232,1,27,7,0,7,1,1,5,10,8,5,1,4,1,3,2,0,0,1,1,3,1,1,0,0,0,1,0,0
ST 1481,CCC1(C2=C(COC1=O)C(=O)N3CC4=C(C5=CC=CC=C5N=C4C3=C2)C=NOC(C)(C)C)O,TP53,ST 1481 affects the activity of TP53 protein,affects^activity,447.49,447.49,447.179422,3.088,-4.231,8,1,321.8,0.26479,101.32,-2.2795,none,none,none,none,0.42424,0.24284,1.0077,1,33,8,0,8,1,4,5,10,12,5,1,4,1,3,2,0,0,1,1,3,1,1,0,0,0,1,0,0
Topotecan,CCC1(C2=C(COC1=O)C(=O)N3CC4=CC5=C(C=CC(=C5CN(C)C)O)N=C4C3=C2)O,TP53,"[N-(oxo-5,6-dihydrophe0thridin-2-yl)-N,N-dimethylacetamide hydrochloride co-treated with Topotecan] promotes the reaction [TP53 protein binds to BAX promoter]",affects^binding|affects^cotreatment|increases^reaction,421.452,421.452,421.163772,0.461,-1.959,8,2,294.78,0.27258,103.2,6.6593,none,none,none,none,0.45161,0.18288,1.0034,1,31,8,0,8,1,3,5,10,12,5,1,4,1,3,2,0,0,1,1,3,1,1,1,1,0,1,1,0
rubitecan,CCC1(C2=C(COC1=O)C(=O)N3CC4=CC5=C(C=CC=C5[N+](=O)[O-])N=C4C3=C2)O,TP53,Phosphatidylcholines inhibits the reaction [rubitecan results in increased expression of TP53 protein],decreases^reaction|increases^expression,393.354,393.354,393.096087,0.2622,-3.201,9,1,263.52,0.35716,125.55,0.38166,none,none,none,none,0.44828,0.15509,1.013,1,29,9,0,9,1,2,5,10,8,5,1,4,0,3,2,0,0,1,0,3,1,1,0,0,0,1,0,0
9-methoxycamptothecin,CCC1(C2=C(COC1=O)C(=O)N3CC4=CC5=C(C=CC=C5OC)N=C4C3=C2)O,TP53,9-methoxycamptothecin results in increased expression of TP53 mRNA,increases^expression,378.383,378.383,378.121573,1.1138,-2.759,7,1,262.11,0.28118,88.96,5.4215,none,none,none,none,0.46429,0.09632,0.99187,1,28,7,0,7,1,2,5,10,9,5,1,4,1,3,2,0,0,1,1,3,1,1,0,0,0,1,0,0
Camptothecin,CCC1(C2=C(COC1=O)C(=O)N3CC4=CC5=CC=CC=C5N=C4C3=C2)O,TP53,3-(5'-hydroxymethyl-2'-furyl)-1-benzylindazole promotes the reaction [Camptothecin results in increased expression of TP53 protein],increases^expression|increases^reaction,348.357,348.357,348.111008,1.1838,-2.741,6,1,239.85,0.26558,79.73,5.3292,none,none,none,none,0.46154,0.099683,0.97768,1,26,6,0,6,1,1,5,10,7,5,1,4,1,3,2,0,0,1,1,3,1,1,0,0,0,1,0,0
arzanol,CCC1=C(C(=C(C(=O)O1)CC2=C(C(=C(C(=C2O)CC=C(C)C)O)C(=O)C)O)O)C,IL6,arzanol inhibits the reaction [Lipopolysaccharides results in increased secretion of IL6 protein],decreases^reaction|increases^secretion,402.441,402.441,402.167855,3.5815,-3.814,7,4,303.79,0.29125,124.29,0.77614,none,none,none,none,0.48276,0.49237,0.8988,1,29,7,0,7,0,6,2,6,13,2,1,1,0,1,1,0,0,1,0,1,0,0,0,0,0,0,0,0
glimepiride,CCC1=C(CN(C1=O)C(=O)NCCC2=CC=C(C=C2)S(=O)(=O)NC(=O)NC3CCC(CC3)C)C,TP53,glimepiride results in increased expression of TP53 mRNA,increases^expression,490.623,490.623,490.224991,3.5186,-4.409,9,3,367.55,0.28739,133.06,9.6574,none,none,none,none,0.64706,0.5974,0.79383,1,34,10,0,10,0,6,3,6,14,3,2,1,1,2,1,1,1,1,0,1,0,4,0,0,0,0,0,0
NE-52-qq57,CCC1=NN2C(=CC(=NC2=C1CC3=CC=C(C=C3)C4=NN=C(O4)C5CCNCC5)C)C,RELA,NE-52-qq57 inhibits the reaction [IL33 protein results in increased expression of RELA protein],decreases^reaction|increases^expression,416.527,416.527,416.232459,3.5314,-6.167,7,1,332.56,0.23274,81.14,4.0278,none,none,none,none,0.54839,0.45564,0.90374,1,31,7,0,7,0,5,5,20,11,5,1,4,1,1,4,0,0,1,1,1,3,0,1,1,0,5,2,0
olmesartan,CCCC1=NC(=C(N1CC2=CC=C(C=C2)C3=CC=CC=C3C4=NNN=N4)C(=O)O)C(C)(C)O,IL6,olmesartan results in decreased expression of IL6 protein,decreases^expression,446.509,446.509,446.206639,3.2081,-4.739,9,3,345.27,0.30116,129.81,-3.2961,none,none,none,none,0.45455,0.5334,0.90925,1,33,9,0,9,0,8,4,22,9,4,2,2,0,0,4,0,0,2,0,0,2,0,0,0,0,6,0,1
monascin,CCCCCC(=O)C1C2CC3=C(COC(=C3)C=CC)C(=O)C2(OC1=O)C,IL6,monascin inhibits the reaction [Ovalbumin results in increased expression of IL6 mRNA],decreases^reaction|increases^expression,358.432,358.432,358.178025,2.9325,-3.609,5,0,275.13,0.21488,69.67,-16.772,none,none,none,high,0.57692,0.36754,0.94592,1,26,5,0,5,3,6,3,0,14,3,1,2,1,3,0,0,1,0,1,2,0,0,0,0,0,0,0,0
Prodigiosin,CCCCCC1=C(NC(=C1)C=C2C(=CC(=N2)C3=CC=CN3)OC)C,JUN,"2-(2-chloro-4-iodophenylamino)-N-cyclopropylmethoxy-3,4-difluorobenzamide inhibits the reaction [Prodigiosin results in increased expression of and results in increased phosphorylation of JUN protein]",decreases^reaction|increases^expression|increases^phosphorylation,323.439,323.439,323.199762,3.7106,-4.328,4,2,272.87,0.18137,53.17,-8.1556,none,none,none,none,0.625,0.32374,0.8227,1,24,4,0,4,0,7,3,10,8,3,0,3,0,1,2,0,0,0,0,1,2,0,0,0,0,2,1,0
11-nor-delta(9)-tetrahydrocannabinol-9-carboxylic acid,CCCCCC1=CC(=C2C3C=C(CCC3C(OC2=C1)(C)C)C(=O)O)O,JUN,[Cannabinoids results in increased abundance of 11-nor-delta(9)-tetrahydrocannabinol-9-carboxylic acid] which affects the methylation of JUN gene,affects^methylation|increases^abundance,344.449,344.449,344.19876,4.8547,-4.282,4,2,266.17,0.18499,66.76,-11.673,none,none,none,none,0.56,0.3894,0.8878,1,25,4,0,4,2,5,3,6,15,3,2,1,0,2,1,0,1,1,0,1,0,0,0,0,0,0,0,1
CU-CPT22,CCCCCCOC(=O)C1=CC(=O)C(=C2C(=C1)C=C(C(=C2O)O)OC)O,IL6,CU-CPT22 inhibits the reaction [tributyltin results in increased expression of IL6 protein],decreases^reaction|increases^expression,362.377,362.377,362.136555,1.8242,-2.765,7,3,274.34,0.31122,113.29,-12.042,low,none,none,high,0.57692,0.40028,0.89773,1,26,7,0,7,0,8,2,0,12,2,2,0,0,2,0,0,2,0,0,0,0,0,0,0,0,0,0,0
Vemurafenib,CCCS(=O)(=O)NC1=C(C(=C(C=C1)F)C(=O)C2=CNC3=C2C=C(C=N3)C4=CC=C(C=C4)Cl)F,MYC,(+)-JQ1 compound promotes the reaction [Vemurafenib results in decreased expression of MYC protein],decreases^expression|increases^reaction,489.929,489.929,489.072545,4.5779,-9.33,6,2,341.4,0.22859,100.3,-1.1096,high,none,none,none,0.54545,0.39436,0.91691,1,33,10,0,10,0,6,4,21,4,4,2,2,0,0,4,0,0,2,0,0,2,1,0,0,0,2,0,0
"5-amino-7-(cyclohexylamino)-1-ethyl-6-fluoro-4-oxo-1,4-dihydroquinoline-3-carboxylic acid",CCN1C=C(C(=O)C2=C1C=C(C(=C2N)F)NC3CCCCC3)C(=O)O,FOXO1,"5-amino-7-(cyclohexylamino)-1-ethyl-6-fluoro-4-oxo-1,4-dihydroquinoline-3-carboxylic acid inhibits the reaction [Dexamethasone results in increased expression of FOXO1 protein]",decreases^reaction|increases^expression,347.389,347.389,347.16452,1.4135,-4.599,6,3,256.77,0.27051,95.66,-4.4718,none,none,none,none,0.52,0.30755,0.91432,1,25,7,0,7,0,4,3,6,9,3,2,1,1,2,1,1,1,1,0,1,0,0,2,0,2,0,0,1
GSK690693,CCN1C2=C(C(=NC=C2OCC3CCCNC3)C#CC(C)(C)O)N=C1C4=NON=C4N,AKT1,GSK690693 inhibits the reaction [4-(N-methyl-N-nitrosamino)-1-(3-pyridyl)-1-butanone results in increased phosphorylation of AKT1 protein],decreases^reaction|increases^phosphorylation,425.491,425.491,425.217538,1.8279,-3.299,10,3,336.43,0.3409,137.14,-1.9228,none,none,none,none,0.45161,0.31161,0.93668,1,31,10,0,10,1,6,4,14,14,4,0,4,1,1,3,0,0,0,1,1,3,0,2,1,1,5,2,0
ABBV-744,CCNC(=O)C1=CC2=C(N1)C(=O)N(C=C2C3=C(C=CC(=C3)C(C)(C)O)OC4=C(C=C(C=C4C)F)C)C,CDK2,ABBV-744 results in decreased expression of CDK2 protein,decreases^expression,491.561,491.561,491.222035,4.0266,-6.445,7,3,371.25,0.21059,94.66,2.8246,none,none,none,none,0.44444,0.41932,0.96888,1,36,8,0,8,0,6,4,17,10,4,2,2,0,1,3,0,0,2,0,1,1,2,0,0,0,1,0,0
GLX351322,CCOC(=O)C1=C(SC2=C1CCC2)NC(=O)CN3CCN(CC3)C(=O)C4=CC=CO4,MAPK3,GLX351322 inhibits the reaction [Amsacrine results in decreased phosphorylation of MAPK3 protein],decreases^phosphorylation|decreases^reaction,431.512,431.512,431.151492,2.6147,-3.207,8,1,323.06,0.3162,120.33,3.0011,none,none,none,none,0.56667,0.41977,0.88197,1,30,9,0,9,0,7,4,10,12,4,1,3,1,2,2,0,1,0,1,1,2,2,1,1,0,0,1,0
resiquimod,CCOCC1=NC2=C(N1CC(C)(C)O)C3=CC=CC=C3N=C2N,IL6,2-((aminocarbonyl)amino)-5-(4-fluorophenyl)-3-thiophenecarboxamide inhibits the reaction [resiquimod results in increased expression of IL6 protein],decreases^reaction|increases^expression,314.388,314.388,314.174276,1.5777,-2.378,6,2,242.52,0.27701,86.19,-0.5783,high,none,none,none,0.47826,0.35384,0.89853,1,23,6,0,6,0,5,3,13,9,3,1,2,0,0,3,0,0,1,0,0,2,0,1,0,1,3,2,0
mivebresib,CCS(=O)(=O)NC1=CC(=C(C=C1)OC2=C(C=C(C=C2)F)F)C3=CN(C(=O)C4=C3C=CN4)C,MYC,[A-1210477 co-treated with mivebresib] results in decreased expression of MYC protein,affects^cotreatment|decreases^expression,459.472,459.472,459.106433,2.8103,-6.692,7,2,322.63,0.24988,99.88,3.2978,high,none,none,none,0.4375,0.42106,0.92918,1,32,10,0,10,0,5,4,17,5,4,2,2,0,1,3,0,0,2,0,1,1,2,0,0,0,1,0,0
Minocycline,CN(C)C1C2CC3CC4=C(C=CC(=C4C(=C3C(=O)C2(C(=C(C1=O)C(=O)N)O)O)O)O)N(C)C,JUN,Minocycline results in decreased phosphorylation of and results in decreased activity of and results in decreased expression of JUN protein,decreases^activity|decreases^expression|decreases^phosphorylation,457.481,457.481,457.184902,-1.0304,-1.435,10,5,310.84,0.36639,164.63,4.9434,none,none,high,none,0.39394,0.34383,1.049,1,33,10,0,10,4,3,4,6,16,4,4,0,1,3,1,1,3,1,0,0,0,1,2,1,1,0,1,0
abexinostat,CN(C)CC1=C(OC2=CC=CC=C21)C(=O)NCCOC3=CC=C(C=C3)C(=O)NO,MYC,abexinostat results in decreased expression of MYC protein,decreases^expression,397.43,397.43,397.163772,1.6226,-3.856,8,3,308.18,0.29126,104.04,3.1358,high,none,none,none,0.58621,0.53623,0.82043,1,29,8,0,8,0,8,3,15,8,3,2,1,0,0,3,0,0,2,0,0,1,1,1,1,0,0,1,0
2-(1-(3-dimethylaminopropyl)-5-methoxyindol-3-yl)-3-(1H-indol-3-yl)maleimide,CN(C)CCCN1C=C(C2=C1C=CC(=C2)OC)C3=C(C(=O)NC3=O)C4=CNC5=CC=CC=C54,MAPK3,2-(1-(3-dimethylaminopropyl)-5-methoxyindol-3-yl)-3-(1H-indol-3-yl)maleimide inhibits the reaction [[GPER1 protein co-treated with Estradiol] results in increased phosphorylation of MAPK3 protein],affects^cotreatment|decreases^reaction|increases^phosphorylation,442.517,442.517,442.200491,1.6506,-2.634,7,2,335.73,0.21431,79.36,7.7998,none,none,none,none,0.45455,0.41447,0.96969,1,33,7,0,7,0,7,5,18,8,5,2,3,0,1,4,0,0,2,0,1,2,1,1,1,0,2,1,0
bisindolylmaleimide I,CN(C)CCCN1C=C(C2=CC=CC=C21)C3=C(C(=O)NC3=O)C4=CNC5=CC=CC=C54,TP53,bisindolylmaleimide I results in decreased degradation of and results in increased expression of TP53 protein,decreases^degradation|increases^expression,412.492,412.492,412.189926,1.7206,-2.616,6,2,313.47,0.19763,70.13,7.8446,none,none,none,none,0.48387,0.41494,0.9553,1,31,6,0,6,0,6,5,18,6,5,2,3,0,1,4,0,0,2,0,1,2,1,1,1,0,2,1,0
GSK2141795,CN1C(=C(C=N1)Cl)C2=C(OC(=C2)C(=O)NC(CC3=CC(=C(C=C3)F)F)CN)Cl,AKT1,GSK2141795 results in decreased activity of AKT1 protein,decreases^activity,429.253,429.253,428.061836,2.4936,-5.093,6,2,303.98,0.23594,86.08,2.2829,none,high,none,none,0.53571,0.46403,0.8577,1,28,10,0,10,1,6,3,16,5,3,1,2,0,0,3,0,0,1,0,0,2,1,1,1,0,2,1,0
afuresertib,CN1C(=C(C=N1)Cl)C2=C(SC(=C2)C(=O)NC(CC3=CC(=CC=C3)F)CN)Cl,CDK1,afuresertib results in decreased expression of CDK1 mRNA,decreases^expression,427.33,427.33,426.048413,3.178,-5.361,5,2,303.88,0.25658,101.18,5.5637,none,none,none,none,0.51852,0.47028,0.8512,1,27,9,0,9,1,6,3,16,5,3,1,2,0,0,3,0,0,1,0,0,2,1,1,1,0,2,1,0
lornoxicam,CN1C(=C(C2=C(S1(=O)=O)C=C(S2)Cl)O)C(=O)NC3=CC=CC=N3,IL6,lornoxicam inhibits the reaction [Lipopolysaccharides results in increased secretion of IL6 protein],decreases^reaction|increases^secretion,371.824,371.824,370.980124,1.8836,-2.947,7,2,239.26,0.42239,136.22,6.022,none,none,none,none,0.52174,0.22629,0.91621,1,23,10,0,10,0,2,3,11,3,3,0,3,0,1,2,0,0,0,0,1,2,2,0,0,0,1,0,0
ravoxertinib,CN1C(=CC=N1)NC2=NC=CC(=N2)C3=CC(=O)N(C=C3)C(CO)C4=CC(=C(C=C4)Cl)F,MAPK3,ravoxertinib results in increased phosphorylation of MAPK3 protein,increases^phosphorylation,440.865,440.865,440.116379,1.4328,-3.796,8,2,322.12,0.25124,96.17,2.8909,none,none,none,none,0.54839,0.46217,0.88256,1,31,10,0,10,1,6,4,17,4,4,1,3,0,1,3,0,0,1,0,1,2,1,1,0,1,4,0,0
talazoparib,CN1C(=NC=N1)C2C(NC3=CC(=CC4=C3C2=NNC4=O)F)C5=CC=C(C=C5)F,CCND1,talazoparib affects the expression of CCND1 mRNA,affects^expression,380.357,380.357,380.119715,2.0485,-4.554,7,2,266.1,0.28666,84.2,4.366,none,none,none,none,0.42857,0.25103,0.98114,1,28,9,0,9,2,2,5,17,3,5,2,3,0,2,3,0,0,2,0,2,1,0,1,0,1,3,0,0
PF 00477736,CN1C=C(C=N1)C2=C3C=NNC(=O)C4=C3C(=CC(=C4)NC(=O)C(C5CCCCC5)N)N2,CDK1,PF 00477736 inhibits the reaction [Mustard Gas results in increased phosphorylation of CDK1 protein],decreases^reaction|increases^phosphorylation,419.488,419.488,419.206973,0.8754,-5.32,9,4,315.91,0.34064,130.19,1.3154,none,high,none,none,0.51613,0.37205,0.9569,1,31,9,0,9,1,4,5,14,9,5,2,3,1,2,3,1,1,1,0,1,2,1,1,1,0,3,1,0
bisindolylmaleimide IX,CN1C=C(C2=CC=CC=C21)C3=C(C(=O)NC3=O)C4=CN(C5=CC=CC=C54)CCCSC(=N)N,TP53,bisindolylmaleimide IX results in decreased degradation of and results in increased expression of TP53 protein,decreases^degradation|increases^expression,457.557,457.557,457.157245,1.5945,-2.927,7,3,336.86,0.29579,131.2,6.0672,none,none,none,none,0.48485,0.4241,0.98524,1,33,8,0,8,0,7,5,18,5,5,2,3,0,1,4,0,0,2,0,1,2,1,0,0,0,2,1,0
Ro 31-8220,CN1C=C(C2=CC=CC=C21)C3=C(C(=O)NC3=O)C4=CN(C5=CC=CC=C54)CCCSC(=N)N,MAPK3,Ro 31-8220 inhibits the reaction [bufalin results in increased phosphorylation of MAPK3 protein],decreases^reaction|increases^phosphorylation,457.557,457.557,457.157245,1.5945,-2.927,7,3,336.86,0.29579,131.2,6.0672,none,none,none,none,0.48485,0.4241,0.98524,1,33,8,0,8,0,7,5,18,5,5,2,3,0,1,4,0,0,2,0,1,2,1,0,0,0,2,1,0
tipifarnib,CN1C=NC=C1C(C2=CC=C(C=C2)Cl)(C3=CC4=C(C=C3)N(C(=O)C=C4C5=CC(=CC=C5)Cl)C)N,CCND1,[Tamoxifen co-treated with tipifarnib] results in decreased expression of CCND1 protein,affects^cotreatment|decreases^expression,489.405,489.405,488.117065,4.03,-5.185,5,1,354.05,0.14038,64.15,2.4006,high,low,high,none,0.41176,0.40743,0.96676,1,34,7,0,7,1,4,5,23,4,5,3,2,0,1,4,0,0,3,0,1,1,1,1,1,0,2,2,0
XMU-MP-1,CN1C2=C(C(=O)N(C3=CN=C(N=C31)NC4=CC=C(C=C4)S(=O)(=O)N)C)SC=C2,JUN,XMU-MP-1 inhibits the reaction [MAP3K20 protein results in increased phosphorylation of JUN protein],decreases^reaction|increases^phosphorylation,416.485,416.485,416.072529,2.0613,-5.353,9,2,284.17,0.41436,158.14,5.8849,none,none,none,none,0.5,0.37631,0.90802,1,28,11,0,11,0,3,4,17,4,4,1,3,0,1,3,0,0,1,0,1,2,2,2,0,2,2,2,0
triciribine,CN1C2=NC=NC3=C2C(=CN3C4C(C(C(O4)CO)O)O)C(=N1)N,AKT1,triciribine results in decreased phosphorylation of AKT1 protein,decreases^phosphorylation,320.308,320.308,320.123304,-1.4358,-2.605,10,4,214.44,0.50569,142.25,1.1119,high,none,low,none,0.47826,0.32371,0.96888,1,23,10,0,10,4,2,4,9,10,4,0,4,1,2,2,0,0,0,1,2,2,0,0,0,0,3,1,0
alvocidib,CN1CCC(C(C1)O)C2=C(C=C(C3=C2OC(=CC3=O)C4=CC=CC=C4Cl)O)O,TP53,alvocidib results in decreased expression of TP53 protein,decreases^expression,401.845,401.845,401.103001,3.5175,-3.869,6,3,281.79,0.23383,90.23,6.5998,none,none,none,none,0.46429,0.30042,0.92506,1,28,7,0,7,2,2,4,12,11,4,2,2,1,2,2,0,0,2,1,2,0,0,1,1,0,0,1,0
ON123300,CN1CCN(CC1)C2=CC=C(C=C2)NC3=NC=C4C=C(C(=O)N(C4=N3)C5CCCC5)C#N,MYC,ON123300 results in decreased expression of and results in decreased acetylation of MYC protein,decreases^acetylation|decreases^expression,429.526,429.526,429.227708,2.6714,-4.939,8,1,331.41,0.21318,88.39,1.4793,high,high,none,none,0.5625,0.40763,0.89202,1,32,8,0,8,0,4,5,12,11,5,2,3,2,3,2,1,1,1,1,2,1,1,3,1,2,2,1,0
sotrastaurin,CN1CCN(CC1)C2=NC3=CC=CC=C3C(=N2)C4=C(C(=O)NC4=O)C5=CNC6=CC=CC=C65,MAPK3,sotrastaurin inhibits the reaction [Raloxifene Hydrochloride results in increased phosphorylation of MAPK3 protein],decreases^reaction|increases^phosphorylation,438.49,438.49,438.180424,1.5001,-3.427,8,2,320.09,0.25171,94.22,9.308,none,none,none,none,0.45455,0.32442,0.96856,1,33,8,0,8,0,3,6,19,6,6,2,4,1,2,4,0,0,2,1,2,2,1,2,1,1,3,1,0
Axitinib,CNC(=O)C1=CC=CC=C1SC2=CC3=C(C=C2)C(=NN3)C=CC4=CC=CC=N4,TP53,Axitinib affects the activity of TP53 protein,affects^activity,386.478,386.478,386.120131,3.4441,-4.87,5,2,299.93,0.25979,95.97,3.4513,none,none,none,none,0.60714,0.45871,0.81719,1,28,6,0,6,0,5,4,21,2,4,2,2,0,0,4,0,0,2,0,0,2,1,0,0,0,3,0,0
geniposide,COC(=O)C1=COC(C2C1CC=C2CO)OC3C(C(C(C(O3)CO)O)O)O,TP53,geniposide inhibits the reaction [Hydrogen Peroxide results in increased expression of TP53 mRNA],decreases^reaction|increases^expression,388.368,388.368,388.13695,-2.1498,-0.791,10,5,265.46,0.44655,155.14,-4.9044,none,none,none,none,0.48148,0.51593,0.91169,1,27,10,0,10,8,6,3,0,21,3,1,2,1,3,0,0,1,0,1,2,0,0,0,0,0,0,0,0
Nocodazole,COC(=O)NC1=NC2=C(N1)C=C(C=C2)C(=O)C3=CC=CS3,TP53,Nocodazole analog results in increased expression of TP53 protein,increases^expression,301.325,301.325,301.052112,2.5322,-4.865,6,2,221.11,0.41997,112.32,-0.46833,none,none,high,none,0.61905,0.31127,0.79328,1,21,7,0,7,0,4,3,14,2,3,1,2,0,0,3,0,0,1,0,0,2,1,0,0,0,2,1,0
3-O-caffeoyl-1-methylquinic acid,COC1(CC(C(C(C1)OC(=O)C=CC2=CC(=C(C=C2)O)O)O)O)C(=O)O,MAPK3,3-O-caffeoyl-1-methylquinic acid results in increased phosphorylation of MAPK3 protein,increases^phosphorylation,368.337,368.337,368.110735,-0.3406,-1.624,9,5,261.2,0.42718,153.75,-2.9787,none,none,none,none,0.53846,0.43129,0.82134,1,26,9,0,9,4,6,2,6,14,2,2,0,1,1,1,1,1,1,0,0,0,0,0,0,0,0,0,1
prexasertib,COC1=C(C(=CC=C1)OCCCN)C2=CC(=NN2)NC3=NC=C(N=C3)C#N,CDK1,[prexasertib affects the susceptibility to Doxorubicin] which results in decreased phosphorylation of CDK1 protein,affects^response to substance|decreases^phosphorylation,365.396,365.396,365.160023,0.8206,-3.977,9,3,293.86,0.36477,134.76,-2.8711,none,none,none,none,0.62963,0.46922,0.84479,1,27,9,0,9,0,8,3,17,7,3,1,2,0,0,3,0,0,1,0,0,2,0,2,1,1,4,2,0
casticin,COC1=C(C=C(C=C1)C2=C(C(=O)C3=C(C(=C(C=C3O2)OC)OC)O)OC)O,TP53,casticin results in decreased expression of TP53 protein,decreases^expression,374.344,374.344,374.10017,2.3995,-3.265,8,2,271.93,0.32817,103.68,-0.10513,high,high,none,none,0.51852,0.32187,0.91385,1,27,8,0,8,0,5,3,12,11,3,2,1,0,1,2,0,0,2,0,1,0,0,0,0,0,0,0,0
"5,7,3'-trihydroxy-3,4'-dimethoxyflavone",COC1=C(C=C(C=C1)C2=C(C(=O)C3=C(C=C(C=C3O2)O)O)OC)O,CDK1,"5,7,3'-trihydroxy-3,4'-dimethoxyflavone affects the phosphorylation of CDK1 protein",affects^phosphorylation,330.291,330.291,330.073955,2.1938,-2.933,7,3,233.76,0.35224,105.45,-0.10513,none,none,none,none,0.5,0.32361,0.86986,1,24,7,0,7,0,3,3,12,8,3,2,1,0,1,2,0,0,2,0,1,0,0,0,0,0,0,0,0
calycosin-7-O-beta-D-glucoside,COC1=C(C=C(C=C1)C2=COC3=C(C2=O)C=CC(=C3)OC4C(C(C(C(O4)CO)O)O)O)O,TXN,calycosin-7-O-beta-D-glucoside results in decreased expression of TXN protein,decreases^expression,446.407,446.407,446.1213,-0.0864,-2.927,10,5,308.75,0.38394,155.14,-3.4398,none,high,none,none,0.5625,0.43253,0.89639,1,32,10,0,10,5,5,4,12,16,4,2,2,1,2,2,0,0,2,1,2,0,0,0,0,0,0,0,0
trachelogenin,COC1=C(C=C(C=C1)CC2COC(=O)C2(CC3=CC(=C(C=C3)O)OC)O)OC,STAT3,trachelogenin inhibits the reaction [IL6 results in increased expression of STAT3 protein],decreases^reaction|increases^expression,388.415,388.415,388.152205,2.0231,-2.871,7,2,290.94,0.27236,94.45,1.3365,none,none,none,none,0.53571,0.48688,0.83521,1,28,7,0,7,2,7,3,12,14,3,2,1,1,1,2,0,0,2,1,1,0,0,0,0,0,0,0,0
"5,7-dihydroxy-3-(3-hydroxy-4-methoxybenzyl)-6-methoxychroman-4-one",COC1=C(C=C(C=C1)CC2COC3=C(C2=O)C(=C(C(=C3)O)OC)O)O,AKT1,"5,7-dihydroxy-3-(3-hydroxy-4-methoxybenzyl)-6-methoxychroman-4-one analog inhibits the reaction [VEGFA protein results in increased phosphorylation of AKT1 protein]",decreases^reaction|increases^phosphorylation,346.334,346.334,346.105255,2.2107,-2.877,7,3,250.86,0.32823,105.45,0.18509,none,none,none,none,0.56,0.40113,0.8577,1,25,7,0,7,1,4,3,12,11,3,2,1,1,1,2,0,0,2,1,1,0,0,0,0,0,0,0,0
Glyburide,COC1=C(C=C(C=C1)Cl)C(=O)NCCC2=CC=C(C=C2)S(=O)(=O)NC(=O)NC3CCCCC3,TP53,Glyburide results in increased expression of TP53 mRNA,increases^expression,494.01,494.01,493.143819,3.9494,-5.398,8,3,364.48,0.27173,121.98,4.5284,none,none,none,none,0.60606,0.54958,0.78531,1,33,10,0,10,0,7,3,12,11,3,3,0,1,1,2,1,1,2,0,0,0,3,0,0,0,0,0,0
glycitein,COC1=C(C=C2C(=C1)C(=O)C(=CO2)C3=CC=C(C=C3)O)O,TP53,glycitein results in increased expression of TP53 protein,increases^expression,284.266,284.266,284.068475,1.9029,-3.041,5,2,206.94,0.28627,75.99,0.036465,none,none,high,none,0.57143,0.28339,0.82626,1,21,5,0,5,0,2,3,12,5,3,2,1,0,1,2,0,0,2,0,1,0,0,0,0,0,0,0,0
glycitin,COC1=C(C=C2C(=C1)C(=O)C(=CO2)C3=CC=C(C=C3)O)OC4C(C(C(C(O4)CO)O)O)O,RASSF5,[daidzein co-treated with daidzin co-treated with genistin co-treated with Genistein co-treated with glycitin co-treated with glycitein] affects the expression of RASSF5 mRNA,affects^cotreatment|affects^expression,446.407,446.407,446.1213,-0.0864,-2.927,10,5,308.75,0.38394,155.14,-3.4398,none,high,high,none,0.53125,0.35157,0.91503,1,32,10,0,10,5,5,4,12,16,4,2,2,1,2,2,0,0,2,1,2,0,0,0,0,0,0,0,0
bergenin,COC1=C(C=C2C(=C1O)C3C(C(C(C(O3)CO)O)O)OC2=O)O,RELA,bergenin inhibits the reaction [Hydrogen Peroxide results in increased phosphorylation of RELA protein],decreases^reaction|increases^phosphorylation,328.272,328.272,328.079435,-1.626,-0.949,9,5,214.28,0.50653,145.91,-1.6415,none,none,high,none,0.43478,0.32094,0.94967,1,23,9,0,9,5,2,3,6,15,3,1,2,1,2,1,0,0,1,1,2,0,0,0,0,0,0,0,0
jaceosidin,COC1=C(C=CC(=C1)C2=CC(=O)C3=C(O2)C=C(C(=C3O)OC)O)O,RELA,RELA protein inhibits the reaction [jaceosidin results in decreased expression of CFLAR protein],decreases^expression|decreases^reaction,330.291,330.291,330.073955,2.1957,-2.892,7,3,235.55,0.34956,105.45,0.40331,high,low,none,none,0.54167,0.28692,0.87401,1,24,7,0,7,0,3,3,12,8,3,2,1,0,1,2,0,0,2,0,1,0,0,0,0,0,0,0,0
Silybin,COC1=C(C=CC(=C1)C2C(OC3=C(O2)C=C(C=C3)C4C(C(=O)C5=C(C=C(C=C5O4)O)O)O)CO)O,TP53,Caffeine inhibits the reaction [Silybin results in increased phosphorylation of TP53 protein],decreases^reaction|increases^phosphorylation,482.44,482.44,482.1213,2.1266,-3.406,10,5,331.3,0.3578,155.14,0.22481,none,none,none,none,0.45714,0.30233,0.9393,1,35,10,0,10,4,4,5,18,15,5,3,2,0,2,3,0,0,3,0,2,0,0,0,0,0,0,0,0
Silymarin,COC1=C(C=CC(=C1)C2C(OC3=C(O2)C=C(C=C3)C4C(C(=O)C5=C(C=C(C=C5O4)O)O)O)CO)O,CDK1,Silymarin results in decreased expression of CDK1 protein,decreases^expression,482.44,482.44,482.1213,2.1266,-3.406,10,5,331.3,0.3578,155.14,0.22481,none,none,none,none,0.45714,0.30233,0.9393,1,35,10,0,10,4,4,5,18,15,5,3,2,0,2,3,0,0,3,0,2,0,0,0,0,0,0,0,0
isosilybin A,COC1=C(C=CC(=C1)C2C(OC3=C(O2)C=CC(=C3)C4C(C(=O)C5=C(C=C(C=C5O4)O)O)O)CO)O,CDK1,isosilybin A results in decreased expression of CDK1 protein,decreases^expression,482.44,482.44,482.1213,2.1266,-3.406,10,5,331.3,0.3578,155.14,0.22481,none,none,none,none,0.48571,0.30233,0.9389,1,35,10,0,10,4,4,5,18,15,5,3,2,0,2,3,0,0,3,0,2,0,0,0,0,0,0,0,0
lariciresinol,COC1=C(C=CC(=C1)CC2COC(C2CO)C3=CC(=C(C=C3)O)OC)O,UBC,lariciresinol results in increased expression of UBC protein,increases^expression,360.405,360.405,360.15729,2.2846,-2.477,6,3,271.87,0.2549,88.38,-0.47393,none,none,none,none,0.53846,0.43391,0.8075,1,26,6,0,6,3,6,3,12,14,3,2,1,1,1,2,0,0,2,1,1,0,0,0,0,0,0,0,0
GSK0660,COC1=C(C=CC(=C1)NC2=CC=CC=C2)NS(=O)(=O)C3=C(SC=C3)C(=O)OC,AKT1,"GSK0660 inhibits the reaction [(4-(((2-(3-fluoro-4-(trifluoromethyl)phenyl)-4-methyl-1,3-thiazol-5-yl)methyl)sulfanyl)-2-methylphenoxy)acetic acid results in increased phosphorylation of AKT1 protein]",decreases^reaction|increases^phosphorylation,418.493,418.493,418.065713,3.1987,-4.696,7,2,302.49,0.34679,130.35,-6.4843,high,low,low,high,0.57143,0.50607,0.84245,1,28,9,0,9,0,7,3,17,5,3,2,1,0,0,3,0,0,2,0,0,1,1,1,0,1,0,0,0
eupafolin,COC1=C(C2=C(C=C1O)OC(=CC2=O)C3=CC(=C(C=C3)O)O)O,JUN,eupafolin inhibits the reaction [Lipopolysaccharides results in increased phosphorylation of JUN protein],decreases^reaction|increases^phosphorylation,316.264,316.264,316.058305,1.92,-2.578,7,4,219.64,0.389,116.45,0.40331,high,none,none,none,0.56522,0.28236,0.86692,1,23,7,0,7,0,2,3,12,7,3,2,1,0,1,2,0,0,2,0,1,0,0,0,0,0,0,0,0
"5,7-dihydroxy-6-methoxy-2-phenylchromen-4-one",COC1=C(C2=C(C=C1O)OC(=CC2=O)C3=CC=CC=C3)O,TP53,"5,7-dihydroxy-6-methoxy-2-phenylchromen-4-one results in increased expression of TP53 protein modified form",increases^expression,284.266,284.266,284.068475,2.6114,-3.17,5,2,206.94,0.28627,75.99,0.40331,none,none,none,none,0.57143,0.26532,0.84972,1,21,5,0,5,0,2,3,12,5,3,2,1,0,1,2,0,0,2,0,1,0,0,0,0,0,0,0,0
columbamine,COC1=C(C2=C[N+]3=C(C=C2C=C1)C4=CC(=C(C=C4CC3)OC)O)OC,STAT3,columbamine inhibits the reaction [CSF2 protein results in increased phosphorylation of STAT3 protein],decreases^reaction|increases^phosphorylation,338.382,338.382,338.139234,-0.0048001,-3.68,5,1,252.07,0.18193,51.8,-2.2481,none,none,none,none,0.56,0.11614,0.92127,1,25,5,0,5,0,3,4,16,9,4,2,2,0,1,3,0,0,2,0,1,1,0,0,0,0,1,0,0
Aflatoxin M1,COC1=C2C3=C(C(=O)CC3)C(=O)OC2=C4C(=C1)OC5C4(C=CO5)O,CDK1,Aflatoxin M1 results in decreased expression of CDK1 mRNA,decreases^expression,328.275,328.275,328.058305,0.6222,-2.764,7,1,213.22,0.37135,91.29,-2.1275,none,none,high,high,0.41667,0.020101,1.0063,1,24,7,0,7,2,1,5,6,10,5,2,3,0,4,1,0,1,1,0,3,0,0,0,0,0,0,0,0
aflatoxin G1,COC1=C2C3=C(C(=O)OCC3)C(=O)OC2=C4C5C=COC5OC4=C1,TP53,aflatoxin G1 results in increased activity of TP53 protein,increases^activity,328.275,328.275,328.058305,0.9548,-2.977,7,0,218.96,0.34746,80.29,-5.8426,none,none,high,high,0.41667,0.067315,0.98203,1,24,7,0,7,2,1,5,6,10,5,1,4,0,4,1,0,0,1,0,4,0,0,0,0,0,0,0,0
tyrphostin AG825,COC1=CC(=CC(=C1O)CSC2=NC3=CC=CC=C3S2)C=C(C#N)C(=O)N,TP53,tyrphostin AG825 inhibits the reaction [sodium arsenite results in increased expression of TP53 protein],decreases^reaction|increases^expression,397.478,397.478,397.055482,2.9757,-5.334,6,2,294.87,0.3859,162.77,-2.212,none,none,low,none,0.51852,0.44227,0.8153,1,27,8,0,8,0,6,3,15,5,3,2,1,0,0,3,0,0,2,0,0,1,1,0,0,0,1,0,0
piperlongumine,COC1=CC(=CC(=C1OC)OC)C=CC(=O)N2CCC=CC2=O,TP53,piperlongumine affects the localization of TP53 protein,affects^localization,317.34,317.34,317.126324,1.7755,-2.393,6,0,252.86,0.23582,65.07,0.4941,none,none,none,none,0.56522,0.39076,0.73618,1,23,6,0,6,0,5,2,6,8,2,1,1,0,1,1,0,0,1,0,1,0,1,0,0,0,0,0,0
syringin,COC1=CC(=CC(=C1OC2C(C(C(C(O2)CO)O)O)O)OC)C=CCO,TP53,syringin results in increased expression of TP53 protein,increases^expression,372.369,372.369,372.142035,-0.6515,-1.643,9,5,272.55,0.38708,138.07,-4.1548,none,none,none,high,0.53846,0.55,0.81951,1,26,9,0,9,5,7,2,6,18,2,1,1,1,1,1,0,0,1,1,1,0,0,0,0,0,0,0,0
(E)-4-((2-N-(4-methoxybenzenesulfonyl)amino)stilbazole)1-oxide,COC1=CC=C(C=C1)S(=O)(=O)N=C2C=CC=CC2=CC=C3C=CN(C=C3)O,CDKN1A,(E)-4-((2-N-(4-methoxybenzenesulfonyl)amino)stilbazole)1-oxide results in increased expression of CDKN1A mRNA,increases^expression,382.439,382.439,382.098728,1.759,-3.155,6,1,292.14,0.22845,87.58,2.3853,none,none,none,none,0.62963,0.40844,0.77811,1,27,7,0,7,0,3,3,6,5,3,2,1,0,2,1,0,1,1,0,1,0,0,0,0,0,0,1,0
skullcapflavone II,COC1=CC=CC(=C1C2=CC(=O)C3=C(C(=C(C(=C3O2)OC)OC)OC)O)O,MAPK14,skullcapflavone II binds to MAPK14 protein,affects^binding,374.344,374.344,374.10017,2.4014,-3.224,8,2,273.72,0.32603,103.68,0.40331,high,high,none,none,0.44444,0.32597,0.91714,1,27,8,0,8,0,5,3,12,11,3,2,1,0,1,2,0,0,2,0,1,0,0,0,0,0,0,0,0
OSI 027,COC1=CC=CC2=C1NC(=C2)C3=C4C(=NC=NN4C(=N3)C5CCC(CC5)C(=O)O)N,CCND1,[apabetalone co-treated with OSI 027] results in decreased expression of CCND1 protein,affects^cotreatment|decreases^expression,406.445,406.445,406.175339,1.4893,-4.27,9,3,300.14,0.35403,131.42,1.8328,none,none,none,none,0.5,0.33839,0.96327,1,30,9,0,9,0,4,5,18,9,5,2,3,1,1,4,1,1,1,0,0,3,0,1,0,1,5,1,1
picrasidine I,COC1=CN=C(C2=C1C3=C(N2)C(=CC=C3)O)C=C,CDK2,picrasidine I affects the expression of CDK2 protein,affects^expression,240.261,240.261,240.089878,2.3562,-3.398,4,2,183.94,0.26128,58.14,-3.5278,low,none,none,none,0.44444,0.01954,0.88837,1,18,4,0,4,0,2,3,13,3,3,1,2,0,0,3,0,0,1,0,0,2,0,0,0,0,2,0,0
SB 203580,CS(=O)C1=CC=C(C=C1)C2=NC(=C(N2)C3=CC=NC=C3)C4=CC=C(C=C4)F,TP53,SB 203580 inhibits the reaction [[Cisplatin co-treated with fisetin] results in increased phosphorylation of TP53 protein],affects^cotreatment|decreases^reaction|increases^phosphorylation,377.442,377.442,377.09981,3.5687,-5.242,4,1,280.96,0.20875,77.85,-0.19517,none,none,none,none,0.51852,0.37213,0.83016,1,27,6,0,6,1,4,4,23,2,4,2,2,0,0,4,0,0,2,0,0,2,0,0,0,0,3,1,0
5'-methylthioadenosine,CSCC1C(C(C(O1)N2C=NC3=C(N=CN=C32)N)O)O,TP53,5'-methylthioadenosine results in increased expression of TP53 protein,increases^expression,297.338,297.338,297.08956,-0.6637,-3.207,8,3,204.57,0.53155,144.61,-0.33194,none,none,none,none,0.55,0.40622,0.87805,1,20,9,0,9,4,3,3,9,10,3,0,3,1,1,2,0,0,0,1,1,2,0,1,0,1,4,1,0
