Name,SMILES,Total Molweight,cLogP,H-Acceptors,H-Donors,Total Surface Area,Relative PSA,Rotatable Bonds,Senotherapeutics:
(19Z)-halichondramide,CC1CCC=CC2=NC(=CO2)C3=NC(=CO3)C4=NC(=CO4)C(C(C(=O)C=CCC(CC(=O)OC1CC(C(C)CCC(=O)C(C)C(CC=CN(C)C=O)OC)OC)O)C)OC,836.976,5.0626,16,1,674.23,0.27298,14,1
"(4-(((2-(3-fluoro-4-(trifluoromethyl)phenyl)-4-methyl-1,3-thiazol-5-yl)methyl)sulfanyl)-2-methylphenoxy)acetic acid",CC1=C(C=CC(=C1)SCC2=C(N=C(S2)C3=CC(=C(C=C3)C(F)(F)F)F)C)OCC(=O)O,471.494,5.1092,4,1,326.92,0.25988,8,1
"(5-(2,4-bis((3S)-3-methylmorpholin-4-yl)pyrido(2,3-d)pyrimidin-7-yl)-2-methoxyphenyl)methanol",CC1COCCN1C2=NC(=NC3=C2C=CC(=N3)C4=CC(=C(C=C4)OC)CO)N5CCOCC5C,465.552,2.4865,9,1,351.95,0.23614,5,1
(E)-4-((2-N-(4-methoxybenzenesulfonyl)amino)stilbazole)1-oxide,COC1=CC=C(C=C1)S(=O)(=O)N=C2C=CC=CC2=CC=C3C=CN(C=C3)O,382.439,1.759,6,1,292.14,0.22845,3,1
"1,2-distearoyllecithin",CCCCCCCCCCCCCCCCCC(=O)OCC(COP(=O)([O-])OCC[N+](C)(C)C)OC(=O)CCCCCCCCCCCCCCCCC,790.156,7.7767,9,0,695.34,0.12909,44,1
"1,2-linoleoylphosphatidylcholine",CCCCCC=CCC=CCCCCCCCC(=O)OCC(COP(=O)([O-])OCC[N+](C)(C)C)OC(=O)CCCCCCCC=CCC=CCCCCC,782.092,6.7679,9,0,691.26,0.12985,40,1
"1,3-dihydro-1-(1-((4-(6-phenyl-1H-imidazo(4,5-g)quinoxalin-7-yl)phenyl)methyl)-4-piperidinyl)-2H-benzimidazol-2-one",C1CN(CCC1N2C3=CC=CC=C3NC2=O)CC4=CC=C(C=C4)C5=C(N=C6C=C7C(=NC=N7)C=C6N5)C8=CC=CC=C8,551.652,3.9404,8,2,410.89,0.18883,5,1
10-decarbamoylmitomycin C,CC1=C(C(=O)C2=C(C1=O)N3CC4C(C3(C2CO)OC)N4)N,291.306,-1.6656,7,3,197.58,0.45359,2,1
10-hydroxycamptothecin,CCC1(C2=C(COC1=O)C(=O)N3CC4=C(C3=C2)N=C5C=CC(=CC5=C4)O)O,364.356,0.8381,7,2,246.2,0.31194,1,1
103D5R,CC(C1=C(C2=C(C=C1)OC(C=C2)(C)C)OC)N3C=NC4=C3C=CC=N4,335.406,4.0763,5,0,259.29,0.18824,3,1
11-nor-delta(9)-tetrahydrocannabinol-9-carboxylic acid,CCCCCC1=CC(=C2C3C=C(CCC3C(OC2=C1)(C)C)C(=O)O)O,344.449,4.8547,4,2,266.17,0.18499,5,1
"14-deoxy-11,12-didehydroandrographolide",CC12CCC(C(C1CCC(=C)C2C=CC3=CCOC3=O)(C)CO)O,332.438,2.4713,4,2,252.81,0.19477,3,1
17-(dimethylaminoethylamino)-17-demethoxygeldanamycin,CC1CC(C(C(C=C(C(C(C=CC=C(C(=O)NC2=CC(=O)C(=C(C1)C2=O)NCCN(C)C)C)OC)OC(=O)N)C)C)O)OC,616.753,2.0968,12,4,487.26,0.28116,8,1
2''-galloylhyperin,C1=CC(=C(C=C1C2=C(C(=O)C3=C(C=C(C=C3O2)O)O)OC4C(C(C(C(O4)CO)O)O)OC(=O)C5=CC(=C(C(=C5)O)O)O)O)O,616.483,0.5444,16,10,403.96,0.48787,7,1
"2',4'-dichlorobenzamil amiloride",C1=CC(=C(C=C1Cl)Cl)CNN=CNC(=O)C2=C(N=C(C(=N2)Cl)N)N,388.645,1.6264,8,4,273.03,0.36608,4,1
2'-epi-2'-O-acetylthevetin B,CC1C(C(C(C(O1)OC2CCC3(C(C2)CCC4C3CCC5(C4(CCC5C6=CC(=O)OC6)O)C)C)OC(=O)C)OC)OC7C(C(C(C(O7)COC8C(C(C(C(O8)CO)O)O)O)O)O)O,901.005,-0.7497,19,8,614.16,0.35965,12,1
"2,3,5-(triglutathion-S-yl)hydroquinone",C1=C(C(=C(C(=C1SCC(C(=O)NCC(=O)O)NC(=O)CCC(C(=O)O)N)O)SCC(C(=O)NCC(=O)O)NC(=O)CCC(C(=O)O)N)SCC(C(=O)NCC(=O)O)NC(=O)CCC(C(=O)O)N)O,1026.04,-13.536,29,17,723.97,0.59163,33,1
"2-((3-acrylamido-4-methylphenyl)amino)-N-(2-methyl-5-(3,4,5-trimethoxybenzamido)phenyl)-4-(methylamino)pyrimidine-5-carboxamide",CC1=C(C=C(C=C1)NC2=NC=C(C(=N2)NC)C(=O)NC3=C(C=CC(=C3)NC(=O)C4=CC(=C(C(=C4)OC)OC)OC)C)NC(=O)C=C,625.684,4.7401,13,5,488.71,0.30357,12,1
2-(1-(3-dimethylaminopropyl)-5-methoxyindol-3-yl)-3-(1H-indol-3-yl)maleimide,CN(C)CCCN1C=C(C2=C1C=CC(=C2)OC)C3=C(C(=O)NC3=O)C4=CNC5=CC=CC=C54,442.517,1.6506,7,2,335.73,0.21431,7,1
2-(4-(2-carboxyethyl)phenethylamino)-5'-N-ethylcarboxamidoadenosine,CCNC(=O)C1C(C(C(O1)N2C=NC3=C(N=C(N=C32)NCCC4=CC=C(C=C4)CCC(=O)O)N)O)O,499.526,-0.4381,13,6,366.65,0.41825,10,1
2-(4-nitrophenyl)-4-(4-fluorophenyl)-5-(4-pyridinyl)-1H-imidazole,C1=CC(=CC=C1C2=NC(=C(N2)C3=CC=NC=C3)C4=CC=C(C=C4)F)[N+](=O)[O-],360.347,3.1415,6,1,269.65,0.24606,4,1
2-phenyl-4-(3-pyridin-2-yl-1H-pyrazol-4-yl)pyridine,C1=CC=C(C=C1)C2=NC=CC(=C2)C3=C(NN=C3)C4=CC=CC=N4,298.348,2.802,4,1,238.39,0.19674,3,1
"3',4',7-trihydroxyisoflavone",C1=CC(=C(C=C1C2=COC3=C(C2=O)C=CC(=C3)O)O)O,270.239,1.6272,5,3,191.03,0.32634,1,1
3'-O-(4-benzoyl)benzoyladenosine 5'-triphosphate,C1=CC=C(C=C1)C(=O)C2=CC=C(C=C2)C(=O)OC3C(OC(C3O)N4C=NC5=C(N=CN=C54)N)COP(=O)(O)OP(=O)(O)OP(=O)(O)O,715.397,-7.0108,20,6,460.2,0.53822,13,1
"3,4-di-O-caffeoylquinic acid",C1C(C(C(CC1(C(=O)O)O)OC(=O)C=CC2=CC(=C(C=C2)O)O)OC(=O)C=CC3=CC(=C(C=C3)O)O)O,516.454,0.7977,12,7,365.65,0.41247,9,1
3-((3-trifluoromethyl)phenyl)-5-((3-carboxyphenyl)methylene)-2-thioxo-4-thiazolidinone,C1=CC(=CC(=C1)N2C(=O)C(=CC3=CC=C(C=C3)C(=O)O)SC2=S)C(F)(F)F,409.407,3.2257,4,1,276.04,0.31959,4,1
3-(5'-hydroxymethyl-2'-furyl)-1-benzylindazole,C1=CC=C(C=C1)CN2C3=CC=CC=C3C(=N2)C4=CC=C(O4)CO,304.348,2.8289,4,1,238.9,0.18857,4,1
3-O-caffeoyl-1-methylquinic acid,COC1(CC(C(C(C1)OC(=O)C=CC2=CC(=C(C=C2)O)O)O)O)C(=O)O,368.337,-0.3406,9,5,261.2,0.42718,6,1
"3-Pyridinecarboxylic acid, 1,4-dihydro-2,6-dimethyl-5-nitro-4-(2-(trifluoromethyl)phenyl)-, Methyl ester",CC1=C(C(C(=C(N1)C)[N+](=O)[O-])C2=CC=CC=C2C(F)(F)F)C(=O)OC,356.299,2.6273,6,1,247.22,0.2626,5,1
3-deazaneplanocin,C1=CN=C(C2=C1N(C=N2)C3C=C(C(C3O)O)CO)N,262.268,-0.8991,7,4,184.62,0.45163,2,1
4'-O-methylalpinumisoflavone,CC1(C=CC2=C(O1)C=C3C(=C2O)C(=O)C(=CO3)C4=CC=C(C=C4)OC)C,350.369,3.2753,5,1,258.52,0.21716,2,1
"4,4'-Diisothiocyanostilbene-2,2'-Disulfonic Acid",C1=CC(=C(C=C1N=C=S)S(=O)(=O)O)C=CC2=C(C=C(C=C2)N=C=S)S(=O)(=O)O,454.527,1.9028,8,2,319.94,0.50753,6,1
4-((alpha-L-rhamnosyloxy)benzyl)isothiocyanate,CC1C(C(C(C(O1)OC2=CC=C(C=C2)CN=C=S)O)O)O,311.357,1.6027,6,3,232.61,0.42479,4,1
4-(4-(3-(pyridin-2-yl)-1H-pyrazol-4-yl)pyridin-2-yl)-N-(tetrahydro-2H-pyran-4-yl)benzamide,C1COCCC1NC(=O)C2=CC=C(C=C2)C3=NC=CC(=C3)C4=C(NN=C4)C5=CC=CC=N5,425.491,2.6325,7,2,331.64,0.24545,5,1
4-(4-fluorophenyl)-2-(4-hydroxyphenyl)-5-(4-pyridyl)imidazole,C1=CC(=CC=C1C2=NC(=C(N2)C3=CC=NC=C3)C4=CC=C(C=C4)F)O,331.349,3.7174,4,2,252.33,0.19431,3,1
"4-(5-benzo(1,3)dioxol-5-yl-4-pyridin-2-yl-1H-imidazol-2-yl)benzamide",C1OC2=C(O1)C=C(C=C2)C3=C(NC(=N3)C4=CC=C(C=C4)C(=O)N)C5=CC=CC=N5,384.394,3.252,7,2,286.16,0.29438,4,1
5'-methylthioadenosine,CSCC1C(C(C(O1)N2C=NC3=C(N=CN=C32)N)O)O,297.338,-0.6637,8,3,204.57,0.53155,3,1
"5,7,3'-trihydroxy-3,4'-dimethoxyflavone",COC1=C(C=C(C=C1)C2=C(C(=O)C3=C(C=C(C=C3O2)O)O)OC)O,330.291,2.1938,7,3,233.76,0.35224,3,1
"5,7-dihydroxy-2-methyl-8-(4-(3-hydroxy-1-methyl)-piperidinyl)-4H-1-benzopyran-4-one",CC1=CC(=O)C2=C(O1)C(=C(C=C2O)O)C3CCN(CC3O)C,305.329,1.6169,6,3,218.87,0.30105,1,1
"5,7-dihydroxy-3-(3-hydroxy-4-methoxybenzyl)-6-methoxychroman-4-one",COC1=C(C=C(C=C1)CC2COC3=C(C2=O)C(=C(C(=C3)O)OC)O)O,346.334,2.2107,7,3,250.86,0.32823,4,1
"5,7-dihydroxy-6-methoxy-2-phenylchromen-4-one",COC1=C(C2=C(C=C1O)OC(=CC2=O)C3=CC=CC=C3)O,284.266,2.6114,5,2,206.94,0.28627,2,1
"5-((5-fluoro-2-oxo-1,2-dihydro-3H-indol-3-ylidene)methyl)-N-(2-hydroxy-3-morpholin-4-ylpropyl)-2,4-dimethyl-1H-pyrrole-3-carboxamide",CC1=C(NC(=C1C(=O)NCC(CN2CCOCC2)O)C)C=C3C4=C(C=CC(=C4)F)NC3=O,442.489,0.425,8,4,331.3,0.27057,6,1
"5-amino-7-(cyclohexylamino)-1-ethyl-6-fluoro-4-oxo-1,4-dihydroquinoline-3-carboxylic acid",CCN1C=C(C(=O)C2=C1C=C(C(=C2N)F)NC3CCCCC3)C(=O)O,347.389,1.4135,6,3,256.77,0.27051,4,1
"5-chloro-N2-(1-(5-fluoropyridin-2-yl)ethyl)-N4-(5-isopropoxy-1H-pyrazol-3-yl)pyrimidine-2,4-diamine",CC(C)OC1=NNC(=C1)NC2=NC(=NC=C2Cl)NC(C)C3=NC=C(C=C3)F,391.837,2.7514,8,3,293.86,0.30896,7,1
"6-(4-chlorophenyl)imidazo(2,1-b)(1,3)thiazole-5-carbaldehyde O-(3,4-dichlorobenzyl)oxime",C1=CC(=CC=C1C2=C(N3C=CSC3=N2)C=NOCC4=CC(=C(C=C4)Cl)Cl)Cl,436.749,6.5311,4,0,307.51,0.19768,5,1
"7,8-diacetoxy-4-methylcoumarin",CC1=CC(=O)OC2=C1C=CC(=C2OC(=O)C)OC(=O)C,276.243,1.549,6,0,204.5,0.338,4,1
"7,8-diacetoxy-4-methylthiocoumarin",CC1=CC(=S)OC2=C1C=CC(=C2OC(=O)C)OC(=O)C,292.31,1.7684,5,0,219.46,0.38312,4,1
7-methylguanosine triphosphate,CN1C=[N+](C2=C1C(=O)NC(=N2)N)C3C(C(C(O3)COP(=O)(O)OP(=O)(O)OP(=O)(O)[O-])O)O,537.207,-15.887,19,7,320.07,0.72406,8,1
7-monohydroxyethylrutoside,CC1C(C(C(C(O1)OCC2C(C(C(C(O2)OC3=C(OC4=CC(=CC(=C4C3=O)O)OCCO)C5=CC(=C(C=C5)O)O)O)O)O)O)O)O,654.572,-1.502,17,10,435.23,0.46881,9,1
9-methoxycamptothecin,CCC1(C2=C(COC1=O)C(=O)N3CC4=CC5=C(C=CC=C5OC)N=C4C3=C2)O,378.383,1.1138,7,1,262.11,0.28118,2,1
A-1210477,CC1=NN(C(=C1C2=CC=CC3=C2N(C(=C3CCCOC4=CC=CC5=CC=CC=C54)C(=O)O)CCN6CCOCC6)COC7=CC=C(C=C7)N8CCN(CC8)S(=O)(=O)N(C)C)C,850.051,4.1661,14,1,637.46,0.19394,14,1
ABBV-744,CCNC(=O)C1=CC2=C(N1)C(=O)N(C=C2C3=C(C=CC(=C3)C(C)(C)O)OC4=C(C=C(C=C4C)F)C)C,491.561,4.0266,7,3,371.25,0.21059,6,1
ABT-737,CN(C)CCC(CSC1=CC=CC=C1)NC2=C(C=C(C=C2)S(=O)(=O)NC(=O)C3=CC=C(C=C3)N4CCN(CC4)CC5=CC=CC=C5C6=CC=C(C=C6)Cl)[N+](=O)[O-],813.441,6.6427,11,2,602.63,0.20427,15,1
AICA ribonucleotide,C1=NC(=C(N1C2C(C(C(O2)COP(=O)(O)O)O)O)N)C(=O)N,338.212,-6.1716,12,6,215.44,0.70015,5,1
AM 251,CC1=C(N(N=C1C(=O)NN2CCCCC2)C3=C(C=C(C=C3)Cl)Cl)C4=CC=C(C=C4)I,555.242,4.0375,5,1,344.93,0.13304,4,1
AP20187,CCC(C1=CC(=C(C(=C1)OC)OC)OC)C(=O)N2CCCCC2C(=O)OC(CCC3=CC(=C(C=C3)OC)OC)C4=CC(=CC=C4)OCC(=O)NCC(CNC(=O)COC5=CC=CC(=C5)C(CCC6=CC(=C(C=C6)OC)OC)OC(=O)C7CCCCN7C(=O)C(CC)C8=CC(=C(C(=C8)OC)OC)OC)CN(C)C,1482.77,10.04,25,2,1166.0,0.21597,42,1
ARV-825,CC1=C(SC2=C1C(=NC(C3=NN=C(N32)C)CC(=O)NC4=CC=C(C=C4)OCCOCCOCCOCCNC5=CC=CC6=C5C(=O)N(C6=O)C7CCC(=O)NC7=O)C8=CC=C(C=C8)Cl)C,923.445,4.4441,17,3,679.42,0.29998,19,1
AS602868,CC1=CC(=O)N(C1=O)NC2=NC(=NC3=C2C(=CC=C3)OC)C4=CC=CS4,366.4,3.1028,7,1,264.07,0.35366,4,1
AZ-628,CC1=C(C=C(C=C1)NC(=O)C2=CC(=CC=C2)C(C)(C)C#N)NC3=CC4=C(C=C3)N=CN(C4=O)C,451.529,4.6632,7,2,353.92,0.21932,5,1
AZD 1480,CC1=CC(=NN1)NC2=NC(=NC=C2Cl)NC(C)C3=NC=C(C=N3)F,348.772,1.3755,8,3,257.86,0.35585,5,1
AZD5991,CC1=C2C(=NN1C)CSCC3=NN(C(=C3)CSC4=CC5=CC=CC=C5C(=C4)OCCCC6=C(N(C7=C6C=CC(=C27)Cl)C)C(=O)O)C,672.272,5.9876,8,1,489.46,0.23224,1,1
Aflatoxin M1,COC1=C2C3=C(C(=O)CC3)C(=O)OC2=C4C(=C1)OC5C4(C=CO5)O,328.275,0.6222,7,1,213.22,0.37135,1,1
"Akt-I-1,2 compound",C1CN(CCC1N2C3=CC=CC=C3NC2=O)CC4=CC=C(C=C4)C5=C(N=C6C=C7C(=NC=N7)C=C6N5)C8=CC=CC=C8,551.652,3.9404,8,2,410.89,0.18883,5,1
Alpha-Amanitin,CCC(C)C1C(=O)NCC(=O)NC2CS(=O)C3=C(CC(C(=O)NCC(=O)N1)NC(=O)C(NC(=O)C4CC(CN4C(=O)C(NC2=O)CC(=O)N)O)C(C)C(CO)O)C5=C(N3)C=C(C=C5)O,918.98,-6.0657,24,13,649.46,0.47041,7,1
Aminopterin,C1=CC(=CC=C1C(=O)NC(CCC(=O)O)C(=O)O)NCC2=CN=C3C(=N2)C(=NC(=N3)N)N,440.419,-1.4779,13,6,322.35,0.50461,9,1
Amlodipine,CCOC(=O)C1=C(NC(=C(C1C2=CC=CC=C2Cl)C(=O)OC)C)COCCN,408.88,2.071,7,2,310.82,0.26642,10,1
Amphotericin B,CC1C=CC=CC=CC=CC=CC=CC=CC(CC2C(C(CC(O2)(CC(CC(C(CCC(CC(CC(=O)OC(C(C1O)C)C)O)O)O)O)O)O)O)C(=O)O)OC3C(C(C(C(O3)C)O)N)O,924.087,0.323,18,12,706.9,0.31893,3,1
Amygdalin,C1=CC=C(C=C1)C(C#N)OC2C(C(C(C(O2)COC3C(C(C(C(O3)CO)O)O)O)O)O)O,457.43,-3.0796,12,7,317.44,0.4576,7,1
Angiotensin II,CCC(C)C(C(=O)NC(CC1=CN=CN1)C(=O)N2CCCC2C(=O)NC(CC3=CC=CC=C3)C(=O)O)NC(=O)C(CC4=CC=C(C=C4)O)NC(=O)C(C(C)C)NC(=O)C(CCCN=C(N)N)NC(=O)C(CC(=O)O)N,1046.19,-4.3508,25,13,799.4,0.38935,29,1
Antimycin A,CCCCCCC1C(C(OC(=O)C(C(OC1=O)C)NC(=O)C2=C(C(=CC=C2)NC=O)O)C)OC(=O)CC(C)C,548.631,3.6974,11,3,428.43,0.30628,12,1
Axitinib,CNC(=O)C1=CC=CC=C1SC2=CC3=C(C=C2)C(=NN3)C=CC4=CC=CC=N4,386.478,3.4441,5,2,299.93,0.25979,5,1
Azithromycin,CCC1C(C(C(N(CC(CC(C(C(C(C(C(=O)O1)C)OC2CC(C(C(O2)C)O)(C)OC)C)OC3C(C(CC(O3)C)N(C)C)O)(C)O)C)C)C)O)(C)O,748.992,1.6569,14,5,562.27,0.25902,7,1
BI-2852,CN1C=C(N=C1)CN2C=CC3=C2C=C(C=C3)CNCC4=C(C5=CC=CC=C5N4)C6C7=C(C=CC(=C7)O)C(=O)N6,516.603,3.0974,8,4,388.03,0.22617,7,1
BMS 536924,CC1=CC(=CC2=C1N=C(N2)C3=C(C=CNC3=O)NCC(C4=CC(=CC=C4)Cl)O)N5CCOCC5,479.966,1.2306,8,4,354.67,0.24691,6,1
BMS 754807,CC1(CCCN1C2=NN3C=CC=C3C(=N2)NC4=NNC(=C4)C5CC5)C(=O)NC6=CN=C(C=C6)F,461.504,2.3302,10,3,336.93,0.31262,6,1
BX795,C1CCN(C1)C(=O)NC2=CC=CC(=C2)NC3=NC=C(C(=N3)NCCCNC(=O)C4=CC=CS4)I,591.472,4.1768,9,4,386.98,0.30433,9,1
Beclomethasone,CC1CC2C3CCC4=CC(=O)C=CC4(C3(C(CC2(C1(C(=O)CO)O)C)O)Cl)C,408.92,1.9842,5,3,277.9,0.23526,2,1
Betalains,C1C(NC(=CC1=CC=[N+]2C(CC3=CC(=C(C=C32)O)OC4C(C(C(C(O4)CO)O)O)O)C(=O)[O-])C(=O)O)C(=O)O,550.471,-7.7952,15,8,362.45,0.47278,7,1
Bilirubin,CC1=C(NC(=C1CCC(=O)O)CC2=C(C(=C(N2)C=C3C(=C(C(=O)N3)C)C=C)C)CCC(=O)O)C=C4C(=C(C(=O)N4)C=C)C,584.671,3.7687,10,6,453.96,0.28474,12,1
Biliverdine,CC1=C(C(=CC2=C(C(=C(N2)C=C3C(=C(C(=O)N3)C)C=C)C)CCC(=O)O)NC1=CC4=NC(=O)C(=C4C)C=C)CCC(=O)O,582.655,3.687,10,5,447.97,0.28301,11,1
Bleomycin,CC1=C(N=C(N=C1N)C(CC(=O)N)NCC(C(=O)N)N)C(=O)NC(C(C2=CN=CN2)OC3C(C(C(C(O3)CO)O)O)OC4C(C(C(C(O4)CO)O)OC(=O)N)O)C(=O)NC(C)C(C(C)C(=O)NC(C(C)O)C(=O)NCCC5=NC(=CS5)C6=NC(=CS6)C(=O)NCCC[S+](C)C)O,1415.57,-9.9559,38,20,996.6,0.51554,36,1
Bortezomib,B(C(CC(C)C)NC(=O)C(CC1=CC=CC=C1)NC(=O)C2=NC=CN=C2)(O)O,384.242,1.9321,8,4,305.8,0.31766,9,1
Bosentan,CC(C)(C)C1=CC=C(C=C1)S(=O)(=O)NC2=C(C(=NC(=N2)C3=NC=CC=N3)OCCO)OC4=CC=CC=C4OC,551.622,3.479,11,2,410.94,0.3091,10,1
CA 074 methyl ester,CCCNC(=O)C1C(O1)C(=O)NC(C(C)CC)C(=O)N2CCCC2C(=O)OC,397.47,-0.1692,9,2,312.47,0.34013,10,1
CEP-11004,CC(C)SCC1=CC2=C(C=C1)N3C4CC(C(O4)(N5C6=C(C=C(C=C6)CSC(C)C)C7=C8CNC(=O)C8=C2C3=C75)C)(C(=O)OC)O,643.827,6.7325,8,2,444.77,0.26836,8,1
CGK 733,C1=CC=C(C=C1)C(C2=CC=CC=C2)C(=O)NC(C(Cl)(Cl)Cl)NC(=S)NC3=CC(=C(C=C3)F)[N+](=O)[O-],555.844,4.7912,7,3,389.31,0.27187,8,1
CPI-0610,CC1=NOC2=C1C3=CC=CC=C3C(=NC2CC(=O)N)C4=CC=C(C=C4)Cl,365.819,3.4003,5,1,270.91,0.23956,3,1
CPI203,CC1=C(SC2=C1C(=NC(C3=NN=C(N32)C)CC(=O)N)C4=CC=C(C=C4)Cl)C,399.905,3.1396,6,1,289.64,0.30724,3,1
CRT 0066101,CCC(CNC1=NC(=NC=C1)C2=C(C=CC(=C2)C3=CN(N=C3)C)O)N,338.414,1.0091,7,3,269.13,0.29581,6,1
CU-CPT22,CCCCCCOC(=O)C1=CC(=O)C(=C2C(=C1)C=C(C(=C2O)O)OC)O,362.377,1.8242,7,3,274.34,0.31122,8,1
CX 5461,CC1=CN=C(C=N1)CNC(=O)C2=C3N(C4=CC=CC=C4S3)C5=C(C2=O)C=CC(=N5)N6CCCN(CC6)C,513.624,1.9594,9,1,373.91,0.26367,4,1
Calcimycin,CC1CCC2(C(CC(C(O2)C(C)C(=O)C3=CC=CN3)C)C)OC1CC4=NC5=C(O4)C=CC(=C5C(=O)O)NC,523.628,3.4828,9,3,393.7,0.27866,7,1
Camptothecin,CCC1(C2=C(COC1=O)C(=O)N3CC4=CC5=CC=CC=C5N=C4C3=C2)O,348.357,1.1838,6,1,239.85,0.26558,1,1
Catechin,C1C(C(OC2=CC(=CC(=C21)O)O)C3=CC(=C(C=C3)O)O)O,290.27,1.5087,6,5,200.03,0.37744,1,1
Cefadroxil,CC1=C(N2C(C(C2=O)NC(=O)C(C3=CC=C(C=C3)O)N)SC1)C(=O)O,363.393,-2.3737,8,4,246.42,0.45893,4,1
Cefazolin,CC1=NN=C(S1)SCC2=C(N3C(C(C3=O)NC(=O)CN4C=NN=N4)SC2)C(=O)O,454.515,-1.0017,12,2,302.76,0.6087,7,1
Cefotaxime,CC(=O)OCC1=C(N2C(C(C2=O)NC(=O)C(=NOC)C3=CSC(=N3)N)SC1)C(=O)O,455.471,-0.5074,12,3,309.01,0.56914,8,1
Cephalothin,CC(=O)OCC1=C(N2C(C(C2=O)NC(=O)CC3=CC=CS3)SC1)C(=O)O,396.443,0.5912,8,2,270.26,0.47406,7,1
Ceruletide,CC(C(C(=O)NCC(=O)NC(CC1=CNC2=CC=CC=C21)C(=O)NC(CCSC)C(=O)NC(CC(=O)O)C(=O)NC(CC3=CC=CC=C3)C(=O)N)NC(=O)C(CC4=CC=C(C=C4)OS(=O)(=O)O)NC(=O)C(CC(=O)O)NC(=O)C(CCC(=O)N)NC(=O)C5CCC(=O)N5)O,1352.42,-6.8549,34,17,979.7,0.45949,38,1
Chir 99021,CC1=CN=C(N1)C2=CN=C(N=C2C3=C(C=C(C=C3)Cl)Cl)NCCNC4=NC=C(C=C4)C#N,465.347,3.6043,8,3,352.4,0.26774,7,1
Chitosan,COC(=O)NC1C(C(C(OC1OC2C(OC(C(C2O)N)OC3C(OC(C(C3O)N)O)CO)CO)CO)OC4C(C(C(C(O4)CO)OC5C(C(C(C(O5)CO)OC6C(C(C(C(O6)CO)OC7C(C(C(C(O7)CO)OC8C(C(C(C(O8)CO)OC9C(C(C(C(O9)CO)O)O)N)O)N)O)N)O)N)O)N)O)N)O,1526.46,-20.286,48,29,994.97,0.59164,27,1
Chondroitin Sulfates,CC(=O)NC1C(C(C(OC1O)OS(=O)(=O)O)O)OC2C(C(C(C(O2)C(=O)O)O)O)O,463.368,-6.1604,16,8,283.75,0.69716,6,1
Clarithromycin,CCC1C(C(C(C(=O)C(CC(C(C(C(C(C(=O)O1)C)OC2CC(C(C(O2)C)O)(C)OC)C)OC3C(C(CC(O3)C)N(C)C)O)(C)OC)C)C)O)(C)O,747.96,2.0998,14,4,559.61,0.27167,8,1
Cloxacillin,CC1=C(C(=NO1)C2=CC=CC=C2Cl)C(=O)NC3C4N(C3=O)C(C(S4)(C)C)C(=O)O,435.887,2.7038,8,2,293.43,0.37419,4,1
Colchicine,CC(=O)NC1CCC2=CC(=C(C(=C2C3=CC=C(C(=O)C=C13)OC)OC)OC)OC,399.442,1.863,7,1,308.67,0.25121,5,1
Colforsin,CC(=O)OC1C(C2C(CCC(C2(C3(C1(OC(CC3=O)(C)C=C)C)O)C)O)(C)C)O,410.505,1.3206,7,3,288.98,0.29545,3,1
Colistin,CCC(C)CCCC(=O)NC(CCN)C(=O)NC(C(C)O)C(=O)NC(CCN)C(=O)NC1CCNC(=O)C(NC(=O)C(NC(=O)C(NC(=O)C(NC(=O)C(NC(=O)C(NC1=O)CCN)CC(C)C)CC(C)C)CCN)CCN)C(C)O,1155.45,-6.7727,29,18,909.87,0.4089,28,1
Coumestrol,C1=CC2=C(C=C1O)OC3=C2C(=O)OC4=C3C=CC(=C4)O,268.224,2.8407,5,2,184.26,0.34381,0,1
Crizotinib,CC(C1=C(C=CC(=C1Cl)F)Cl)OC2=C(N=CC(=C2)C3=CN(N=C3)C4CCNCC4)N,450.344,3.5382,6,2,325.47,0.20137,5,1
Cyclosporine,CCC1C(=O)N(CC(=O)N(C(C(=O)NC(C(=O)N(C(C(=O)NC(C(=O)NC(C(=O)N(C(C(=O)N(C(C(=O)N(C(C(=O)N(C(C(=O)N1)C(C(C)CC=CC)O)C)C(C)C)C)CC(C)C)C)CC(C)C)C)C)C)CC(C)C)C)C(C)C)CC(C)C)C)C,1202.63,2.9037,23,5,961.6,0.2363,15,1
Cytochalasin B,CC1CCCC(C=CC(=O)OC23C(C=CC1)C(C(=C)C(C2C(NC3=O)CC4=CC=CC=C4)C)O)O,479.615,4.382,6,3,369.4,0.19962,2,1
Cytochalasin D,CC1CC=CC2C(C(=C)C(C3C2(C(C=CC(C1=O)(C)O)OC(=O)C)C(=O)NC3CC4=CC=CC=C4)C)O,507.625,3.3883,7,3,380.8,0.22789,4,1
DIBA-1,C1=CC=C(C(=C1)C(=O)NC2=CC=C(C=C2)S(=O)(=O)N)SSC3=CC=CC=C3C(=O)NC4=CC=C(C=C4)S(=O)(=O)N,614.747,3.6054,10,4,420.14,0.40863,9,1
Dactinomycin,CC1C(C(=O)NC(C(=O)N2CCCC2C(=O)N(CC(=O)N(C(C(=O)O1)C(C)C)C)C)C(C)C)NC(=O)C3=C4C(=C(C=C3)C)OC5=C(C(=O)C(=C(C5=N4)C(=O)NC6C(OC(=O)C(N(C(=O)CN(C(=O)C7CCCN7C(=O)C(NC6=O)C(C)C)C)C)C(C)C)C)N)C,1255.43,-0.9435,28,5,919.22,0.31923,8,1
Dasatinib,CC1=C(C(=CC=C1)Cl)NC(=O)C2=CN=C(S2)NC3=CC(=NC(=N3)C)N4CCN(CC4)CCO,488.014,3.6259,9,3,361.62,0.30261,7,1
Daunorubicin,CC1C(C(CC(O1)OC2CC(CC3=C2C(=C4C(=C3O)C(=O)C5=C(C4=O)C(=CC=C5)OC)O)(C(=O)C)O)N)O,527.524,1.094,11,5,360.66,0.37928,4,1
Demeclocycline,CN(C)C1C2CC3C(C4=C(C=CC(=C4C(=C3C(=O)C2(C(=C(C1=O)C(=O)N)O)O)O)O)Cl)O,464.857,-1.0468,10,6,296.53,0.41628,2,1
Dexamethasone,CC1CC2C3CCC4=CC(=O)C=CC4(C3(C(CC2(C1(C(=O)CO)O)C)O)F)C,392.465,1.2884,5,3,268.83,0.2432,2,1
Dicumarol,C1=CC=C2C(=C1)C(=C(C(=O)O2)CC3=C(C4=CC=CC=C4OC3=O)O)O,336.298,2.588,6,2,233.82,0.30913,2,1
Digitoxin,CC1C(C(CC(O1)OC2C(OC(CC2O)OC3C(OC(CC3O)OC4CCC5(C(C4)CCC6C5CCC7(C6(CCC7C8=CC(=O)OC8)O)C)C)C)C)O)O,764.946,2.7475,13,5,533.62,0.27836,7,1
Dipyridamole,C1CCN(CC1)C2=NC(=NC3=C2N=C(N=C3N4CCCCC4)N(CCO)CCO)N(CCO)CCO,504.634,0.7916,12,4,390.18,0.28315,12,1
Docetaxel,CC1=C2C(C(=O)C3(C(CC4C(C3C(C(C2(C)C)(CC1OC(=O)C(C(C5=CC=CC=C5)NC(=O)OC(C)(C)C)O)O)OC(=O)C6=CC=CC=C6)(CO4)OC(=O)C)O)C)O,807.887,2.609,15,5,568.96,0.31471,13,1
Doxorubicin,CC1C(C(CC(O1)OC2CC(CC3=C2C(=C4C(=C3O)C(=O)C5=C(C4=O)C(=CC=C5)OC)O)(C(=O)CO)O)N)O,543.523,0.1673,12,6,368.51,0.40675,5,1
Doxycycline,CC1C2C(C3C(C(=O)C(=C(C3(C(=O)C2=C(C4=C1C=CC=C4O)O)O)O)C(=O)N)N(C)C)O,444.439,-1.0999,10,6,292.11,0.42258,2,1
EPZ004777,CC(C)N(CCCNC(=O)NC1=CC=C(C=C1)C(C)(C)C)CC2C(C(C(O2)N3C=CC4=C(N=CN=C43)N)O)O,539.679,2.65,11,5,412.28,0.29055,10,1
ETP-45299,CC1=CC2=NC=C(N2N=C1NCC3=CC=C(C=C3)OC)C(=O)NC4=CC=CC=C4,387.442,2.4542,7,2,304.5,0.2491,6,1
Ecdysterone,CC12CCC3C(=CC(=O)C4C3(CC(C(C4)O)O)C)C1(CCC2C(C)(C(CCC(C)(C)O)O)O)O,480.639,2.0578,7,6,338.49,0.27073,5,1
Ellagic Acid,C1=C2C3=C(C(=C1O)O)OC(=O)C4=CC(=C(C(=C43)OC2=O)O)O,302.194,1.2774,8,4,186.92,0.52686,0,1
Epirubicin,CC1C(C(CC(O1)OC2CC(CC3=C2C(=C4C(=C3O)C(=O)C5=C(C4=O)C(=CC=C5)OC)O)(C(=O)CO)O)N)O,543.523,0.1673,12,6,368.51,0.40675,5,1
Eptifibatide,C1CC2C(=O)NC(CSSCCC(=O)NC(C(=O)NCC(=O)NC(C(=O)NC(C(=O)N2C1)CC3=CNC4=CC=CC=C43)CC(=O)O)CCCCN=C(N)N)C(=O)N,831.974,-2.858,20,10,611.27,0.46552,10,1
Erythromycin,CCC1C(C(C(C(=O)C(CC(C(C(C(C(C(=O)O1)C)OC2CC(C(C(O2)C)O)(C)OC)C)OC3C(C(CC(O3)C)N(C)C)O)(C)O)C)C)O)(C)O,733.933,1.6719,14,5,543.7,0.28532,7,1
Everolimus,CC1CCC2CC(C(=CC=CC=CC(CC(C(=O)C(C(C(=CC(C(=O)CC(OC(=O)C3CCCCN3C(=O)C(=O)C1(O2)O)C(C)CC4CCC(C(C4)OC)OCCO)C)C)O)OC)C)C)C)OC,958.235,6.4181,15,3,754.43,0.22275,9,1
FR 173657,CC1=NC2=C(C=CC=C2OCC3=C(C=CC(=C3Cl)N(C)C(=O)CNC(=O)C=CC4=CN=C(C=C4)NC(=O)C)Cl)C=C1,592.481,4.7976,9,2,443.01,0.22015,9,1
FR 180204,C1=CC=C(C=C1)C2=NN3C=CC=CC3=C2C4=CC5=C(NN=C5N=N4)N,327.35,1.1184,7,2,245.76,0.32996,2,1
FR900359,CCC(=O)NC(C(C(C)C)O)C(=O)OC(C1C(=O)N(C(C(=O)OC(C(C(=O)OC(C(=O)N(C(=C)C(=O)NC(C(=O)N(C(C(=O)N1)C)C)C)C)CC2=CC=CC=C2)NC(=O)C)C(C)C)C(C)OC)C)C(C)C,1002.17,0.5292,22,5,769.52,0.31187,15,1
"FSL-1 lipoprotein, synthetic",CCCCCCCCCCCCCCCC(=O)OCC(CSCC(C(=O)NCC(=O)NC(CC(=O)O)C(=O)N1CCCC1C(=O)NC(CCCCN)C(=O)NC(CC2=CN=CN2)C(=O)N3CCCC3C(=O)NC(CCCCN)C(=O)NC(CO)C(=O)NC(CC4=CC=CC=C4)C(=O)O)N)OC(=O)CCCCCCCCCCCCCCC,1666.18,1.5171,32,14,1345.5,0.30055,69,1
Filipin,CCCCCC(C1C(CC(CC(CC(CC(CC(CC(C(=CC=CC=CC=CC=CC(C(OC1=O)C)O)C)O)O)O)O)O)O)O)O,654.835,3.9167,11,9,527.49,0.26719,5,1
Floxacillin,CC1=C(C(=NO1)C2=C(C=CC=C2Cl)F)C(=O)NC3C4N(C3=O)C(C(S4)(C)C)C(=O)O,453.877,2.8046,8,2,299.78,0.36627,4,1
Fluorescein-5-isothiocyanate,C1=CC2=C(C=C1N=C=S)C(=O)OC23C4=C(C=C(C=C4)O)OC5=C3C=CC(=C5)O,389.386,4.9759,6,2,271.92,0.36316,1,1
Folic Acid,C1=CC(=CC=C1C(=O)NC(CCC(=O)O)C(=O)O)NCC2=CN=C3C(=N2)C(=O)NC(=N3)N,441.403,-1.646,13,6,320.39,0.50395,9,1
GDP 366,CC1=CC(=CC=C1)NC(=O)NC2=CC=C(C=C2)C3=CSC4=NC=NC(=C34)N,375.455,3.9504,6,3,282.29,0.33133,3,1
GLX351322,CCOC(=O)C1=C(SC2=C1CCC2)NC(=O)CN3CCN(CC3)C(=O)C4=CC=CO4,431.512,2.6147,8,1,323.06,0.3162,7,1
GSK-2816126,CCC(C)N1C=C(C2=C(C=C(C=C21)C3=CN=C(C=C3)N4CCNCC4)C(=O)NCC5=C(C=C(NC5=O)C)C)C,526.683,3.9615,8,3,412.75,0.1983,7,1
GSK0660,COC1=C(C=CC(=C1)NC2=CC=CC=C2)NS(=O)(=O)C3=C(SC=C3)C(=O)OC,418.493,3.1987,7,2,302.49,0.34679,7,1
GSK1210151A,CC1=C(C(=NO1)C)C2=C(C=C3C(=C2)N=CC4=C3N(C(=O)N4)C(C)C5=CC=CC=N5)OC,415.452,2.7788,8,1,310.9,0.27362,4,1
GSK2141795,CN1C(=C(C=N1)Cl)C2=C(OC(=C2)C(=O)NC(CC3=CC(=C(C=C3)F)F)CN)Cl,429.253,2.4936,6,2,303.98,0.23594,6,1
GSK343,CCCC1=C(C(=O)NC(=C1)C)CNC(=O)C2=C3C=NN(C3=CC(=C2)C4=CC(=NC=C4)N5CCN(CC5)C)C(C)C,541.698,3.5319,9,2,424.11,0.20021,8,1
GSK690693,CCN1C2=C(C(=NC=C2OCC3CCCNC3)C#CC(C)(C)O)N=C1C4=NON=C4N,425.491,1.8279,10,3,336.43,0.3409,6,1
GSK923295,CC(C)OC1=C(C=C(C=C1)C(=O)NC(CC2=CC=C(C=C2)C3=CN4C=CC=C(C4=N3)C(C)O)CNC(=O)CN(C)C)Cl,592.138,3.3668,9,3,457.36,0.20677,12,1
GW 501516,CC1=C(C=CC(=C1)SCC2=C(N=C(S2)C3=CC=C(C=C3)C(F)(F)F)C)OCC(=O)O,453.504,5.0084,4,1,320.57,0.26503,8,1
GW 506033X,C1=CC2=C(C3=C1NC(=O)C3=CC4=CN=CN4)SC=N2,268.3,0.4343,5,2,191.07,0.42283,1,1
GW8510,C1=CC=NC(=C1)NS(=O)(=O)C2=CC=C(C=C2)N=CC3=C(NC4=C3C5=C(C=C4)N=CS5)O,449.514,2.6825,8,3,316.16,0.38253,4,1
Genistein,C1=CC(=CC=C1C2=COC3=CC(=CC(=C3C2=O)O)O)O,270.239,1.6272,5,3,191.03,0.32634,1,1
Geraniin,C1C2C3C(C(C(O2)OC(=O)C4=CC(=C(C(=C4)O)O)O)OC(=O)C5=CC(=C(C6=C5C7C(=CC(=O)C(C7(O)O)(O6)O)C(=O)O3)O)O)OC(=O)C8=CC(=C(C(=C8C9=C(C(=C(C=C9C(=O)O1)O)O)O)O)O)O,952.646,0.1999,27,14,584.73,0.56717,3,1
Glutathione Disulfide,C(CC(=O)NC(CSSCC(C(=O)NCC(=O)O)NC(=O)CCC(C(=O)O)N)C(=O)NCC(=O)O)C(C(=O)O)N,612.636,-9.2294,18,10,438.84,0.61088,21,1
Glyburide,COC1=C(C=C(C=C1)Cl)C(=O)NCCC2=CC=C(C=C2)S(=O)(=O)NC(=O)NC3CCCCC3,494.01,3.9494,8,3,364.48,0.27173,7,1
Glycyrrhizic Acid,CC1(C2CCC3(C(C2(CCC1OC4C(C(C(C(O4)C(=O)O)O)O)OC5C(C(C(C(O5)C(=O)O)O)O)O)C)C(=O)C=C6C3(CCC7(C6CC(CC7)(C)C(=O)O)C)C)C)C,822.938,0.9825,16,8,552.63,0.3564,7,1
Goserelin,CC(C)CC(C(=O)NC(CCCN=C(N)N)C(=O)N1CCCC1C(=O)NNC(=O)N)NC(=O)C(COC(C)(C)C)NC(=O)C(CC2=CC=C(C=C2)O)NC(=O)C(CO)NC(=O)C(CC3=CNC4=CC=CC=C43)NC(=O)C(CC5=CN=CN5)NC(=O)C6CCC(=O)N6,1269.43,-4.3218,32,17,959.01,0.4109,33,1
Gossypol,CC1=CC2=C(C(=C(C(=C2C(C)C)O)O)C=O)C(=C1C3=C(C4=C(C=C3C)C(=C(C(=C4C=O)O)O)C(C)C)O)O,518.56,6.5618,8,6,377.96,0.27696,5,1
Guanosine Diphosphate,C1=NC2=C(N1C3C(C(C(O3)COP(=O)(O)OP(=O)(O)O)O)O)N=C(NC2=O)N,443.201,-8.4282,16,7,267.97,0.74135,6,1
Guanosine Triphosphate,C1=NC2=C(N1C3C(C(C(O3)COP(=O)(O)OP(=O)(O)OP(=O)(O)O)O)O)N=C(NC2=O)N,523.18,-10.886,19,8,308.09,0.77503,8,1
HTS 466284,C1=CC=C2C(=C1)C(=CC=N2)C3=C(NN=C3)C4=CC=CC=N4,272.31,2.3687,4,1,213.23,0.21995,2,1
Heme,CC1=C(C2=CC3=C(C(=C([N-]3)C=C4C(=C(C(=N4)C=C5C(=C(C(=N5)C=C1[N-]2)C)C=C)C)C=C)C)CCC(=O)O)CCC(=O)O.[Fe+2],616.497,5.0256,8,4,435.19,0.23151,8,1
Hesperidin,CC1C(C(C(C(O1)OCC2C(C(C(C(O2)OC3=CC(=C4C(=O)CC(OC4=C3)C5=CC(=C(C=C5)OC)O)O)O)O)O)O)O)O,610.563,-0.814,15,8,410.61,0.43311,7,1
IC 87114,CC1=C2C(=CC=C1)N=C(N(C2=O)C3=CC=CC=C3C)CN4C=NC5=C(N=CN=C54)N,397.441,2.2895,8,1,297.18,0.2798,3,1
ICG 001,C1CN(C2CN(C(=O)C(N2C1=O)CC3=CC=C(C=C3)O)CC4=CC=CC5=CC=CC=C54)C(=O)NCC6=CC=CC=C6,548.641,4.3663,8,2,409.9,0.18134,6,1
INCB054329,CC1=C(C(=NO1)C)C2=C3C4=C(C=C2)NC(=O)N4C(CO3)C5=CC=CC=N5,348.361,2.3432,7,1,253.28,0.29256,2,1
INCB057643,CC1(C(=O)N(C2=CC(=CC(=C2O1)C3=CN(C(=O)C4=C3C=CN4)C)S(=O)(=O)C)C)C,415.469,0.5127,8,1,286.69,0.2991,2,1
Indinavir,CC(C)(C)NC(=O)C1CN(CCN1CC(CC(CC2=CC=CC=C2)C(=O)NC3C(CC4=CC=CC=C34)O)O)CC5=CN=CC=C5,613.8,2.8457,9,4,476.03,0.19593,12,1
Indirubin E804,C1=CC=C2C(=C1)C(=C(N2)O)C3=NC4=CC=CC=C4C3=NOCCC(CO)O,365.388,2.734,7,4,272.46,0.31678,6,1
Insulin,CCC(C)C1C(=O)NC2CSSCC(C(=O)NC(CSSCC(C(=O)NCC(=O)NC(C(=O)NC(C(=O)NC(C(=O)NC(C(=O)NC(C(=O)NC(C(=O)NC(C(=O)NC(C(=O)NC(C(=O)NC(C(=O)NC(CSSCC(NC(=O)C(NC(=O)C(NC(=O)C(NC(=O)C(NC(=O)C(NC(=O)C(NC(=O)C(NC(=O)C(NC2=O)CO)CC(C)C)CC3=CC=C(C=C3)O)CCC(=O)N)CC(C)C)CCC(=O)O)CC(=O)N)CC4=CC=C(C=C4)O)C(=O)NC(CC(=O)N)C(=O)O)C(=O)NCC(=O)NC(CCC(=O)O)C(=O)NC(CCCNC(=N)N)C(=O)NCC(=O)NC(CC5=CC=CC=C5)C(=O)NC(CC6=CC=CC=C6)C(=O)NC(CC7=CC=C(C=C7)O)C(=O)NC(C(C)O)C(=O)N8CCCC8C(=O)NC(CCCCN)C(=O)NC(C(C)O)C(=O)O)C(C)C)CC(C)C)CC9=CC=C(C=C9)O)CC(C)C)C)CCC(=O)O)C(C)C)CC(C)C)CC2=CNC=N2)CO)NC(=O)C(CC(C)C)NC(=O)C(CC2=CNC=N2)NC(=O)C(CCC(=O)N)NC(=O)C(C(=O)N)NC(=O)C(C(C)C)NC(=O)C(CC2=CC=CC=C2)N)C(=O)NC(C(=O)NC(C(=O)N1)CO)C(C)O)NC(=O)C(CCC(=O)N)NC(=O)C(CCC(=O)O)NC(=O)C(C(C)C)NC(=O)C(C(C)CC)NC(=O)CN,5793.62,-27.899,142,78,4343.0,0.43594,125,1
Iohexol,CC(=O)N(CC(CO)O)C1=C(C(=C(C(=C1I)C(=O)NCC(CO)O)I)C(=O)NCC(CO)O)I,821.127,-1.4618,12,8,408.99,0.35255,12,1
Ionomycin,CC(CCC(=O)O)CC(C)CC(C)C(=O)C=C(C(C)CC(C)CC=CC(C)C(C(C)C(CC1CCC(O1)(C)C2CCC(O2)(C)C(C)O)O)O)O,709.014,7.4687,9,5,569.74,0.19584,22,1
Iopamidol,CC(C(=O)NC1=C(C(=C(C(=C1I)C(=O)NC(CO)CO)I)C(=O)NC(CO)CO)I)O,777.075,-1.1908,11,8,376.28,0.36941,10,1
Irinotecan,CCC1=C2CN3C(=CC4=C(C3=O)COC(=O)C4(CC)O)C2=NC5=C1C=C(C=C5)OC(=O)N6CCC(CC6)N7CCCCC7,586.687,3.5596,10,1,423.56,0.22155,5,1
Ivermectin,CCC(C)C1C(CCC2(O1)CC3CC(O2)CC=C(C(C(C=CC=C4COC5C4(C(C=C(C5O)C)C(=O)O3)O)C)OC6CC(C(C(O6)C)OC7CC(C(C(O7)C)O)OC)OC)C)C,875.102,5.41,14,3,648.69,0.23484,8,1
JBIR-99,CC1=CC23CC4=CC(=C5C(=C6C(=O)CCC(C6(OC5=C4C1C(=O)C2=C(C7=C(C3OC(=O)C)C=CC=C7O)O)C(=O)OC)O)O)O,616.573,2.7846,12,5,405.2,0.36441,4,1
JNK-IN-8,CC1=C(C=CC(=C1)NC(=O)C2=CC(=CC=C2)NC(=O)C=CCN(C)C)NC3=NC=CC(=N3)C4=CN=CC=C4,507.596,3.8908,9,3,406.04,0.2387,9,1
JTE 013,CC1=NN(C2=C1C(=CC(=N2)NNC(=O)NC3=CC(=NC(=C3)Cl)Cl)C(C)C)C,408.292,4.2542,8,3,297.61,0.293,4,1
JTE 907,CCCCCOC1=C(C=CC2=C1NC(=O)C(=C2)C(=O)NCC3=CC4=C(C=C3)OCO4)OC,438.478,3.2237,8,2,336.23,0.2647,9,1
Josamycin,CC1CC=CC=CC(C(CC(C(C(C(CC(=O)O1)OC(=O)C)OC)OC2C(C(C(C(O2)C)OC3CC(C(C(O3)C)OC(=O)CC(C)C)(C)O)N(C)C)O)CC=O)C)O,828.002,3.0585,16,3,635.97,0.27519,14,1
KCC 009,C1C(ON=C1Br)CNC(=O)C(CC2=CC=C(C=C2)O)NC(=O)OCC3=CC=CC=C3,476.326,2.749,8,3,325.93,0.28721,9,1
KN 62,CN(C(CC1=CC=C(C=C1)OS(=O)(=O)C2=CC=CC3=C2C=CN=C3)C(=O)N4CCN(CC4)C5=CC=CC=C5)S(=O)(=O)C6=CC=CC7=C6C=CN=C7,721.857,4.8691,11,0,515.13,0.21895,9,1
Ku 0063794,CC1CN(CC(O1)C)C2=NC3=C(C=CC(=N3)C4=CC(=C(C=C4)OC)CO)C(=N2)N5CCOCC5,465.552,2.4865,9,1,351.95,0.23614,5,1
L 685458,CC(C)CC(C(=O)NC(CC1=CC=CC=C1)C(=O)N)NC(=O)C(CC2=CC=CC=C2)CC(C(CC3=CC=CC=C3)NC(=O)OC(C)(C)C)O,672.864,4.994,10,5,538.54,0.23194,19,1
LGK974,CC1=CC(=CN=C1C2=CC(=NC=C2)C)CC(=O)NC3=NC=C(C=C3)C4=NC=CN=C4,396.453,2.3943,7,1,313.83,0.25284,5,1
LR-90,CC(C)(C(=O)O)OC1=CC=C(C=C1)NC(=O)NC2=C(C=C(C=C2)CC3=CC(=C(C=C3)NC(=O)NC4=CC=C(C=C4)OC(C)(C)C(=O)O)Cl)Cl,709.581,6.5701,12,6,516.54,0.27917,12,1
LY 117018,C1CCN(C1)CCOC2=CC=C(C=C2)C(=O)C3=C(SC4=C3C=CC(=C4)O)C5=CC=C(C=C5)O,459.565,5.2563,5,2,343.13,0.21318,7,1
LY-2157299,CC1=NC(=CC=C1)C2=NN3CCCC3=C2C4=C5C=C(C=CC5=NC=C4)C(=O)N,369.427,3.2898,6,1,279.17,0.2439,3,1
Lapatinib,CS(=O)(=O)CCNCC1=CC=C(O1)C2=CC3=C(C=C2)N=CN=C3NC4=CC(=C(C=C4)OCC5=CC(=CC=C5)F)Cl,581.066,4.7281,8,2,424.92,0.22957,11,1
Leucovorin,C1C(N(C2=C(N1)N=C(NC2=O)N)C=O)CNC3=CC=C(C=C3)C(=O)NC(CCC(=O)O)C(=O)O,473.445,-2.2121,14,7,340.09,0.49272,9,1
Leuprolide,CCNC(=O)C1CCCN1C(=O)C(CCCN=C(N)N)NC(=O)C(CC(C)C)NC(=O)C(CC(C)C)NC(=O)C(CC2=CC=C(C=C2)O)NC(=O)C(CO)NC(=O)C(CC3=CNC4=CC=CC=C43)NC(=O)C(CC5=CN=CN5)NC(=O)C6CCC(=O)N6,1209.42,-1.8887,28,15,927.13,0.37135,32,1
Liraglutide,CCCCCCCCCCCCCCCC(=O)NC(CCC(=O)NCCCCC(C(=O)NC(CCC(=O)O)C(=O)NC(CC1=CC=CC=C1)C(=O)NC(C(C)CC)C(=O)NC(C)C(=O)NC(CC2=CNC3=CC=CC=C32)C(=O)NC(CC(C)C)C(=O)NC(C(C)C)C(=O)NC(CCCNC(=N)N)C(=O)NCC(=O)NC(CCCNC(=N)N)C(=O)NCC(=O)O)NC(=O)C(C)NC(=O)C(C)NC(=O)C(CCC(=O)N)NC(=O)CNC(=O)C(CCC(=O)O)NC(=O)C(CC(C)C)NC(=O)C(CC4=CC=C(C=C4)O)NC(=O)C(CO)NC(=O)C(CO)NC(=O)C(C(C)C)NC(=O)C(CC(=O)O)NC(=O)C(CO)NC(=O)C(C(C)O)NC(=O)C(CC5=CC=CC=C5)NC(=O)C(C(C)O)NC(=O)CNC(=O)C(CCC(=O)O)NC(=O)C(C)NC(=O)C(CC6=CN=CN6)N)C(=O)O,3751.25,-13.078,94,54,2891.5,0.41038,130,1
Lopinavir,CC1=C(C(=CC=C1)C)OCC(=O)NC(CC2=CC=CC=C2)C(CC(CC3=CC=CC=C3)NC(=O)C(C(C)C)N4CCCNC4=O)O,628.811,4.847,9,4,501.42,0.19973,15,1
Lovastatin,CCC(C)C(=O)OC1CC(C=C2C1C(C(C=C2)C)CCC3CC(CC(=O)O3)O)C,404.545,3.895,5,1,317.66,0.1863,7,1
Luteolin,C1=CC(=C(C=C1C2=CC(=O)C3=C(C=C(C=C3O2)O)O)O)O,286.238,1.99,6,4,197.38,0.38221,1,1
MK 2206,C1CC(C1)(C2=CC=C(C=C2)C3=C(C=C4C(=N3)C=CN5C4=NNC5=O)C6=CC=CC=C6)N,407.476,3.8716,6,2,300.23,0.21917,3,1
Melitten,CCC(C)C(C(=O)NCC(=O)NC(C)C(=O)NC(C(C)C)C(=O)NC(CC(C)C)C(=O)NC(CCCCN)C(=O)NC(C(C)C)C(=O)NC(CC(C)C)C(=O)NC(C(C)O)C(=O)NC(C(C)O)C(=O)NCC(=O)NC(CC(C)C)C(=O)N1CCCC1C(=O)NC(C)C(=O)NC(CC(C)C)C(=O)NC(C(C)CC)C(=O)NC(CO)C(=O)NC(CC2=CNC3=CC=CC=C32)C(=O)NC(C(C)CC)C(=O)NC(CCCCN)C(=O)NC(CCCNC(=N)N)C(=O)NC(CCCCN)C(=O)NC(CCCNC(=N)N)C(=O)NC(CCC(=O)N)C(=O)NC(CCC(=O)N)C(=O)N)NC(=O)CN,2846.5,-10.866,70,41,2229.4,0.39856,97,1
Meloxicam,CC1=CN=C(S1)NC(=O)C2=C(C3=CC=CC=C3S(=O)(=O)N2C)O,351.406,1.9072,7,2,236.1,0.42804,2,1
Meropenem,CC1C2C(C(=O)N2C(=C1SC3CC(NC3)C(=O)N(C)C)C(=O)O)C(C)O,383.468,-3.1042,8,3,262.98,0.38547,5,1
Methotrexate,CN(CC1=CN=C2C(=N1)C(=NC(=N2)N)N)C3=CC=C(C=C3)C(=O)NC(CCC(=O)O)C(=O)O,454.446,-1.2285,13,5,333.45,0.46409,9,1
Methylprednisolone,CC1CC2C3CCC(C3(CC(C2C4(C1=CC(=O)C=C4)C)O)C)(C(=O)CO)O,374.475,1.4107,5,3,264.57,0.24712,2,1
Minocycline,CN(C)C1C2CC3CC4=C(C=CC(=C4C(=C3C(=O)C2(C(=C(C1=O)C(=O)N)O)O)O)O)N(C)C,457.481,-1.0304,10,5,310.84,0.36639,3,1
Miransertib,C1CC(C1)(C2=CC=C(C=C2)N3C4=C(C=CC(=N4)C5=CC=CC=C5)N=C3C6=C(N=CC=C6)N)N,432.53,4.1126,6,2,327.85,0.21449,4,1
Mitomycin,CC1=C(C(=O)C2=C(C1=O)N3CC4C(C3(C2COC(=O)N)OC)N4)N,334.331,-1.8035,9,3,227.5,0.50475,4,1
Monensin,CCC1(CCC(O1)C2(CCC3(O2)CC(C(C(O3)C(C)C(C(C)C(=O)O)OC)C)O)C)C4C(CC(O4)C5C(CC(C(O5)(CO)O)C)C)C,670.877,2.7189,11,4,487.47,0.25733,10,1
Monocrotaline,CC1C(=O)OC2CCN3C2C(=CC3)COC(=O)C(C1(C)O)(C)O,325.36,-0.1378,7,2,226.35,0.33501,0,1
Mycophenolic Acid,CC1=C2COC(=O)C2=C(C(=C1OC)CC=C(C)CCC(=O)O)O,320.34,2.297,6,2,244.49,0.29564,6,1
N'-(3-bromo-4-hydroxybenzylidene)-2-(9-oxo-10(9H)-acridinyl)acetohydrazide,C1=CC=C2C(=C1)C(=O)C3=CC=CC=C3N2CC(=O)NN=CC4=CC(=C(C=C4)O)Br,450.291,4.6874,6,2,300.04,0.21897,4,1
"N-((2-(hydroxyaminocarbonyl)methyl)-4-methylpentanoyl)-3-(2'-naphthyl)alanylalanine, 2-aminoethylamide",CC(C)CC(CC(=O)NO)C(=O)NC(CC1=CC2=CC=CC=C2C=C1)C(=O)NC(C)C(=O)N,456.541,1.2889,9,5,356.17,0.32263,11,1
"N-(3-chloro-7-indolyl)-1,4-benzenedisulphonamide",C1=CC2=C(C(=C1)NS(=O)(=O)C3=CC=C(C=C3)S(=O)(=O)N)NC=C2Cl,385.851,1.3681,7,3,249.75,0.39191,3,1
N-(4-((3-(2-amino-4-pyrimidinyl)-2-pyridinyl)oxy)phenyl)-4-(4-methyl-2-thienyl)-1-phthalazinamine,CC1=CSC(=C1)C2=NN=C(C3=CC=CC=C32)NC4=CC=C(C=C4)OC5=C(C=CC=N5)C6=NC(=NC=C6)N,503.589,5.6489,8,2,378.88,0.29545,6,1
"N-(4-(2-amino-3-chloropyridin-4-yloxy)-3-fluorophenyl)-4-ethoxy-1-(4-fluorophenyl)-2-oxo-1,2-dihydropyridine-3-carboxamide",CCOC1=C(C(=O)N(C=C1)C2=CC=C(C=C2)F)C(=O)NC3=CC(=C(C=C3)OC4=C(C(=NC=C4)N)Cl)F,512.899,3.4206,8,2,367.38,0.23771,7,1
"N-(4-(2-ethyl-4-(3-methylphenyl)-1,3-thiazol-5-yl)-2-pyridyl)benzamide",CCC1=NC(=C(S1)C2=CC(=NC=C2)NC(=O)C3=CC=CC=C3)C4=CC=CC(=C4)C,399.517,5.7396,4,1,313.49,0.21308,5,1
N-(4-(N-(3-methoxypyrazin-2-yl)sulfamoyl)phenyl)-3-(5-nitrothiophene-2-yl)acrylamide,COC1=NC=CN=C1NS(=O)(=O)C2=CC=C(C=C2)NC(=O)C=CC3=CC=C(S3)[N+](=O)[O-],461.478,1.201,11,2,327.92,0.44907,7,1
N-(cyanomethyl)-4-(2-((4-(4-morpholinyl)phenyl)amino)-4-pyrimidinyl)benzamide,C1COCCN1C2=CC=C(C=C2)NC3=NC=CC(=N3)C4=CC=C(C=C4)C(=O)NCC#N,414.468,2.5062,8,2,328.28,0.25896,6,1
N-Formylmethionine Leucyl-Phenylalanine,CC(C)CC(C(=O)NC(CC1=CC=CC=C1)C(=O)O)NC(=O)C(CCSC)NC=O,437.559,0.8317,8,4,346.09,0.33844,13,1
"N-acetylglucosaminono-1,5-lactone O-(phenylcarbamoyl)oxime",CC(=O)NC1C(C(C(OC1=NOC(=O)NC2=CC=CC=C2)CO)O)O,353.33,-0.507,10,5,256.22,0.46761,5,1
NAD,C1=CC(=C[N+](=C1)C2C(C(C(O2)COP(=O)([O-])OP(=O)(O)OCC3C(C(C(O3)N4C=NC5=C(N=CN=C54)N)O)O)O)O)C(=O)N,663.428,-12.767,21,7,422.53,0.59153,11,1
NADP,C1=CC(=C[N+](=C1)C2C(C(C(O2)COP(=O)([O-])OP(=O)(O)OCC3C(C(C(O3)N4C=NC5=C(N=CN=C54)N)OP(=O)(O)O)O)O)O)C(=O)N,743.407,-16.01,24,8,462.65,0.62695,13,1
NE-52-qq57,CCC1=NN2C(=CC(=NC2=C1CC3=CC=C(C=C3)C4=NN=C(O4)C5CCNCC5)C)C,416.527,3.5314,7,1,332.56,0.23274,5,1
NSC 689534,C1=CC=NC(=C1)CN(CC2=CC=CC=N2)C(=S)NN=CC3=CC=CC=N3,362.46,2.1455,6,1,295.81,0.29556,6,1
NSC 74859,CC1=CC=C(C=C1)S(=O)(=O)OCC(=O)NC2=CC(=C(C=C2)C(=O)O)O,365.361,1.1457,8,3,257.28,0.3977,6,1
NSC-87877,C1=CC2=C(C=C(C(=C2N=C1)O)N=NC3=CC4=C(C=C3)C=C(C=C4)S(=O)(=O)O)S(=O)(=O)O,459.458,0.5679,10,3,300.21,0.43453,4,1
NSC668394,C1=CC2=C(C(=O)C(=CC2=O)NCCC3=CC(=C(C(=C3)Br)O)Br)N=C1,452.101,2.8993,5,2,261.08,0.23598,4,1
NVP-BHG712,CC1=C(C=C(C=C1)C(=O)NC2=CC=CC(=C2)C(F)(F)F)NC3=C4C=NN(C4=NC(=N3)C5=CN=CC=C5)C,503.487,4.6221,8,2,366.03,0.23689,6,1
Nelfinavir,CC1=C(C=CC=C1O)C(=O)NC(CSC2=CC=CC=C2)C(CN3CC4CCCCC4CC3C(=O)NC(C)(C)C)O,567.792,4.4556,7,4,436.96,0.22025,10,1
Neurotensin,CCC(C)C(C(=O)NC(CC(C)C)C(=O)O)NC(=O)C(CC1=CC=C(C=C1)O)NC(=O)C2CCCN2C(=O)C(CCCN=C(N)N)NC(=O)C(CCCN=C(N)N)NC(=O)C3CCCN3C(=O)C(CCCCN)NC(=O)C(CC(=O)N)NC(=O)C(CCC(=O)O)NC(=O)C(CC4=CC=C(C=C4)O)NC(=O)C(CC(C)C)NC(=O)C5CCC(=O)N5,1672.95,-6.4257,41,21,1277.0,0.39848,50,1
Nicardipine,CC1=C(C(C(=C(N1)C)C(=O)OCCN(C)CC2=CC=CC=C2)C3=CC(=CC=C3)[N+](=O)[O-])C(=O)OC,479.531,2.672,9,1,369.11,0.24792,11,1
Nimodipine,CC1=C(C(C(=C(N1)C)C(=O)OC(C)C)C2=CC(=CC=C2)[N+](=O)[O-])C(=O)OCCOC,418.444,2.2272,9,1,320.05,0.30608,10,1
Nitrovin,C1=C(OC(=C1)[N+](=O)[O-])C=CC(=NN=C(N)N)C=CC2=CC=C(O2)[N+](=O)[O-],360.285,1.442,12,2,275.72,0.51726,7,1
Nocodazole,COC(=O)NC1=NC2=C(N1)C=C(C=C2)C(=O)C3=CC=CS3,301.325,2.5322,6,2,221.11,0.41997,4,1
Novobiocin,CC1=C(C=CC2=C1OC(=O)C(=C2O)NC(=O)C3=CC(=C(C=C3)O)CC=C(C)C)OC4C(C(C(C(O4)(C)C)OC)OC(=O)N)O,612.63,3.27,13,5,443.66,0.3497,9,1
Nystatin,CC1C=CC=CCCC=CC=CC=CC=CC(CC2C(C(CC(O2)(CC(C(CCC(CC(CC(CC(=O)OC(C(C1O)C)C)O)O)O)O)O)O)O)C(=O)O)OC3C(C(C(C(O3)C)O)N)O,926.103,0.5752,18,12,707.92,0.31847,3,1
ON 01910,COC1=C(C=C(C=C1)CS(=O)(=O)C=CC2=C(C=C(C=C2OC)OC)OC)NCC(=O)O,451.495,0.9142,9,2,340.22,0.31209,11,1
ON123300,CN1CCN(CC1)C2=CC=C(C=C2)NC3=NC=C4C=C(C(=O)N(C4=N3)C5CCCC5)C#N,429.526,2.6714,8,1,331.41,0.21318,4,1
OSI 027,COC1=CC=CC2=C1NC(=C2)C3=C4C(=NC=NN4C(=N3)C5CCC(CC5)C(=O)O)N,406.445,1.4893,9,3,300.14,0.35403,4,1
OTX015,CC1=C(SC2=C1C(=NC(C3=NN=C(N32)C)CC(=O)NC4=CC=C(C=C4)O)C5=CC=C(C=C5)Cl)C,492.002,4.8541,7,2,358.69,0.274,4,1
Octreotide,CC(C1C(=O)NC(CSSCC(C(=O)NC(C(=O)NC(C(=O)NC(C(=O)N1)CCCCN)CC2=CNC3=CC=CC=C32)CC4=CC=CC=C4)NC(=O)C(CC5=CC=CC=C5)N)C(=O)NC(CO)C(C)O)O,1019.26,-1.1103,20,13,766.11,0.37894,17,1
Okadaic Acid,CC1CCC2(CCCCO2)OC1C(C)CC(C3C(=C)C(C4C(O3)CCC5(O4)CCC(O5)C=CC(C)C6CC(=CC7(O6)C(CCC(O7)CC(C)(C(=O)O)O)O)C)O)O,805.011,3.6988,13,5,584.3,0.25422,10,1
Olanzapine,CC1=CC2=C(S1)NC3=CC=CC=C3N=C2N4CCN(CC4)C,312.44,3.0388,4,1,236.55,0.21319,0,1
Oligomycins,CCC1CCC2C(C(C(C3(O2)CCC(C(O3)CC(C)O)C)C)OC(=O)C=CC(C(C(C(=O)C(C(C(C(=O)C(C(C(CC=CC=C1)C)O)(C)O)C)O)C)C)O)C)C,791.072,6.2844,11,5,619.5,0.2173,3,1
Oligonucleotides,CC1=CN(C(=O)NC1=O)C2CC(C(O2)COP(=O)(O)OC3CC(OC3COP(=O)(O)OC4CC(OC4COP(=O)(O)OC5CC(OC5COP(=O)(O)OC6CC(OC6COP(=O)(O)OC7CC(OC7COP(=O)(O)OC8CC(OC8COP(=O)(O)OC9CC(OC9COP(=O)(O)OC1CC(OC1COP(=O)(O)OC1CC(OC1COP(=O)(O)OC1CC(OC1COP(=O)(O)OC1CC(OC1CO)N1C=NC2=C(N=CN=C21)N)N1C=CC(=NC1=O)N)N1C=NC2=C(N=CN=C21)N)N1C=CC(=NC1=O)N)N1C=CC(=NC1=O)N)N1C=CC(=NC1=O)N)N1C=NC2=C(N=CN=C21)N)N1C=NC2=C(N=CN=C21)N)N1C=C(C(=O)NC1=O)C)N1C=C(C(=O)NC1=O)C)N1C=CC(=NC1=O)N)OP(=O)(O)OCC1C(CC(O1)N1C=NC2=C1N=C(NC2=O)N)OP(=O)(O)OCC1C(CC(O1)N1C=NC2=C(N=CN=C21)N)OP(=O)(O)OCC1C(CC(O1)N1C=NC2=C(N=CN=C21)N)OP(=O)(O)OCC1C(CC(O1)N1C=NC2=C(N=CN=C21)N)OP(=O)(O)OCC1C(CC(O1)N1C=NC2=C(N=CN=C21)N)OP(=O)(O)OCC1C(CC(O1)N1C=C(C(=O)NC1=O)C)OP(=O)(O)OCC1C(CC(O1)N1C=NC2=C1N=C(NC2=O)N)OP(=O)(O)OCC1C(CC(O1)N1C=NC2=C1N=C(NC2=O)N)O,6094.03,-57.816,192,44,3886.1,0.56803,116,1
Omeprazole,CC1=CN=C(C(=C1OC)C)CS(=O)C2=NC3=C(N2)C=C(C=C3)OC,345.422,2.092,6,1,260.23,0.30223,5,1
Ouabain,CC1C(C(C(C(O1)OC2CC(C3(C4C(CCC3(C2)O)C5(CCC(C5(CC4O)C)C6=CC(=O)OC6)O)CO)O)O)O)O,584.656,-1.4423,12,8,383.26,0.38574,4,1
PD 173074,CCN(CC)CCCCNC1=NC2=NC(=C(C=C2C=N1)C3=CC(=CC(=C3)OC)OC)NC(=O)NC(C)(C)C,523.68,4.5825,10,3,425.12,0.24435,13,1
PF 00477736,CN1C=C(C=N1)C2=C3C=NNC(=O)C4=C3C(=CC(=C4)NC(=O)C(C5CCCCC5)N)N2,419.488,0.8754,9,4,315.91,0.34064,4,1
PF 3758309,CC1=NC2=C(C(=N1)NC3=NNC4=C3CN(C4(C)C)C(=O)NC(CN(C)C)C5=CC=CC=C5)SC=C2,490.634,2.4762,9,3,368.67,0.29924,6,1
PI103,C1COCCN1C2=NC(=NC3=C2OC4=C3C=CC=N4)C5=CC(=CC=C5)O,348.361,2.5871,7,1,256.38,0.28735,2,1
PIK 75,CC1=C(C=C(C=C1)[N+](=O)[O-])S(=O)(=O)N(C)N=CC2=CN=C3N2C=C(C=C3)Br,452.288,1.1697,9,0,287.49,0.32342,4,1
PKI 166,CC(C1=CC=CC=C1)NC2=NC=NC3=C2C=C(N3)C4=CC=C(C=C4)O,330.39,3.5264,5,3,257.04,0.23533,4,1
PP242,CC(C)N1C2=NC=NC(=C2C(=N1)C3=CC4=C(N3)C=CC(=C4)O)N,308.344,1.7109,7,3,229.16,0.35844,2,1
PQQ Cofactor,C1=C(C2=C(C(=O)C(=O)C3=C2NC(=C3)C(=O)O)N=C1C(=O)O)C(=O)O,330.208,-0.8801,10,4,215.65,0.60032,3,1
PX-866,CC(=O)OC1CC2(C(CCC2=O)C3=C1C4(C(OC(=O)C(=CN(CC=C)CC=C)C4=C(C3=O)O)COC)C)C,525.596,1.7608,9,1,386.7,0.25552,9,1
Paclitaxel,CC1=C2C(C(=O)C3(C(CC4C(C3C(C(C2(C)C)(CC1OC(=O)C(C(C5=CC=CC=C5)NC(=O)C6=CC=CC=C6)O)O)OC(=O)C7=CC=CC=C7)(CO4)OC(=O)C)O)C)OC(=O)C,853.915,3.188,15,4,605.19,0.29577,14,1
Paromomycin,C1C(C(C(C(C1N)OC2C(C(C(C(O2)CO)O)O)N)OC3C(C(C(O3)CO)OC4C(C(C(C(O4)CN)O)O)N)O)O)N,615.631,-9.1987,19,13,405.44,0.59479,9,1
Pemetrexed,C1=CC(=CC=C1CCC2=CNC3=C2C(=O)NC(=N3)N)C(=O)NC(CCC(=O)O)C(=O)O,427.416,0.1066,11,6,314.74,0.45132,9,1
Phenolsulfonphthalein,C1=CC=C2C(=C1)C(OS2(=O)=O)(C3=CC=C(C=C3)O)C4=CC=C(C=C4)O,354.381,3.1333,5,2,240.97,0.26883,2,1
Phosphatidylcholines,CCCCCCCCCCCCCCCCCCC(=O)OC(COC(=O)CCCCCCCCCCCCCCC)COP(=O)([O-])OCC[N+](C)(C)C,776.129,7.3223,9,0,681.58,0.13169,43,1
"Phosphatidylinositol 4,5-Diphosphate",C(C(COP(=O)(O)OC1C(C(C(C(C1O)OP(=O)(O)O)OP(=O)(O)O)O)O)O)O,494.171,-12.44,17,10,289.83,0.76617,10,1
Plicamycin,CC1C(C(CC(O1)OC2CC(OC(C2O)C)OC3=CC4=CC5=C(C(=O)C(C(C5)C(C(=O)C(C(C)O)O)OC)OC6CC(C(C(O6)C)O)OC7CC(C(C(O7)C)O)OC8CC(C(C(O8)C)O)(C)O)C(=C4C(=C3C)O)O)O)O,1085.15,0.1654,24,11,745.52,0.37582,15,1
Pravastatin,CCC(C)C(=O)OC1CC(C=C2C1C(C(C=C2)C)CCC(CC(CC(=O)O)O)O)O,424.532,2.4541,7,4,327.95,0.2698,11,1
Prednisolone,CC12CC(C3C(C1CCC2(C(=O)CO)O)CCC4=CC(=O)C=CC34C)O,360.448,1.1414,5,3,253.57,0.25784,2,1
Proanthocyanidins,C1C(C(OC2=CC(=CC(=C21)O)O)C3=CC(=C(C=C3)O)O)OC4(C(C(C5=C(C=C(C=C5O4)O)O)O)O)C6=CC(=C(C=C6)O)O,594.523,2.7421,13,10,393.21,0.40945,4,1
Prodigiosin,CCCCCC1=C(NC(=C1)C=C2C(=CC(=N2)C3=CC=CN3)OC)C,323.439,3.7106,4,2,272.87,0.18137,7,1
RG7112,CCOC1=C(C=CC(=C1)C(C)(C)C)C2=NC(C(N2C(=O)N3CCN(CC3)CCCS(=O)(=O)C)(C)C4=CC=C(C=C4)Cl)(C)C5=CC=C(C=C5)Cl,727.795,7.899,8,0,533.95,0.13818,10,1
Reserpine,COC1C(CC2CN3CCC4=C(C3CC2C1C(=O)OC)NC5=C4C=CC(=C5)OC)OC(=O)C6=CC(=C(C(=C6)OC)OC)OC,608.686,3.5754,11,1,449.85,0.25257,10,1
Riboflavin,CC1=CC2=C(C=C1C)N(C3=NC(=O)NC(=O)C3=N2)CC(C(C(CO)O)O)O,376.368,-2.0663,10,5,264.4,0.44066,5,1
Rifampin,CC1C=CC=C(C(=O)NC2=C(C(=C3C(=C2O)C(=C(C4=C3C(=O)C(O4)(OC=CC(C(C(C(C(C(C1O)C)O)C)OC(=O)C)C)OC)C)C)O)O)C=NN5CCN(CC5)C)C,822.95,4.7129,16,6,614.94,0.28408,5,1
Rimonabant,CC1=C(N(N=C1C(=O)NN2CCCCC2)C3=C(C=C(C=C3)Cl)Cl)C4=CC=C(C=C4)Cl,463.795,4.2064,5,1,334.07,0.13737,4,1
Ritonavir,CC(C)C1=NC(=CS1)CN(C)C(=O)NC(C(C)C)C(=O)NC(CC2=CC=CC=C2)CC(C(CC3=CC=CC=C3)NC(=O)OCC4=CN=CS4)O,720.957,4.7152,11,4,561.32,0.29005,18,1
Ro 31-8220,CN1C=C(C2=CC=CC=C21)C3=C(C(=O)NC3=O)C4=CN(C5=CC=CC=C54)CCCSC(=N)N,457.557,1.5945,7,3,336.86,0.29579,7,1
Rosmarinic Acid,C1=CC(=C(C=C1CC(C(=O)O)OC(=O)C=CC2=CC(=C(C=C2)O)O)O)O,360.317,1.4502,8,5,263.03,0.38619,7,1
Rotenone,CC(=C)C1CC2=C(O1)C=CC3=C2OC4COC5=CC(=C(C=C5C4C3=O)OC)OC,394.422,4.5323,6,0,284.82,0.22133,3,1
Roxithromycin,CCC1C(C(C(C(=NOCOCCOC)C(CC(C(C(C(C(C(=O)O1)C)OC2CC(C(C(O2)C)O)(C)OC)C)OC3C(C(CC(O3)C)N(C)C)O)(C)O)C)C)O)(C)O,837.053,2.331,17,5,632.46,0.2903,13,1
Rutin,CC1C(C(C(C(O1)OCC2C(C(C(C(O2)OC3=C(OC4=CC(=CC(=C4C3=O)O)O)C5=CC(=C(C=C5)O)O)O)O)O)O)O)O,610.519,-1.2573,16,10,397.71,0.48789,6,1
S63845,CC1=C(C=CC(=C1Cl)OCCN2CCN(CC2)C)C3=C(SC4=NC=NC(=C34)OC(CC5=CC=CC=C5OCC6=CC=NN6CC(F)(F)F)C(=O)O)C7=CC=C(O7)F,829.27,4.5896,12,1,591.3,0.23252,16,1
SB 203580,CS(=O)C1=CC=C(C=C1)C2=NC(=C(N2)C3=CC=NC=C3)C4=CC=C(C=C4)F,377.442,3.5687,4,1,280.96,0.20875,4,1
SCH772984,C1CN(CC1C(=O)NC2=CC3=C(C=C2)NN=C3C4=CC=NC=C4)CC(=O)N5CCN(CC5)C6=CC=C(C=C6)C7=NC=CC=N7,587.686,2.2742,11,2,445.19,0.23824,7,1
SD-208,C1=CC(=C(C=C1Cl)C2=NC3=NC=CN=C3C(=N2)NC4=CC=NC=C4)F,352.759,3.0476,6,1,254.41,0.26064,3,1
SF 2446A1,CC1C(C(C(C(O1)NC2=CC(=O)C3=C(C4=C(C=C3C2=O)C(=O)C5(C6=C(CC(C5(C4=O)OC)O)C=C(C(=C6O)C(=O)OC)C)O)O)OC)O)OC,697.644,-0.125,16,6,468.83,0.40987,7,1
SM 164,CC(C(=O)NC1CCCCC2CCC(N2C1=O)C(=O)NC(C3=CC=CC=C3)C4=CN(N=N4)CCCCC5=CC=C(C=C5)CCCCN6C=C(N=N6)C(C7=CC=CC=C7)NC(=O)C8CCC9N8C(=O)C(CCCC9)NC(=O)C(C)NC)NC,1121.44,4.7626,20,6,876.84,0.24146,24,1
SNX 2112,CC1(CC2=C(C(=O)C1)C(=NN2C3=CC(=C(C=C3)C(=O)N)NC4CCC(CC4)O)C(F)(F)F)C,464.486,2.4294,7,3,327.76,0.25552,5,1
SP2509,CC(=NNC(=O)C1=CC(=CC=C1)S(=O)(=O)N2CCOCC2)C3=C(C=CC(=C3)Cl)O,437.903,2.4426,8,2,309.65,0.29466,4,1
SRT2183,C1CN(CC1O)CC2=CSC3=NC(=CN23)C4=CC=CC=C4NC(=O)C5=CC6=CC=CC=C6C=C5,468.58,4.4407,6,2,347.23,0.23163,5,1
ST 1481,CCC1(C2=C(COC1=O)C(=O)N3CC4=C(C5=CC=CC=C5N=C4C3=C2)C=NOC(C)(C)C)O,447.49,3.088,8,1,321.8,0.26479,4,1
ST2825,C1CC2(CC3N(C2=O)C(CCS3)C(=O)N)N(C1)C(=O)CC4=CC=C(C=C4)NC(=O)COC5=C(C=C(C=C5)Cl)Cl,591.514,3.3855,9,2,407.92,0.27819,7,1
STA 9090,CC(C)C1=C(C=C(C(=C1)C2=NNC(=O)N2C3=CC4=C(C=C3)N(C=C4)C)O)O,364.404,3.4394,7,3,267.78,0.27123,3,1
STF-118804,CC1=CC=C(C=C1)S(=O)(=O)CC2=C(OC(=N2)C3=CC=C(C=C3)C(=O)NCC4=CN=CC=C4)C,461.541,3.013,7,1,349.58,0.25496,7,1
Saquinavir,CC(C)(C)NC(=O)C1CC2CCCCC2CN1CC(C(CC3=CC=CC=C3)NC(=O)C(CC(=O)N)NC(=O)C4=NC5=CC=CC=C5C=C4)O,670.852,2.836,11,5,515.96,0.25085,13,1
Silybin,COC1=C(C=CC(=C1)C2C(OC3=C(O2)C=C(C=C3)C4C(C(=O)C5=C(C=C(C=C5O4)O)O)O)CO)O,482.44,2.1266,10,5,331.3,0.3578,4,1
Silymarin,COC1=C(C=CC(=C1)C2C(OC3=C(O2)C=C(C=C3)C4C(C(=O)C5=C(C=C(C=C5O4)O)O)O)CO)O,482.44,2.1266,10,5,331.3,0.3578,4,1
Simvastatin,CCC(C)(C)C(=O)OC1CC(C=C2C1C(C(C=C2)C)CCC3CC(CC(=O)O3)O)C,418.572,4.4608,5,1,327.83,0.18052,7,1
Sirolimus,CC1CCC2CC(C(=CC=CC=CC(CC(C(=O)C(C(C(=CC(C(=O)CC(OC(=O)C3CCCCN3C(=O)C(=O)C1(O2)O)C(C)CC4CCC(C(C4)OC)O)C)C)O)OC)C)C)C)OC,914.182,6.5106,14,3,716.91,0.22046,6,1
StemRegenin 1,CC(C)N1C=NC2=C(N=C(N=C21)C3=CSC4=CC=CC=C43)NCCC5=CC=C(C=C5)O,429.547,4.838,6,2,325.75,0.26002,6,1
Sucrose,C(C1C(C(C(C(O1)OC2(C(C(C(O2)CO)O)O)CO)O)O)O)O,342.296,-4.6102,11,8,218.99,0.61555,5,1
Sulfasalazine,C1=CC=NC(=C1)NS(=O)(=O)C2=CC=C(C=C2)N=NC3=CC(=C(C=C3)O)C(=O)O,398.398,2.6508,9,3,285.05,0.39737,5,1
Suramin,CC1=C(C=C(C=C1)C(=O)NC2=C3C(=CC(=CC3=C(C=C2)S(=O)(=O)O)S(=O)(=O)O)S(=O)(=O)O)NC(=O)C4=CC(=CC=C4)NC(=O)NC5=CC=CC(=C5)C(=O)NC6=C(C=CC(=C6)C(=O)NC7=C8C(=CC(=CC8=C(C=C7)S(=O)(=O)O)S(=O)(=O)O)S(=O)(=O)O)C,1297.29,-2.9082,29,12,832.87,0.4611,16,1
TAK-165,C1=CC(=CC=C1CCCCN2C=CN=N2)OCC3=COC(=N3)C=CC4=CC=C(C=C4)C(F)(F)F,468.478,4.8935,6,0,362.47,0.17626,11,1
Tacrolimus,CC1CC(C2C(CC(C(O2)(C(=O)C(=O)N3CCCCC3C(=O)OC(C(C(CC(=O)C(C=C(C1)C)CC=C)O)C)C(=CC4CCC(C(C4)OC)O)C)O)C)OC)OC,804.027,5.1075,13,3,619.92,0.23392,7,1
Teniposide,COC1=CC(=CC(=C1O)OC)C2C3C(COC3=O)C(C4=CC5=C(C=C24)OCO5)OC6C(C(C7C(O6)COC(O7)C8=CC=CS8)O)O,656.659,1.3462,13,3,438.82,0.37077,6,1
Tetracycline,CC1(C2CC3C(C(=O)C(=C(C3(C(=O)C2=C(C4=C1C=CC=C4O)O)O)O)C(=O)N)N(C)C)O,444.439,-1.2602,10,6,291.28,0.42378,2,1
Tetradecanoylphorbol Acetate,CCCCCCCCCCCCCC(=O)OC1C(C2(C(C=C(CC3(C2C=C(C3=O)C)O)CO)C4C1(C4(C)C)OC(=O)C)O)C,616.833,6.4785,8,3,471.56,0.20871,17,1
Tetrodotoxin,C(C1(C2C3C(N=C(NC34C(C1OC(C4O)(O2)O)O)N)O)O)O,319.269,-4.0851,11,8,180.54,0.75795,1,1
Thapsigargin,CCCCCCCC(=O)OC1C2C(=C(C1OC(=O)C(=CC)C)C)C3C(C(CC2(C)OC(=O)C)OC(=O)CCC)(C(C(=O)O3)(C)O)O,650.759,4.5784,12,2,487.73,0.28991,17,1
Thiostrepton,CCC(C)C1C(=O)NC(C(=O)NC(=C)C(=O)NC(C(=O)NC23CCC(=NC2C4=CSC(=N4)C(C(OC(=O)C5=NC6=C(C=CC(C6O)N1)C(=C5)C(C)O)C)NC(=O)C7=CSC(=N7)C(NC(=O)C8CSC(=N8)C(=CC)NC(=O)C(NC(=O)C9=CSC3=N9)C(C)O)C(C)(C(C)O)O)C1=NC(=CS1)C(=O)NC(=C)C(=O)NC(=C)C(=O)N)C)C,1664.91,-2.4435,37,17,1180.5,0.46598,12,1
Tigecycline,CC(C)(C)NCC(=O)NC1=CC(=C2CC3CC4C(C(=O)C(=C(C4(C(=O)C3=C(C2=C1O)O)O)O)C(=O)N)N(C)C)N(C)C,585.656,-1.1535,13,7,412.46,0.36331,7,1
Topotecan,CCC1(C2=C(COC1=O)C(=O)N3CC4=CC5=C(C=CC(=C5CN(C)C)O)N=C4C3=C2)O,421.452,0.461,8,2,294.78,0.27258,3,1
Trabectedin,CC1=CC2=C(C3C4C5C6=C(C(=C7C(=C6C(N4C(C(C2)N3C)O)COC(=O)C8(CS5)C9=CC(=C(C=C9CCN8)O)OC)OCO7)C)OC(=O)C)C(=C1OC)O,761.846,4.527,14,4,517.41,0.312,4,1
Triamterene,C1=CC=C(C=C1)C2=NC3=C(N=C(N=C3N=C2N)N)N,253.268,0.6075,7,3,188.22,0.47652,1,1
Troglitazone,CC1=C(C2=C(CCC(O2)(C)COC3=CC=C(C=C3)CC4C(=O)NC(=O)S4)C(=C1O)C)C,441.546,4.3852,6,2,323.81,0.27217,5,1
Trp-Lys-Tyr-Met-Val-Met,CC(C)C(C(=O)NC(CCSC)C(=O)O)NC(=O)C(CCSC)NC(=O)C(CC1=CC=C(C=C1)O)NC(=O)C(CCCCN)NC(=O)C(CC2=CNC3=CC=CC=C32)N,857.107,-3.0068,16,10,659.85,0.36561,26,1
Tubocurarine,CN1CCC2=CC(=C3C=C2C1CC4=CC=C(C=C4)OC5=C6C(CC7=CC(=C(C=C7)O)O3)[N+](CCC6=CC(=C5O)OC)(C)C)OC,609.741,2.8489,8,2,449.78,0.13813,2,1
U 0126,C1=CC=C(C(=C1)N)SC(=C(C#N)C(=C(N)SC2=CC=CC=C2N)C#N)N,380.499,2.0552,6,4,291.34,0.4228,5,1
Ubiquinone,CC1=C(C(=O)C(=C(C1=O)OC)OC)CC=C(C)CCC=C(C)CCC=C(C)CCC=C(C)CCC=C(C)CCC=C(C)CCC=C(C)CCC=C(C)CCC=C(C)CCC=C(C)C,863.36,22.085,4,0,781.52,0.058962,31,1
Uridine Diphosphate,C1=CN(C(=O)NC1=O)C2C(C(C(O2)COP(=O)(O)OP(=O)(O)O)O)O,404.16,-8.2447,14,6,243.31,0.70129,6,1
Uridine Triphosphate,C1=CN(C(=O)NC1=O)C2C(C(C(O2)COP(=O)(O)OP(=O)(O)OP(=O)(O)O)O)O,484.139,-10.702,17,7,283.43,0.74357,8,1
VER 155008,C1=CC(=CC=C1COCC2C(C(C(O2)N3C4=NC=NC(=C4N=C3NCC5=CC(=C(C=C5)Cl)Cl)N)O)O)C#N,556.409,2.5886,11,4,395.87,0.31897,8,1
VS-5584,CC1=NC2=C(N=C(N=C2N1C(C)C)N3CCOCC3)C4=CN=C(N=C4)N,354.417,1.0062,9,1,270.26,0.33501,3,1
Vemurafenib,CCCS(=O)(=O)NC1=C(C(=C(C=C1)F)C(=O)C2=CNC3=C2C=C(C=N3)C4=CC=C(C=C4)Cl)F,489.929,4.5779,6,2,341.4,0.22859,6,1
Vinblastine,CCC1(CC2CC(C3=C(CCN(C2)C1)C4=CC=CC=C4N3)(C5=C(C=C6C(=C5)C78CCN9C7C(C=CC9)(C(C(C8N6C)(C(=O)OC)O)OC(=O)C)CC)OC)C(=O)OC)O,810.986,3.2987,13,3,578.77,0.22455,10,1
Vincristine,CCC1(CC2CC(C3=C(CCN(C2)C1)C4=CC=CC=C4N3)(C5=C(C=C6C(=C5)C78CCN9C7C(C=CC9)(C(C(C8N6C=O)(C(=O)OC)O)OC(=O)C)CC)OC)C(=O)OC)O,824.969,2.9846,14,3,586.05,0.24401,10,1
Vinorelbine,CCC1=CC2CC(C3=C(CN(C2)C1)C4=CC=CC=C4N3)(C5=C(C=C6C(=C5)C78CCN9C7C(C=CC9)(C(C(C8N6C)(C(=O)OC)O)OC(=O)C)CC)OC)C(=O)OC,778.944,3.5875,12,2,559.2,0.20898,10,1
Vitamin B 12,CC1=CC2=C(C=C1C)N(C=N2)C3C(C(C(O3)CO)OP(=O)([O-])OC(C)CNC(=O)CCC4(C(C5C6(C(C(C(=N6)C(=C7C(C(C(=N7)C=C8C(C(C(=N8)C(=C4[N-]5)C)CCC(=O)N)(C)C)CCC(=O)N)(C)CC(=O)N)C)CCC(=O)N)(C)CC(=O)N)C)CC(=O)N)C)O.[C-]#N.[Co+3],1355.38,-0.7022,27,11,916.18,0.37603,26,1
Vx-11e,CC1=CN=C(N=C1C2=CNC(=C2)C(=O)NC(CO)C3=CC(=CC=C3)Cl)NC4=C(C=C(C=C4)F)Cl,500.36,4.3966,7,4,362.36,0.23455,7,1
Wortmannin,CC(=O)OC1CC2(C(CCC2=O)C3=C1C4(C(OC(=O)C5=COC(=C54)C3=O)COC)C)C,428.436,1.6247,8,0,295.27,0.32604,4,1
XMU-MP-1,CN1C2=C(C(=O)N(C3=CN=C(N=C31)NC4=CC=C(C=C4)S(=O)(=O)N)C)SC=C2,416.485,2.0613,9,2,284.17,0.41436,3,1
YM-254890,CC1C(C(=O)OC(C(=O)N(C(=C)C(=O)NC(C(=O)N(C(C(=O)NC(C(=O)N(C(C(=O)O1)C(C)OC)C)C(C(C)C)OC(=O)C(C(C(C)C)O)NC(=O)C)C)C)C)C)CC2=CC=CC=C2)NC(=O)C,960.088,-0.5979,22,5,731.0,0.3283,13,1
ZD 9331,CC1=CC2=C(C=C1CN(CC#C)C3=CC(=C(C=C3)C(=O)NC(CCC4=NNN=N4)C(=O)O)F)C(=O)NC(=N2)C,532.535,0.9127,12,4,403.14,0.34008,10,1
ZK159222,CCCCOC(=O)C1(CC1)C(C=CC(C)C2CCC3C2(CCCC3=CC=C4CC(CC(C4=C)O)O)C)O,512.728,5.9937,5,3,402.69,0.15481,10,1
Zeocin,CC1=C(N=C(N=C1N)C(CC(=O)N)NCC(C(=O)N)N)C(=O)NC(C(C2=CN=CN2)OC3C(C(C(C(O3)CO)O)O)OC4C(C(C(C(O4)CO)O)OC(=O)N)O)C(=O)NC(C)C(C(C)C(=O)NC(C(C)O)C(=O)NCCC5=NC(CS5)C6=NC(=CS6)C(=O)NCCCCN=C(N)N)O,1427.54,-12.329,41,22,1017.9,0.5438,37,1
abexinostat,CN(C)CC1=C(OC2=CC=CC=C21)C(=O)NCCOC3=CC=C(C=C3)C(=O)NO,397.43,1.6226,8,3,308.18,0.29126,8,1
acalabrutinib,CC#CC(=O)N1CCCC1C2=NC(=C3N2C=CN=C3N)C4=CC=C(C=C4)C(=O)NC5=CC=CC=N5,465.516,2.6784,9,2,362.43,0.26824,4,1
acetylspiramycin,CC1CC=CC=CC(C(CC(C(C(C(CC(=O)O1)OC(=O)C)OC)OC2C(C(C(C(O2)C)OC3CC(C(C(O3)C)O)(C)O)N(C)C)O)CC=O)C)OC4CCC(C(O4)C)N(C)C,885.097,2.4608,17,3,676.04,0.25963,13,1
acteoside,CC1C(C(C(C(O1)OC2C(C(OC(C2OC(=O)C=CC3=CC(=C(C=C3)O)O)CO)OCCC4=CC(=C(C=C4)O)O)O)O)O)O,624.59,-0.3803,15,9,435.96,0.41504,11,1
acyline,CC(C)CC(C(=O)NC(CCCCNC(C)C)C(=O)N1CCCC1C(=O)NC(C)C(=O)N)NC(=O)C(CC2=CC=C(C=C2)NC(=O)C)NC(=O)C(CC3=CC=C(C=C3)NC(=O)C)NC(=O)C(CO)NC(=O)C(CC4=CN=CC=C4)NC(=O)C(CC5=CC=C(C=C5)Cl)NC(=O)C(CC6=CC7=CC=CC=C7C=C6)NC(=O)C,1533.23,3.1223,29,14,1181.7,0.29611,40,1
adavosertib,CC(C)(C1=NC(=CC=C1)N2C3=NC(=NC=C3C(=O)N2CC=C)NC4=CC=C(C=C4)N5CCN(CC5)C)O,500.605,2.5665,10,2,379.35,0.2233,7,1
aflatoxin G1,COC1=C2C3=C(C(=O)OCC3)C(=O)OC2=C4C5C=COC5OC4=C1,328.275,0.9548,7,0,218.96,0.34746,1,1
afuresertib,CN1C(=C(C=N1)Cl)C2=C(SC(=C2)C(=O)NC(CC3=CC(=CC=C3)F)CN)Cl,427.33,3.178,5,2,303.88,0.25658,6,1
agrimoniin,C1C2C(C3C(C(O2)OC(=O)C4=CC(=C(C(=C4)OC5=C(C(=C(C=C5C(=O)OC6C7C(C8C(O6)COC(=O)C9=CC(=C(C(=C9C2=C(C(=C(C=C2C(=O)O8)O)O)O)O)O)O)OC(=O)C2=CC(=C(C(=C2C2=C(C(=C(C=C2C(=O)O7)O)O)O)O)O)O)O)O)O)O)O)OC(=O)C2=CC(=C(C(=C2C2=C(C(=C(C=C2C(=O)O3)O)O)O)O)O)O)OC(=O)C2=CC(=C(C(=C2C2=C(C(=C(C=C2C(=O)O1)O)O)O)O)O)O,1871.28,3.7515,52,29,1174.3,0.54527,8,1
ajugasterone C,CC(C)CCC(C(C)(C1CCC2(C1(CC(C3C2=CC(=O)C4C3(CC(C(C4)O)O)C)O)C)O)O)O,480.639,2.0652,7,6,339.32,0.27007,5,1
alisol A 24-acetate,CC(CC(C(C(C)(C)O)OC(=O)C)O)C1=C2CC(C3C4(CCC(=O)C(C4CCC3(C2(CC1)C)C)(C)C)C)O,532.759,5.1588,6,3,394.44,0.19111,7,1
alisol B,CC(CC(C1C(O1)(C)C)O)C2=C3CC(C4C5(CCC(=O)C(C5CCC4(C3(CC2)C)C)(C)C)C)O,472.707,5.2606,4,2,352.23,0.16151,4,1
alisol B 23-acetate,CC(CC(C1C(O1)(C)C)OC(=O)C)C2=C3CC(C4C5(CCC(=O)C(C5CCC4(C3(CC2)C)C)(C)C)C)O,514.744,5.7452,5,1,385.89,0.17318,6,1
alisol B monoacetate,CC(CC(C1C(O1)(C)C)OC(=O)C)C2=C3CC(C4C5(CCC(=O)C(C5CCC4(C3(CC2)C)C)(C)C)C)O,514.744,5.7452,5,1,385.89,0.17318,6,1
alpha-solanine,CC1CCC2C(C3C(N2C1)CC4C3(CCC5C4CC=C6C5(CCC(C6)OC7C(C(C(C(O7)CO)O)OC8C(C(C(C(O8)CO)O)O)O)OC9C(C(C(C(O9)C)O)O)O)C)C)C,868.067,0.6185,16,9,591.4,0.30681,8,1
alternariol,CC1=CC(=CC2=C1C3=C(C(=CC(=C3)O)O)C(=O)O2)O,258.228,2.2963,5,3,178.58,0.34909,0,1
alvocidib,CN1CCC(C(C1)O)C2=C(C=C(C3=C2OC(=CC3=O)C4=CC=CC=C4Cl)O)O,401.845,3.5175,6,3,281.79,0.23383,2,1
amentoflavone,C1=CC(=CC=C1C2=CC(=O)C3=C(O2)C(=C(C=C3O)O)C4=C(C=CC(=C4)C5=CC(=O)C6=C(C=C(C=C6O5)O)O)O)O,538.463,4.671,10,6,368.56,0.33829,3,1
amyloid beta-protein (1-40),CCC(C)C(C(=O)NC(C(C)CC)C(=O)NCC(=O)NC(CC(C)C)C(=O)NC(CCSC)C(=O)NC(C(C)C)C(=O)NCC(=O)NCC(=O)NC(C(C)C)C(=O)NC(C(C)C)C(=O)O)NC(=O)C(C)NC(=O)CNC(=O)C(CCCCN)NC(=O)C(CC(=O)N)NC(=O)C(CO)NC(=O)CNC(=O)C(C(C)C)NC(=O)C(CC(=O)O)NC(=O)C(CCC(=O)O)NC(=O)C(C)NC(=O)C(CC1=CC=CC=C1)NC(=O)C(CC2=CC=CC=C2)NC(=O)C(C(C)C)NC(=O)C(CC(C)C)NC(=O)C(CCCCN)NC(=O)C(CCC(=O)N)NC(=O)C(CC3=CNC=N3)NC(=O)C(CC4=CNC=N4)NC(=O)C(C(C)C)NC(=O)C(CCC(=O)O)NC(=O)C(CC5=CC=C(C=C5)O)NC(=O)CNC(=O)C(CO)NC(=O)C(CC(=O)O)NC(=O)C(CC6=CNC=N6)NC(=O)C(CCCNC(=N)N)NC(=O)C(CC7=CC=CC=C7)NC(=O)C(CCC(=O)O)NC(=O)C(C)NC(=O)C(CC(=O)O)N,4329.86,-25.072,111,60,3309.3,0.42755,144,1
andrographolide,CC12CCC(C(C1CCC(=C)C2CC=C3C(COC3=O)O)(C)CO)O,350.453,1.883,5,3,258.92,0.24077,3,1
anemoside A3,CC1C(C(C(C(O1)OC2C(C(COC2OC3CCC4(C5CCC6C7C(CCC7(CCC6(C5(CCC4C3(C)CO)C)C)C(=O)O)C(=C)C)C)O)O)O)O)O,750.963,3.2984,12,7,522.18,0.27718,7,1
anemoside B4,CC1C(C(C(C(O1)OC2C(OC(C(C2O)O)OCC3C(C(C(C(O3)OC(=O)C45CCC(C4C6CCC7C8(CCC(C(C8CCC7(C6(CC5)C)C)(C)CO)OC9C(C(C(CO9)O)O)OC1C(C(C(C(O1)C)O)O)O)C)C(=C)C)O)O)O)CO)O)O)O,1221.39,-1.2862,26,15,819.76,0.3776,15,1
annonacin,CCCCCCCCCCCCC(C1CCC(O1)C(CCCCC(CCCCCC(CC2=CC(OC2=O)C)O)O)O)O,596.886,7.9603,7,4,502.86,0.16991,26,1
apicidin,CCC(C)C1C(=O)N2CCCCC2C(=O)NC(C(=O)NC(C(=O)N1)CC3=CN(C4=CC=CC=C43)OC)CCCCCC(=O)CC,623.792,3.7653,11,3,490.15,0.24482,12,1
"apigenin-6,8-di-C-glycopyranoside",C1=CC(=CC=C1C2=CC(=O)C3=C(C(=C(C(=C3O2)C4C(C(C(C(O4)CO)O)O)O)O)C5C(C(C(C(O5)CO)O)O)O)O)O,594.52,-2.4917,15,11,387.35,0.48313,5,1
araloside A,CC1(CCC2(CCC3(C(=CCC4C3(CCC5C4(CCC(C5(C)C)OC6C(C(C(C(O6)C(=O)O)OC7C(C(C(O7)CO)O)O)O)O)C)C)C2C1)C)C(=O)OC8C(C(C(C(O8)CO)O)O)O)C,927.087,0.7135,18,10,627.61,0.34588,10,1
archazolid B,CC1C=CC=C(C(C(C(C=CC(=CC(=CC(C(C=C(CC=CC(=O)OC1C2=CSC(=N2)C(CC(C)C)OC(=O)NC)C)O)C)C)C)O)C)OC)C,725.0,8.9906,9,3,597.34,0.20938,7,1
arzanol,CCC1=C(C(=C(C(=O)O1)CC2=C(C(=C(C(=C2O)CC=C(C)C)O)C(=O)C)O)O)C,402.441,3.5815,7,4,303.79,0.29125,6,1
asiatic acid,CC1CCC2(CCC3(C(=CCC4C3(CCC5C4(CC(C(C5(C)CO)O)O)C)C)C2C1C)C)C(=O)O,488.706,4.2233,5,4,350.81,0.18654,2,1
aspalathin,C1=CC(=C(C=C1CCC(=O)C2=C(C=C(C(=C2O)C3C(C(C(C(O3)CO)O)O)O)O)O)O)O,452.411,-0.7151,11,9,308.2,0.4573,6,1
asparanin A,CC1CCC2(C(C3C(O2)CC4C3(CCC5C4CCC6C5(CCC(C6)OC7C(C(C(C(O7)CO)O)O)OC8C(C(C(C(O8)CO)O)O)O)C)C)C)OC1,740.924,1.3117,13,7,506.6,0.29945,6,1
aspidin BB,CCCC(=O)C1=C(C(=C(C(C1=O)(C)C)O)CC2=C(C(=C(C(=C2O)C)OC)C(=O)CCC)O)O,460.521,3.389,8,4,347.02,0.29255,9,1
astaxanthine,CC1=C(C(CC(C1=O)O)(C)C)C=CC(=CC=CC(=CC=CC=C(C)C=CC=C(C)C=CC2=C(C(=O)C(CC2(C)C)O)C)C)C,596.849,10.752,4,2,507.82,0.10295,10,1
astilbin,CC1C(C(C(C(O1)OC2C(OC3=CC(=CC(=C3C2=O)O)O)C4=CC(=C(C=C4)O)O)O)O)O,450.395,0.0475,11,7,297.98,0.45218,3,1
astragaloside A,CC1(C(CCC23C1C(CC4C2(C3)CCC5(C4(CC(C5C6(CCC(O6)C(C)(C)O)C)O)C)C)OC7C(C(C(C(O7)CO)O)O)O)OC8C(C(C(CO8)O)O)O)C,784.977,0.76,14,9,522.7,0.32122,7,1
astragaloside VI,CC1(C(CCC23C1C(CC4C2(C3)CCC5(C4(CC(C5C6(CCC(O6)C(C)(C)O)C)O)C)C)OC7C(C(C(C(O7)CO)O)O)O)OC8C(C(C(CO8)O)O)OC9C(C(C(C(O9)CO)O)O)O)C,947.117,-1.0771,19,12,624.51,0.36381,10,1
atranorin,CC1=CC(=C(C(=C1C(=O)OC2=C(C(=C(C(=C2)C)C(=O)OC)O)C)O)C=O)O,374.344,2.931,8,3,276.15,0.3564,6,1
aucubin,C1=COC(C2C1C(C=C2CO)O)OC3C(C(C(C(O3)CO)O)O)O,346.331,-2.5937,9,6,232.33,0.46744,4,1
auriculasin,CC(=CCC1=C2C(=C(C3=C1OC=C(C3=O)C4=CC(=C(C=C4)O)O)O)C=CC(O2)(C)C)C,420.46,4.6764,6,3,311.95,0.2319,3,1
aurofusarin,CC1=CC(=O)C2=C(O1)C=C3C(=C2O)C(=O)C(=C(C3=O)OC)C4=C(C(=O)C5=CC6=C(C(=O)C=C(O6)C)C(=C5C4=O)O)OC,570.461,2.784,12,2,382.52,0.3776,3,1
avermectin,CCC(C)C1C(C=CC2(O1)CC3CC(O2)CC=C(C(C(C=CC=C4COC5C4(C(C=C(C5O)C)C(=O)O3)O)C)OC6CC(C(C(O6)C)OC7CC(C(C(O7)C)O)OC)OC)C)C,873.086,5.1346,14,3,647.67,0.23521,8,1
azadirachtin,CC=C(C)C(=O)OC1CC(C2(COC3C2C14COC(C4C(C3O)(C)C56C7CC(C5(O6)C)C8(C=COC8O7)O)(C(=O)OC)O)C(=O)OC)OC(=O)C,720.718,-1.0237,16,3,470.64,0.40181,10,1
azaribine,CC(=O)OCC1C(C(C(O1)N2C(=O)NC(=O)C=N2)OC(=O)C)OC(=O)C,371.301,-1.3036,12,1,262.31,0.50215,8,1
azaspiracid,CC1CC2C3C(CC4(O3)C(CC(CN4)C)C)OC(C1)(O2)CC(=C)C5C(CC(C(O5)(C(C6CC7C(O6)CC(C8(O7)CCC9(O8)C=CCC(O9)C=CCCC(=O)O)C)O)O)C)C,842.076,2.7871,13,4,601.76,0.23897,9,1
bafilomycin A,CC1CC(=CC=CC(C(OC(=O)C(=CC(=CC(C1O)C)C)OC)C(C)C(C(C)C2(CC(C(C(O2)C(C)C)C)O)O)O)OC)C,622.837,6.1277,9,4,493.07,0.21384,7,1
bafilomycin A1,CC1CC(=CC=CC(C(OC(=O)C(=CC(=CC(C1O)C)C)OC)C(C)C(C(C)C2(CC(C(C(O2)C(C)C)C)O)O)O)OC)C,622.837,6.1277,9,4,493.07,0.21384,7,1
baicalin,C1=CC=C(C=C1)C2=CC(=O)C3=C(C(=C(C=C3O2)OC4C(C(C(C(O4)C(=O)O)O)O)O)O)O,446.363,-0.0032002,11,6,296.83,0.45373,4,1
baohuoside I,CC1C(C(C(C(O1)OC2=C(OC3=C(C(=CC(=C3C2=O)O)O)CC=C(C)C)C4=CC=C(C=C4)OC)O)O)O,514.525,3.2237,10,5,368.45,0.32173,6,1
bathocuproine sulfonate,CC1=CC(=C2C=CC3=C(C=C(N=C3C2=N1)C)C4=CC=C(C=C4)S(=O)(=O)O)C5=CC=C(C=C5)S(=O)(=O)O,520.585,1.9472,8,2,353.88,0.29756,4,1
batimastat,CC(C)CC(C(CSC1=CC=CS1)C(=O)NO)C(=O)NC(CC2=CC=CC=C2)C(=O)NC,477.648,2.867,7,4,368.49,0.33773,12,1
beauvericin,CC(C)C1C(=O)N(C(C(=O)OC(C(=O)N(C(C(=O)OC(C(=O)N(C(C(=O)O1)CC2=CC=CC=C2)C)C(C)C)CC3=CC=CC=C3)C)C(C)C)CC4=CC=CC=C4)C,783.96,5.2239,12,0,610.8,0.19465,9,1
beclomethasone 17-monopropionate,CCC(=O)OC1(C(CC2C1(CC(C3(C2CCC4=CC(=O)C=CC43C)Cl)O)C)C)C(=O)CO,464.984,2.9232,6,2,325.32,0.23153,5,1
benzyloxycarbonyl-isoleucyl-glutamyl(O-tert-butyl)-alanyl-leucinal,CCC(C)C(C(=O)NC(CCC(=O)OC(C)(C)C)C(=O)NC(C)C(=O)NC(CC(C)C)C=O)NC(=O)OCC1=CC=CC=C1,618.769,2.6923,12,4,499.68,0.28834,20,1
benzyloxycarbonylvalyl-alanyl-aspartyl fluoromethyl ketone,CC(C)C(C(=O)NC(C)C(=O)NC(CC(=O)O)C(=O)C(=O)CF)NC(=O)OCC1=CC=CC=C1,481.475,-0.6445,11,4,364.9,0.37194,14,1
bergenin,COC1=C(C=C2C(=C1O)C3C(C(C(C(O3)CO)O)O)OC2=O)O,328.272,-1.626,9,5,214.28,0.50653,2,1
beta-Endorphin,CCC(C)C(C(=O)NC(C(C)CC)C(=O)NC(CCCCN)C(=O)NC(CC(=O)N)C(=O)NC(C)C(=O)NC(CC1=CC=C(C=C1)O)C(=O)NC(CCCCN)C(=O)NC(CCCCN)C(=O)NCC(=O)NC(CCC(=O)O)C(=O)O)NC(=O)C(C)NC(=O)C(CC(=O)N)NC(=O)C(CCCCN)NC(=O)C(CC2=CC=CC=C2)NC(=O)C(CC(C)C)NC(=O)C(C(C)O)NC(=O)C(C(C)C)NC(=O)C(CC(C)C)NC(=O)C3CCCN3C(=O)C(C(C)O)NC(=O)C(CCC(=O)N)NC(=O)C(CO)NC(=O)C(CCCCN)NC(=O)C(CCC(=O)O)NC(=O)C(CO)NC(=O)C(C(C)O)NC(=O)C(CCSC)NC(=O)C(CC4=CC=CC=C4)NC(=O)CNC(=O)CNC(=O)C(CC5=CC=C(C=C5)O)N,3465.02,-25.237,85,48,2657.5,0.41063,118,1
beta-Glucans,C(C1C(C(C(C(O1)OC2C(OC(C(C2O)O)OC3C(OC(C(C3O)O)O)CO)CO)O)O)O)O,504.436,-6.295,16,11,321.63,0.60349,7,1
betadex,C(C1C2C(C(C(O1)OC3C(OC(C(C3O)O)OC4C(OC(C(C4O)O)OC5C(OC(C(C5O)O)OC6C(OC(C(C6O)O)OC7C(OC(C(C7O)O)OC8C(OC(O2)C(C8O)O)CO)CO)CO)CO)CO)CO)O)O)O,1134.98,-12.86,35,21,712.67,0.58246,7,1
bicalutamide,CC(CS(=O)(=O)C1=CC=C(C=C1)F)(C(=O)NC2=CC(=C(C=C2)C#N)C(F)(F)F)O,430.377,2.1426,6,2,291.11,0.27392,6,1
bisindolylmaleimide,C1=CC=C2C(=C1)C(=CN2)C3=C(C(=O)NC3=O)C4=CNC5=CC=CC=C54,327.342,1.5839,5,3,237.74,0.2756,2,1
bisindolylmaleimide I,CN(C)CCCN1C=C(C2=CC=CC=C21)C3=C(C(=O)NC3=O)C4=CNC5=CC=CC=C54,412.492,1.7206,6,2,313.47,0.19763,6,1
bisindolylmaleimide IX,CN1C=C(C2=CC=CC=C21)C3=C(C(=O)NC3=O)C4=CN(C5=CC=CC=C54)CCCSC(=N)N,457.557,1.5945,7,3,336.86,0.29579,7,1
bisoxatin acetate,CC(=O)OC1=CC=C(C=C1)C2(C(=O)NC3=CC=CC=C3O2)C4=CC=C(C=C4)OC(=O)C,417.416,3.2815,7,1,308.92,0.26084,6,1
bleomycetin,CC1=C(N=C(N=C1N)C(CC(=O)N)NCC(C(=O)N)N)C(=O)NC(C(C2=CN=CN2)OC3C(C(C(C(O3)CO)O)O)OC4C(C(C(C(O4)CO)O)OC(=O)N)O)C(=O)NC(C)C(C(C)C(=O)NC(C(C)O)C(=O)NCCC5=NC(=CS5)C6=NC(=CS6)C(=O)NCCCNCCCCN)O,1440.58,-10.877,40,22,1040.3,0.51956,40,1
brassinolide,CC(C)C(C)C(C(C(C)C1CCC2C1(CCC3C2COC(=O)C4C3(CC(C(C4)O)O)C)C)O)O,480.683,3.2214,6,4,353.35,0.2135,5,1
brazilein,C1C2=CC(=C(C=C2C3=C4C=CC(=O)C=C4OCC31O)O)O,284.266,0.6189,5,3,191.62,0.32533,0,1
brevetoxin 2,CC1CC2C(CC3(C(O2)CC4C(O3)C(=CC(=O)O4)C)C)OC5C1OC6CC7C(CC8C(O7)(CC=CC9C(O8)CC1C(O9)CC2C(O1)(C(CC(O2)CC(=C)C=O)O)C)C)(OC6(CC5)C)C,895.092,2.3535,14,1,620.59,0.24038,3,1
bruceantinol,CC1=C(C(=O)CC2(C1CC3C45C2C(C(C(C4C(C(=O)O3)OC(=O)C=C(C)C(C)(C)OC(=O)C)(OC5)C(=O)OC)O)O)C)O,606.619,0.2492,13,3,407.67,0.37898,8,1
bryostatin 1,CCCC=CC=CC(=O)OC1C(=CC(=O)OC)CC2CC(OC(=O)CC(CC3CC(C(C(O3)(CC4CC(=CC(=O)OC)CC(O4)C=CC(C1(O2)O)(C)C)O)(C)C)OC(=O)C)O)C(C)O,905.04,5.0065,17,4,684.65,0.28861,13,1
cabazitaxel,CC1=C2C(C(=O)C3(C(CC4C(C3C(C(C2(C)C)(CC1OC(=O)C(C(C5=CC=CC=C5)NC(=O)OC(C)(C)C)O)O)OC(=O)C6=CC=CC=C6)(CO4)OC(=O)C)OC)C)OC,835.941,3.4648,15,3,600.78,0.28773,15,1
calcein AM,CC(=O)OCOC(=O)CN(CC1=CC2=C(C=C1OC(=O)C)OC3=C(C24C5=CC=CC=C5C(=O)O4)C=C(C(=C3)OC(=O)C)CN(CC(=O)OCOC(=O)C)CC(=O)OCOC(=O)C)CC(=O)OCOC(=O)C,994.862,1.8051,25,0,723.2,0.37409,32,1
calix(6)arene,C1C2=C(C(=CC=C2)CC3=C(C(=CC=C3)CC4=C(C(=CC=C4)CC5=CC=CC(=C5O)CC6=CC=CC(=C6O)CC7=CC=CC1=C7O)O)O)O,636.742,8.8212,6,6,479.22,0.16402,0,1
calycosin-7-O-beta-D-glucoside,COC1=C(C=C(C=C1)C2=COC3=C(C2=O)C=CC(=C3)OC4C(C(C(C(O4)CO)O)O)O)O,446.407,-0.0864,10,5,308.75,0.38394,5,1
calyculin A,CC1C(CC2(C(C(C(O2)C(CC(C(C)C(C(C)C=C(C)C(=CC=CC(=CC#N)C)C)O)O)OC)OP(=O)(O)O)(C)C)OC1CC=CC3=COC(=N3)C(C)CCNC(=O)C(C(C(COC)N(C)C)O)O)O,1009.18,0.3674,19,8,779.04,0.28934,26,1
capivasertib,C1CN(CCC1(C(=O)NC(CCO)C2=CC=C(C=C2)Cl)N)C3=NC=NC4=C3C=CN4,428.923,1.1671,8,4,316.48,0.2918,6,1
capsazepine,C1CC2=CC(=C(C=C2CN(C1)C(=S)NCCC3=CC=C(C=C3)Cl)O)O,376.907,3.6655,4,3,284.67,0.24312,3,1
carfilzomib,CC(C)CC(C(=O)C1(CO1)C)NC(=O)C(CC2=CC=CC=C2)NC(=O)C(CC(C)C)NC(=O)C(CCC3=CC=CC=C3)NC(=O)CN4CCOCC4,719.921,2.513,12,4,576.63,0.24667,20,1
casticin,COC1=C(C=C(C=C1)C2=C(C(=O)C3=C(C(=C(C=C3O2)OC)OC)O)OC)O,374.344,2.3995,8,2,271.93,0.32817,5,1
casuarictin,C1C2C(C3C(C(O2)OC(=O)C4=CC(=C(C(=C4)O)O)O)OC(=O)C5=CC(=C(C(=C5C6=C(C(=C(C=C6C(=O)O3)O)O)O)O)O)O)OC(=O)C7=CC(=C(C(=C7C8=C(C(=C(C=C8C(=O)O1)O)O)O)O)O)O,936.647,1.8349,26,15,592.06,0.54336,3,1
catalpol,C1=COC(C2C1C(C3C2(O3)CO)O)OC4C(C(C(C(O4)CO)O)O)O,362.33,-3.6103,10,6,234.68,0.53797,4,1
cerivastatin,CC(C)C1=C(C(=C(C(=N1)C(C)C)COC)C2=CC=C(C=C2)F)C=CC(CC(CC(=O)O)O)O,459.556,4.3196,6,3,364.01,0.2014,11,1
cetrorelix,CC(C)CC(C(=O)NC(CCCN=C(N)N)C(=O)N1CCCC1C(=O)NC(C)C(=O)N)NC(=O)C(CCCNC(=O)N)NC(=O)C(CC2=CC=C(C=C2)O)NC(=O)C(CO)NC(=O)C(CC3=CN=CC=C3)NC(=O)C(CC4=CC=C(C=C4)Cl)NC(=O)C(CC5=CC6=CC=CC=C6C=C5)NC(=O)C,1431.06,-0.7136,31,16,1088.4,0.35317,38,1
chebulic acid,C1=C2C(=C(C(=C1O)O)O)C(C(OC2=O)C(=O)O)C(CC(=O)O)C(=O)O,356.238,-1.2959,11,6,230.12,0.61168,5,1
chikusetsusaponin V,CC1(CCC2(CCC3(C(=CCC4C3(CCC5C4(CCC(C5(C)C)OC6C(C(C(C(O6)C(=O)O)O)O)OC7C(C(C(C(O7)CO)O)O)O)C)C)C2C1)C)C(=O)OC8C(C(C(C(O8)CO)O)O)O)C,957.112,0.2034,19,11,646.46,0.35606,10,1
chlamydocin,CC1(C(=O)NC(C(=O)N2CCCC2C(=O)NC(C(=O)N1)CCCCCC(=O)C3CO3)CC4=CC=CC=C4)C,526.632,1.094,10,3,406.37,0.29722,9,1
chymostatin,CC(C)CC(C(=O)NC(CC1=CC=CC=C1)C=O)NC(=O)C(C2CCN=C(N2)N)NC(=O)NC(CC3=CC=CC=C3)C(=O)O,607.71,-0.014,13,7,473.52,0.34292,15,1
cinobufotalin,CC(=O)OC1C(C2(CCC3C(C24C1O4)CCC5(C3(CCC(C5)O)C)O)C)C6=COC(=O)C=C6,458.549,1.5083,7,2,319.3,0.28165,3,1
cirsimarin,COC1=C(C(=C2C(=C1)OC(=CC2=O)C3=CC=C(C=C3)OC4C(C(C(C(O4)CO)O)O)O)O)OC,476.433,0.5521,11,5,331.01,0.38833,6,1
cisatracurium,C[N+]1(CCC2=CC(=C(C=C2C1CC3=CC(=C(C=C3)OC)OC)OC)OC)CCC(=O)OCCCCCOC(=O)CC[N+]4(CCC5=CC(=C(C=C5C4CC6=CC(=C(C=C6)OC)OC)OC)OC)C,929.157,1.7708,14,0,726.8,0.1525,26,1
coagulin-L,CC1=C(C(=O)OC(C1)C(C)(C2(CCC3(C2(CCC4C3CC=C5C4(C(=O)CC(C5)OC6C(C(C(C(O6)CO)O)O)O)C)C)O)O)O)C,650.759,0.3691,12,7,439.77,0.33604,5,1
cobaltiprotoporphyrin,[H+].[H+].CC1=C(C2=CC3=NC(=CC4=C(C(=C([N-]4)C=C5C(=C(C(=N5)C=C1[N-]2)C=C)C)C=C)C)C(=C3CCC(=O)[O-])C)CCC(=O)[O-].[Co+2],619.585,5.1545,8,4,435.19,0.23151,8,1
columbamine,COC1=C(C2=C[N+]3=C(C=C2C=C1)C4=CC(=C(C=C4CC3)OC)O)OC,338.382,-0.0048001,5,1,252.07,0.18193,3,1
copanlisib,COC1=C(C=CC2=C3NCCN3C(=NC(=O)C4=CN=C(N=C4)N)N=C21)OCCCN5CCOCC5,480.527,0.4326,12,2,359.49,0.3389,7,1
corilagin,C1C2C(C(C(C(O2)OC(=O)C3=CC(=C(C(=C3)O)O)O)O)OC(=O)C4=CC(=C(C(=C4C5=C(C(=C(C=C5C(=O)O1)O)O)O)O)O)O)O,634.454,0.0527,18,11,405.14,0.55097,3,1
cotylenin A,CC1C2CCC(C2=CC3(CCC(=C3C(C1O)OC4C(C5C6(C(O4)COC)OC(O5)C(O6)(C)C7CO7)O)C(C)C)C)(COC)O,622.749,1.3616,11,3,434.61,0.2921,8,1
crenigacestat,CC(C(=O)NC1C2=CC=CC=C2C3=C(N=CC=C3)N(C1=O)CCO)NC(=O)CCC(F)(F)F,464.443,1.737,8,3,332.86,0.26936,8,1
crocin,CC(=CC=CC=C(C)C=CC=C(C)C(=O)OC1C(C(C(C(O1)COC2C(C(C(C(O2)CO)O)O)O)O)O)O)C=CC=C(C)C(=O)OC3C(C(C(C(O3)COC4C(C(C(C(O4)CO)O)O)O)O)O)O,976.968,-1.902,24,14,696.32,0.41573,20,1
cruentaren A,CCCC(C(C)C(=O)NCC=CCC(C)C(C(C)C1CC=CCC(C(CC2=C(C(=CC(=C2)OC)O)C(=O)O1)O)C)O)O,589.767,5.3623,9,5,475.0,0.23145,12,1
cucurbitacin B,CC(=O)OC(C)(C)C=CC(=O)C(C)(C1C(CC2(C1(CC(=O)C3(C2CC=C4C3CC(C(=O)C4(C)C)O)C)C)C)O)O,558.709,3.3063,8,3,401.1,0.25295,6,1
cucurbitacin E,CC(=O)OC(C)(C)C=CC(=O)C(C)(C1C(CC2(C1(CC(=O)C3(C2CC=C4C3C=C(C(=O)C4(C)C)O)C)C)C)O)O,556.693,3.3832,8,3,399.55,0.25394,6,1
cucurbitacin I,CC1(C2=CCC3C4(CC(C(C4(CC(=O)C3(C2C=C(C1=O)O)C)C)C(C)(C(=O)C=CC(C)(C)O)O)O)C)C,514.656,2.8986,7,4,365.89,0.25013,4,1
cucurbitacin IIa,CC(=O)OC(C)(C)CCC(=O)C(C)(C1C(CC2(C1(CC(=O)C3(C2CC=C4C3CC(C(C4(C)C)O)O)C)C)C)O)O,562.741,3.4148,8,4,403.22,0.25177,7,1
cudraflavone B,CC(=CCC1=C(OC2=CC3=C(C=CC(O3)(C)C)C(=C2C1=O)O)C4=C(C=C(C=C4)O)O)C,420.46,5.52,6,3,310.16,0.23323,3,1
cyanidin-3-O-beta-glucopyranoside,C1=CC(=C(C=C1C2C(=CC3=C(C=C(C=C3O2)O)O)OC4C(C(C(C(O4)CO)O)O)O)O)O,450.395,-0.1399,11,8,300.29,0.4489,4,1
cyanoginosin LR,CC1C(NC(=O)C(NC(=O)C(C(NC(=O)C(NC(=O)C(NC(=O)C(=C)N(C(=O)CCC(NC1=O)C(=O)O)C)C)CC(C)C)C(=O)O)C)CCCN=C(N)N)C=CC(=CC(C)C(CC2=CC=CC=C2)OC)C,995.185,0.6815,22,10,779.4,0.34375,15,1
cyclo(Trp-Asp-Pro-Val-Leu),CC(C)CC1C(=O)NC(C(=O)NC(C(=O)N2CCCC2C(=O)NC(C(=O)N1)C(C)C)CC(=O)O)CC3=CNC4=CC=CC=C43,610.709,0.2908,13,6,458.52,0.33743,7,1
cyclosporin H,CCC1C(=O)N(CC(=O)N(C(C(=O)NC(C(=O)N(C(C(=O)NC(C(=O)NC(C(=O)N(C(C(=O)N(C(C(=O)N(C(C(=O)N(C(C(=O)N1)C(C(C)CC=CC)O)C)C(C)C)C)CC(C)C)C)CC(C)C)C)C)C)CC(C)C)C)C(C)C)CC(C)C)C)C,1202.63,2.9037,23,5,961.6,0.2363,15,1
dabrafenib,CC(C)(C)C1=NC(=C(S1)C2=NC(=NC=C2)N)C3=C(C(=CC=C3)NS(=O)(=O)C4=C(C=CC=C4F)F)F,519.571,4.5416,7,2,359.56,0.30198,5,1
dactolisib,CC(C)(C#N)C1=CC=C(C=C1)N2C3=C4C=C(C=CC4=NC=C3N(C2=O)C)C5=CC6=CC=CC=C6N=C5,469.547,6.2031,6,0,353.25,0.15751,3,1
daidzin,C1=CC(=CC=C1C2=COC3=C(C2=O)C=CC(=C3)OC4C(C(C(C(O4)CO)O)O)O)O,416.381,-0.0164,9,5,286.49,0.37886,4,1
darbufelone,CC(C)(C)C1=CC(=CC(=C1O)C(C)(C)C)C=C2C(=O)NC(=N)S2,332.467,3.9085,4,3,252.21,0.28028,3,1
deacylcortivazol,CC1CC2C3C=C(C4=CC5=C(CC4(C3C(CC2(C1(C(=O)CO)O)C)O)C)C=NN5C6=CC=CC=C6)C,488.626,2.6581,6,3,351.01,0.19994,3,1
delta(9)-tetrahydrocannabinolic acid,CCCCCC1=CC2=C(C3C=C(CCC3C(O2)(C)C)C)C(=C1C(=O)O)O,358.476,5.6161,4,2,278.43,0.17685,5,1
destruxin B,CCC(C)C1C(=O)N(C(C(=O)N(C(C(=O)NCCC(=O)OC(C(=O)N2CCCC2C(=O)N1)CC(C)C)C)C)C(C)C)C,593.763,1.3038,12,2,463.48,0.26282,5,1
diacetyldiphenylurea bisguanylhydrazone,CC(=NN=C(N)N)C1=CC=C(C=C1)NC(=O)NC2=CC=C(C=C2)C(=NN=C(N)N)C,408.469,3.1042,11,6,324.17,0.44137,6,1
didymin,CC1C(C(C(C(O1)OCC2C(C(C(C(O2)OC3=CC(=C4C(=O)CC(OC4=C3)C5=CC=C(C=C5)OC)O)O)O)O)O)O)O,594.564,-0.4683,14,7,404.26,0.40751,7,1
dieckol,C1=C(C=C(C=C1O)OC2=C(C=C(C3=C2OC4=C(C=C(C=C4O3)OC5=C(C=C(C=C5O)OC6=C(C=C(C7=C6OC8=C(C=C(C=C8O7)O)O)O)O)O)O)O)O)O,742.553,6.1241,18,11,484.91,0.44153,6,1
digalloylresveratrol,C1=CC(=CC=C1C(=C(C2=CC(=CC(=C2)O)O)C(=O)C3=CC(=C(C(=C3)O)O)O)C(=O)C4=CC(=C(C(=C4)O)O)O)O,532.456,2.3033,11,9,368.11,0.39113,6,1
dihydromyricetin,C1=C(C=C(C(=C1O)O)O)C2C(C(=O)C3=C(C=C(C=C3O2)O)O)O,320.252,0.6122,8,6,210.37,0.48315,1,1
dinophysistoxin 1,CC1CCC2(C(CCCO2)C)OC1C(C)CC(C3C(=C)C(C4C(O3)CCC5(O4)CCC(O5)C=CC(C)C6CC(=CC7(O6)C(CCC(O7)CC(C)(C(=O)O)O)O)C)O)O,819.038,3.9681,13,5,595.3,0.24952,10,1
dinophysistoxin 2,CC1CCCOC12CCCC(O2)C(C)CC(C3C(=C)C(C4C(O3)CCC5(O4)CCC(O5)C=CC(C)C6CC(=CC7(O6)C(CCC(O7)CC(C)(C(=O)O)O)O)C)O)O,805.011,3.6988,13,5,584.3,0.25422,10,1
dioscin,CC1CCC2(C(C3C(O2)CC4C3(CCC5C4CC=C6C5(CCC(C6)OC7C(C(C(C(O7)CO)OC8C(C(C(C(O8)C)O)O)O)O)OC9C(C(C(C(O9)C)O)O)O)C)C)C)OC1,869.051,1.2235,16,8,591.16,0.31261,7,1
diphlorethohydroxycarmalol,C1=C(C=C(C=C1O)OC2=C(C3=C(C=C2O)OC4=C(C(=C(C=C4O3)OC5=C(C=C(C=C5O)O)O)O)O)O)O,512.378,3.3797,13,9,336.19,0.46967,4,1
dulaglutide,CCC(C)C(C(=O)NC(C)C(=O)NC(CC1=CNC2=CC=CC=C21)C(=O)NC(CC(C)C)C(=O)NC(C(C)C)C(=O)NC(CCCCN)C(=O)NCC(=O)NCC(=O)NCC(=O)O)NC(=O)C(CC3=CC=CC=C3)NC(=O)C(CCC(=O)O)NC(=O)C(CCCCN)NC(=O)C(C)NC(=O)C(C)NC(=O)C(CCC(=O)N)NC(=O)C(CCC(=O)O)NC(=O)C(CCC(=O)O)NC(=O)C(CC(C)C)NC(=O)C(CC4=CC=C(C=C4)O)NC(=O)C(CO)NC(=O)C(CO)NC(=O)C(C(C)C)NC(=O)C(CC(=O)O)NC(=O)C(CO)NC(=O)C(C(C)O)NC(=O)C(CC5=CC=CC=C5)NC(=O)C(C(C)O)NC(=O)CNC(=O)C(CCC(=O)O)NC(=O)CNC(=O)C(CC6=CNC=N6)N,3314.6,-22.172,86,48,2513.6,0.43105,109,1
echimidine,CC=C(C)C(=O)OC1CCN2C1C(=CC2)COC(=O)C(C(C)O)(C(C)(C)O)O,397.466,0.8623,8,3,295.43,0.30102,9,1
entinostat,C1=CC=C(C(=C1)N)NC(=O)C2=CC=C(C=C2)CNC(=O)OCC3=CN=CC=C3,376.415,2.1633,7,3,296.0,0.28797,7,1
enzalutamide,CC1(C(=O)N(C(=S)N1C2=CC(=C(C=C2)C(=O)NC)F)C3=CC(=C(C=C3)C#N)C(F)(F)F)C,464.442,3.5872,6,1,324.5,0.26564,4,1
enzastaurin,CN1C=C(C2=CC=CC=C21)C3=C(C(=O)NC3=O)C4=CN(C5=CC=CC=C54)C6CCN(CC6)CC7=CC=CC=N7,515.615,3.1099,7,1,385.88,0.17052,5,1
epicatechin gallate,C1C(C(OC2=CC(=CC(=C21)O)O)C3=CC(=C(C=C3)O)O)OC(=O)C4=CC(=C(C(=C4)O)O)O,442.375,2.4,10,7,300.24,0.41547,4,1
epigallocatechin gallate,C1C(C(OC2=CC(=CC(=C21)O)O)C3=CC(=C(C(=C3)O)O)O)OC(=O)C4=CC(=C(C(=C4)O)O)O,458.374,2.0543,11,8,306.59,0.44959,4,1
epimedokoreanin B,CC(=CCC1=C(C(=CC(=C1)C2=CC(=O)C3=C(C=C(C(=C3O2)CC=C(C)C)O)O)O)O)C,422.475,6.035,6,4,323.36,0.2333,5,1
epothilone A,CC1CCCC2C(O2)CC(OC(=O)CC(C(C(=O)C(C1O)C)(C)C)O)C(=CC3=CSC(=N3)C)C,493.663,4.1813,7,2,381.79,0.29142,2,1
epoxomicin,CCC(C)C(C(=O)NC(C(C)O)C(=O)NC(CC(C)C)C(=O)C1(CO1)C)NC(=O)C(C(C)CC)N(C)C(=O)C,554.726,0.7385,11,4,445.48,0.30053,16,1
epsilon-viniferin,C1=CC(=CC=C1C=CC2=C3C(C(OC3=CC(=C2)O)C4=CC=C(C=C4)O)C5=CC(=CC(=C5)O)O)O,454.477,4.8239,6,5,332.29,0.22721,4,1
eriocitrin,CC1C(C(C(C(O1)OCC2C(C(C(C(O2)OC3=CC(=C4C(=O)CC(OC4=C3)C5=CC(=C(C=C5)O)O)O)O)O)O)O)O)O,596.536,-1.0897,15,9,394.7,0.45842,6,1
eriodictyol,C1C(OC2=CC(=CC(=C2C1=O)O)O)C3=CC(=C(C=C3)O)O,288.254,1.81,6,4,198.93,0.37923,1,1
eupafolin,COC1=C(C2=C(C=C1O)OC(=CC2=O)C3=CC(=C(C=C3)O)O)O,316.264,1.92,7,4,219.64,0.389,2,1
eurycomanone,CC1=CC(=O)C(C2(C1CC3C45C2C(C(C(=C)C4(C(C(=O)O3)O)O)O)(OC5)O)C)O,408.402,-1.7372,9,5,249.39,0.44741,0,1
evernic acid,CC1=CC(=CC(=C1C(=O)OC2=CC(=C(C(=C2)C)C(=O)O)O)O)OC,332.307,2.5016,7,3,244.35,0.34942,5,1
excavatolide B,CCCC(=O)OC1CC(=CC2C3(C(O3)(C(=O)O2)C)C4(C1(C5(C4C(C(CC5OC(=O)C)O)C)C)OC(=O)C)OC(=O)C)C,592.636,1.8793,12,1,413.63,0.35285,10,1
fisetin,C1=CC(=C(C=C1C2=C(C(=O)C3=C(O2)C=C(C=C3)O)O)O)O,286.238,1.8359,6,4,195.59,0.3857,1,1
formosanin C,CC1CCC2(C(C3C(O2)CC4C3(CCC5C4CC=C6C5(CCC(C6)OC7C(C(C(C(O7)CO)OC8C(C(C(C(O8)C)OC9C(C(C(C(O9)C)O)O)O)O)O)O)OC2C(C(C(C(O2)C)O)O)O)C)C)C)OC1,1015.19,0.3131,20,10,685.12,0.33717,9,1
forsythoside B,CC1C(C(C(C(O1)OC2C(C(OC(C2OC(=O)C=CC3=CC(=C(C=C3)O)O)COC4C(C(CO4)(CO)O)O)OCCC5=CC(=C(C=C5)O)O)O)O)O)O,756.704,-1.734,19,11,518.09,0.43842,14,1
fucoxanthin,CC(=CC=CC=C(C)C=CC=C(C)C(=O)CC12C(CC(CC1(O2)C)O)(C)C)C=CC=C(C)C=C=C3C(CC(CC3(C)O)OC(=O)C)(C)C,658.917,9.5093,6,2,545.13,0.14663,12,1
fumonisin B1,CCCCC(C)C(C(CC(C)CC(CCCCC(CC(C(C)N)O)O)O)OC(=O)CC(CC(=O)O)C(=O)O)OC(=O)CC(CC(=O)O)C(=O)O,721.834,0.3646,16,8,559.65,0.36668,31,1
gallocatechol,C1C(C(OC2=CC(=CC(=C21)O)O)C3=CC(=C(C(=C3)O)O)O)O,306.269,1.163,7,6,206.38,0.42931,1,1
gamabufotalin,CC12CCC(CC1CCC3C2C(CC4(C3(CCC4C5=COC(=O)C=C5)O)C)O)O,402.529,2.1448,5,3,284.84,0.21886,1,1
gambogic acid,CC(=CCCC1(C=CC2=C(C3=C(C(=C2O1)CC=C(C)C)OC45C6CC(C=C4C3=O)C(=O)C5(OC6(C)C)CC=C(C)C(=O)O)O)C)C,628.759,7.4965,8,2,460.57,0.20696,8,1
gardenia yellow,CC(=CC=CC=C(C)C=CC=C(C)C(=O)OC1C(C(C(C(O1)COC2C(C(C(C(O2)CO)O)O)O)O)O)O)C=CC=C(C)C(=O)OC3C(C(C(C(O3)COC4C(C(C(C(O4)CO)O)O)O)O)O)O,976.968,-1.902,24,14,696.32,0.41573,20,1
gastrin 17,CC(C)CC(C(=O)NC(CCC(=O)O)C(=O)NC(CCC(=O)O)C(=O)NC(CCC(=O)O)C(=O)NC(CCC(=O)O)C(=O)NC(CCC(=O)O)C(=O)NC(C)C(=O)NC(CC1=CC=C(C=C1)O)C(=O)NCC(=O)NC(CC2=CNC3=CC=CC=C32)C(=O)NC(CCSC)C(=O)NC(CC(=O)O)C(=O)NC(CC4=CC=CC=C4)C(=O)N)NC(=O)C(CC5=CNC6=CC=CC=C65)NC(=O)C7CCCN7C(=O)CNC(=O)C8CCC(=O)N8,2098.23,-5.9551,51,26,1557.0,0.41894,62,1
gedatolisib,CN(C)C1CCN(CC1)C(=O)C2=CC=C(C=C2)NC(=O)NC3=CC=C(C=C3)C4=NC(=NC(=N4)N5CCOCC5)N6CCOCC6,615.737,3.0405,13,2,470.32,0.24687,7,1
gedunin,CC(=O)OC1CC2C(C(=O)C=CC2(C3C1(C45C(O4)C(=O)OC(C5(CC3)C)C6=COC=C6)C)C)(C)C,482.571,2.8838,7,0,342.24,0.26554,3,1
geldanamycin,CC1CC(C(C(C=C(C(C(C=CC=C(C(=O)NC2=CC(=O)C(=C(C1)C2=O)OC)C)OC)OC(=O)N)C)C)O)OC,560.642,2.8712,11,3,435.72,0.30292,5,1
geniposide,COC(=O)C1=COC(C2C1CC=C2CO)OC3C(C(C(C(O3)CO)O)O)O,388.368,-2.1498,10,5,265.46,0.44655,6,1
genistin,C1=CC(=CC=C1C2=COC3=CC(=CC(=C3C2=O)O)OC4C(C(C(C(O4)CO)O)O)O)O,432.38,-0.3621,10,6,292.84,0.41538,4,1
ginsenoside F1,CC(=CCCC(C)(C1CCC2(C1C(CC3C2(CC(C4C3(CCC(C4(C)C)O)C)O)C)O)C)OC5C(C(C(C(O5)CO)O)O)O)C,638.879,3.9544,9,7,459.13,0.24329,7,1
ginsenoside M1,CC(=CCCC(C)(C1CCC2(C1C(CC3C2(CCC4C3(CCC(C4(C)C)O)C)C)O)C)OC5C(C(C(C(O5)CO)O)O)O)C,622.88,4.8065,8,6,454.04,0.21716,7,1
ginsenoside Rb1,CC(=CCCC(C)(C1CCC2(C1C(CC3C2(CCC4C3(CCC(C4(C)C)OC5C(C(C(C(O5)CO)O)O)OC6C(C(C(C(O6)CO)O)O)O)C)C)O)C)OC7C(C(C(C(O7)COC8C(C(C(C(O8)CO)O)O)O)O)O)O)C,1109.3,-0.7048,23,15,759.47,0.36407,16,1
ginsenoside Re,CC1C(C(C(C(O1)OC2C(C(C(OC2OC3CC4(C(CC(C5C4(CCC5C(C)(CCC=C(C)C)OC6C(C(C(C(O6)CO)O)O)O)C)O)C7(C3C(C(CC7)O)(C)C)C)C)CO)O)O)O)O)O,947.161,1.2069,18,12,654.9,0.33165,12,1
ginsenoside Rg1,CC(=CCCC(C)(C1CCC2(C1C(CC3C2(CC(C4C3(CCC(C4(C)C)O)C)OC5C(C(C(C(O5)CO)O)O)O)C)O)C)OC6C(C(C(C(O6)CO)O)O)O)C,801.02,2.1173,14,10,560.94,0.30485,10,1
ginsenoside Rg3,CC(=CCCC(C)(C1CCC2(C1C(CC3C2(CCC4C3(CCC(C4(C)C)OC5C(C(C(C(O5)CO)O)O)OC6C(C(C(C(O6)CO)O)O)O)C)C)O)C)O)C,785.021,2.9694,13,9,555.85,0.28407,10,1
ginsenoside Rh1,CC(=CCCC(C)(C1CCC2(C1C(CC3C2(CC(C4C3(CCC(C4(C)C)O)C)OC5C(C(C(C(O5)CO)O)O)O)C)O)C)O)C,638.879,3.9544,9,7,459.13,0.24329,7,1
ginsenoside Rh2,CC(=CCCC(C)(C1CCC2(C1C(CC3C2(CCC4C3(CCC(C4(C)C)OC5C(C(C(C(O5)CO)O)O)O)C)C)O)C)O)C,622.88,4.8065,8,6,454.04,0.21716,7,1
ginsenoside Rk1,CC(=CCCC(=C)C1CCC2(C1C(CC3C2(CCC4C3(CCC(C4(C)C)OC5C(C(C(C(O5)CO)O)O)OC6C(C(C(C(O6)CO)O)O)O)C)C)O)C)C,767.006,4.0315,12,8,549.58,0.26347,10,1
glimepiride,CCC1=C(CN(C1=O)C(=O)NCCC2=CC=C(C=C2)S(=O)(=O)NC(=O)NC3CCC(CC3)C)C,490.623,3.5186,9,3,367.55,0.28739,6,1
glycitein,COC1=C(C=C2C(=C1)C(=O)C(=CO2)C3=CC=C(C=C3)O)O,284.266,1.9029,5,2,206.94,0.28627,2,1
glycitin,COC1=C(C=C2C(=C1)C(=O)C(=CO2)C3=CC=C(C=C3)O)OC4C(C(C(C(O4)CO)O)O)O,446.407,-0.0864,10,5,308.75,0.38394,5,1
gossypetin,C1=CC(=C(C=C1C2=C(C(=O)C3=C(O2)C(=C(C=C3O)O)O)O)O)O,318.236,1.1445,8,6,208.29,0.48797,1,1
gossypin,C1=CC(=C(C=C1C2=C(C(=O)C3=C(O2)C(=C(C=C3O)O)OC4C(C(C(C(O4)CO)O)O)O)O)O)O,480.377,-0.8448,13,9,310.1,0.51899,4,1
gyrophoric acid,CC1=CC(=CC(=C1C(=O)OC2=CC(=C(C(=C2)C)C(=O)OC3=CC(=C(C(=C3)C)C(=O)O)O)O)O)O,468.413,3.6546,10,5,334.56,0.37249,7,1
hellebrigenin,CC12CCC3C(C1(CCC2C4=COC(=O)C=C4)O)CCC5(C3(CCC(C5)O)C=O)O,416.512,1.0345,6,3,291.29,0.25878,2,1
hemistepsin,C=C1CC2C(C(C3C1CC(C3=C)O)OC(=O)C(=C)CO)C(=C)C(=O)O2,346.378,1.3523,6,2,248.48,0.29089,4,1
herbimycin,CC1CC(C(C(C=C(C(C(C=CC=C(C(=O)NC2=CC(=O)C=C(C1OC)C2=O)C)OC)OC(=O)N)C)C)OC)OC,574.668,2.7771,11,2,452.16,0.28505,6,1
homocastasterone,CCC(C(C)C)C(C(C(C)C1CCC2C1(CCC3C2CC(=O)C4C3(CC(C(C4)O)O)C)C)O)O,478.711,4.3556,5,4,357.11,0.18325,6,1
homoorientin,C1=CC(=C(C=C1C2=CC(=O)C3=C(O2)C=C(C(=C3O)C4C(C(C(C(O4)CO)O)O)O)O)O)O,448.379,-0.4237,11,8,295.54,0.4664,3,1
hydroxysafflor yellow A,C1=CC(=CC=C1C=CC(=C2C(=C(C(=O)C(C2=O)(C3C(C(C(C(O3)CO)O)O)O)O)C4C(C(C(C(O4)CO)O)O)O)O)O)O,612.535,-4.2081,16,12,399.73,0.50854,6,1
hyperoside,C1=CC(=C(C=C1C2=C(C(=O)C3=C(C=C(C=C3O2)O)O)OC4C(C(C(C(O4)CO)O)O)O)O)O,464.378,-0.3469,12,8,303.75,0.48672,4,1
hypsiziprenol A9,CC(=CCCC(C)(CCCC(C)(CCCC(C)(CCCC(C)(CCCC(C)(CCCC(C)(CCCC(=CCCC(C)(C=C)O)C)O)O)O)O)O)O)C,739.171,12.461,7,7,630.1,0.14553,31,1
iberiotoxin,CC(C)CC1C(=O)NC(C(=O)NCC(=O)NC(C(=O)NC(C(=O)NC(C(=O)NCC(=O)NC(C(=O)NC(CSSCC(C(=O)NC(C(=O)NC(C(=O)N1)CC(=O)O)CCCCN)NC(=O)C(C(C)C)NC(=O)C(CO)NC(=O)C(CC2=CNC3=CC=CC=C32)NC(=O)C4CSSCC(C(=O)NC(C(=O)NC(C(=O)NC(C(=O)NC(C(=O)NC(C(=O)N4)CCC(=O)O)CCCCN)CO)C(C)C)CO)NC(=O)C(CC(=O)O)NC(=O)C(C(C)C)NC(=O)C(CC(=O)O)NC(=O)C(C(C)O)NC(=O)C(CC5=CC=CC=C5)NC(=O)C6CCC(=O)N6)C(=O)NC(CCSC)C(=O)NCC(=O)NC(CCCCN)C(=O)NC(CCCCN)C(=O)NC7CSSCC(NC(=O)C(NC7=O)CCCNC(=N)N)C(=O)NC(CC8=CC=C(C=C8)O)C(=O)NC(CCC(=O)N)C(=O)O)CCCCN)CCCNC(=N)N)CC(=O)O)C(C)C)CC9=CC=CC=C9,4230.9,-28.161,105,61,3155.6,0.46095,98,1
ibrutinib,C=CC(=O)N1CCCC(C1)N2C3=NC=NC(=C3C(=N2)C4=CC=C(C=C4)OC5=CC=CC=C5)N,440.506,3.6932,8,1,338.01,0.24153,5,1
icariin,CC1C(C(C(C(O1)OC2=C(OC3=C(C2=O)C(=CC(=C3CC=C(C)C)OC4C(C(C(C(O4)CO)O)O)O)O)C5=CC=C(C=C5)OC)O)O)O,676.666,1.2344,15,8,470.26,0.37817,9,1
icatibant,C1CCC2C(C1)CC(N2C(=O)C3CC4=CC=CC=C4CN3C(=O)C(CO)NC(=O)C(CC5=CC=CS5)NC(=O)CNC(=O)C6CC(CN6C(=O)C7CCCN7C(=O)C(CCCN=C(N)N)NC(=O)C(CCCN=C(N)N)N)O)C(=O)NC(CCCN=C(N)N)C(=O)O,1304.54,-7.8966,32,15,965.3,0.41747,30,1
idelalisib,CCC(C1=NC2=C(C(=CC=C2)F)C(=O)N1C3=CC=CC=C3)NC4=NC=NC5=C4NC=N5,415.431,2.858,8,2,307.08,0.28156,5,1
imetelstat,CCCCCCCCCCCCCCCC(=O)NCC(COP(=S)(O)OCC1C(CC(O1)N2C=C(C(=O)NC2=O)C)NP(=S)(O)OCC3C(CC(O3)N4C=NC5=C(N=CN=C54)N)NP(=S)(O)OCC6C(CC(O6)N7C=NC8=C7N=C(NC8=O)N)NP(=S)(O)OCC9C(CC(O9)N1C=NC2=C1N=C(NC2=O)N)NP(=S)(O)OCC1C(CC(O1)N1C=NC2=C1N=C(NC2=O)N)NP(=S)(O)OCC1C(CC(O1)N1C=C(C(=O)NC1=O)C)NP(=S)(O)OCC1C(CC(O1)N1C=C(C(=O)NC1=O)C)NP(=S)(O)OCC1C(CC(O1)N1C=NC2=C(N=CN=C21)N)NP(=S)(O)OCC1C(CC(O1)N1C=NC2=C1N=C(NC2=O)N)NP(=S)(O)OCC1C(CC(O1)N1C=NC2=C(N=CN=C21)N)NP(=S)(O)OCC1C(CC(O1)N1C=CC(=NC1=O)N)NP(=S)(O)OCC1C(CC(O1)N1C=NC2=C(N=CN=C21)N)NP(=S)(O)OCC1C(CC(O1)N1C=NC2=C(N=CN=C21)N)N)O,4610.25,-9.9091,121,45,3102.0,0.56892,83,1
indirubin,C1=CC=C2C(=C1)C(=C(N2)O)C3=NC4=CC=CC=C4C3=O,262.267,2.5427,4,2,190.76,0.27071,1,1
iodixanol,CC(=O)N(CC(CN(C1=C(C(=C(C(=C1I)C(=O)NCC(CO)O)I)C(=O)NCC(CO)O)I)C(=O)C)O)C2=C(C(=C(C(=C2I)C(=O)NCC(CO)O)I)C(=O)NCC(CO)O)I,1550.16,-1.48,21,13,745.41,0.33415,22,1
iomeprol,CN(C1=C(C(=C(C(=C1I)C(=O)NCC(CO)O)I)C(=O)NCC(CO)O)I)C(=O)CO,777.075,-1.3007,11,7,376.38,0.34829,10,1
iopromide,CN(CC(CO)O)C(=O)C1=C(C(=C(C(=C1I)C(=O)NCC(CO)O)I)NC(=O)COC)I,791.102,-0.8557,11,6,392.29,0.32626,11,1
ioversol,C(CO)N(C1=C(C(=C(C(=C1I)C(=O)NCC(CO)O)I)C(=O)NCC(CO)O)I)C(=O)CO,807.101,-1.8211,12,8,397.99,0.3623,12,1
ircinin-1,CC1=C(C(OC1=O)CC(C)CCCC(=CCCC2=COC(=C2)CC3=COC=C3)C)O,412.524,5.7584,5,1,338.73,0.19,11,1
iron protoporphyrin IX,CC1=C(C2=CC3=C(C(=C([N-]3)C=C4C(=C(C(=N4)C=C5C(=C(C(=N5)C=C1[N-]2)C)C=C)C)C=C)C)CCC(=O)O)CCC(=O)O.[Fe+2],616.497,5.0256,8,4,435.19,0.23151,8,1
isoangustone A,CC(=CCC1=C(C(=CC(=C1)C2=COC3=C(C2=O)C(=C(C(=C3)O)CC=C(C)C)O)O)O)C,422.475,5.3265,6,4,323.36,0.2333,5,1
isoquercitrin,C1=CC(=C(C=C1C2=C(C(=O)C3=C(C=C(C=C3O2)O)O)OC4C(C(C(C(O4)CO)O)O)O)O)O,464.378,-0.3469,12,8,303.75,0.48672,4,1
isosalipurposide,C1=CC(=CC=C1C=CC(=O)C2=C(C=C(C=C2OC3C(C(C(C(O3)CO)O)O)O)O)O)O,434.396,-0.0683,10,7,304.48,0.40968,6,1
isosilybin A,COC1=C(C=CC(=C1)C2C(OC3=C(O2)C=CC(=C3)C4C(C(=O)C5=C(C=C(C=C5O4)O)O)O)CO)O,482.44,2.1266,10,5,331.3,0.3578,4,1
isovitexin,C1=CC(=CC=C1C2=CC(=O)C3=C(O2)C=C(C(=C3O)C4C(C(C(C(O4)CO)O)O)O)O)O,432.38,-0.078,10,7,289.19,0.43134,3,1
jaceosidin,COC1=C(C=CC(=C1)C2=CC(=O)C3=C(O2)C=C(C(=C3O)OC)O)O,330.291,2.1957,7,3,235.55,0.34956,3,1
jacobine,CC1CC2(C(O2)C)C(=O)OC3CCN4C3C(=CC4)COC(=O)C1(C)O,351.398,0.3356,7,1,250.41,0.32099,0,1
kaempferol,C1=CC(=CC=C1C2=C(C(=O)C3=C(C=C(C=C3O2)O)O)O)O,286.238,1.8359,6,4,195.59,0.3857,1,1
kaempferol 7-O-glucoside,C1=CC(=CC=C1C2=C(C(=O)C3=C(C=C(C=C3O2)OC4C(C(C(C(O4)CO)O)O)O)O)O)O,448.379,-0.1534,11,7,297.4,0.45306,4,1
kolaviron,COC1=C(C=C(C=C1)C2C(C(=O)C3=C(C=C(C(=C3O2)C4C(OC5=CC(=CC(=C5C4=O)O)O)C6=CC=C(C=C6)O)O)O)O)O,588.52,3.4741,12,7,397.75,0.37154,4,1
kukoamine B,C1=CC(=C(C=C1CCC(=O)NCCCNCCCCN(CCCN)C(=O)CCC2=CC(=C(C=C2)O)O)O)O,530.663,2.1536,10,7,428.3,0.28069,18,1
kurarinol,CC(=C)C(CCC(C)(C)O)CC1=C2C(=C(C=C1O)OC)C(=O)CC(O2)C3=C(C=C(C=C3)O)O,456.533,5.1152,7,4,344.91,0.24772,8,1
labedipinedilol A,CC1=C(C(C(=C(N1)C)C(=O)OC)C2=CC(=C(C=C2)OCC(CNCCOC3=CC=CC=C3OC)O)OC)C(=O)OC,570.637,2.5566,11,3,443.73,0.27517,16,1
lactacystin,CC1C(C(NC1=O)(C(C(C)C)O)C(=O)SCC(C(=O)O)NC(=O)C)O,376.429,-2.3293,9,5,266.17,0.49544,8,1
lariciresinol,COC1=C(C=CC(=C1)CC2COC(C2CO)C3=CC(=C(C=C3)O)OC)O,360.405,2.2846,6,3,271.87,0.2549,6,1
lasiocarpine,CC=C(C)C(=O)OC1CCN2C1C(=CC2)COC(=O)C(C(C)OC)(C(C)(C)O)O,411.493,1.2902,8,2,311.34,0.27568,10,1
leptocarpin,CC=C(C)C(=O)OC1CC2(C(O2)CC(C(=CC3C1C(=C)C(=O)O3)C)O)C,362.42,2.4565,6,1,274.14,0.28026,3,1
lercanidipine,CC1=C(C(C(=C(N1)C)C(=O)OC(C)(C)CN(C)CCC(C2=CC=CC=C2)C3=CC=CC=C3)C4=CC(=CC=C4)[N+](=O)[O-])C(=O)OC,611.737,5.824,9,1,476.3,0.19213,14,1
leupeptin,CC(C)CC(C(=O)NC(CC(C)C)C(=O)NC(CCCN=C(N)N)C=O)NC(=O)C,426.56,-0.4337,10,5,353.28,0.36399,14,1
licoricidin,CC(=CCC1=C(C=CC(=C1O)C2CC3=C(C=C(C(=C3OC)CC=C(C)C)O)OC2)O)C,424.535,6.9097,5,3,336.83,0.17605,6,1
lipoteichoic acid,CCCCCCCC=CCCCCCC(=O)OC(COC1C(C(C(C(O1)CO)O)OC2C(C(C(C(O2)C)N)O)NC(=O)C)O)COC(=O)CCCCCC,774.986,4.3177,15,6,619.61,0.28768,29,1
lixisenatide,CCC(C)C(C(=O)NC(CCC(=O)O)C(=O)NC(CC1=CNC2=CC=CC=C21)C(=O)NC(CC(C)C)C(=O)NC(CCCCN)C(=O)NC(CC(=O)N)C(=O)NCC(=O)NCC(=O)N3CCCC3C(=O)NC(CO)C(=O)NC(CO)C(=O)NCC(=O)NC(C)C(=O)N4CCCC4C(=O)N5CCCC5C(=O)NC(CO)C(=O)NC(CCCCN)C(=O)NC(CCCCN)C(=O)NC(CCCCN)C(=O)NC(CCCCN)C(=O)NC(CCCCN)C(=O)NC(CCCCN)C(=O)N)NC(=O)C(CC6=CC=CC=C6)NC(=O)C(CC(C)C)NC(=O)C(CCCNC(=N)N)NC(=O)C(C(C)C)NC(=O)C(C)NC(=O)C(CCC(=O)O)NC(=O)C(CCC(=O)O)NC(=O)C(CCC(=O)O)NC(=O)C(CCSC)NC(=O)C(CCC(=O)N)NC(=O)C(CCCCN)NC(=O)C(CO)NC(=O)C(CC(C)C)NC(=O)C(CC(=O)O)NC(=O)C(CO)NC(=O)C(C(C)O)NC(=O)C(CC7=CC=CC=C7)NC(=O)C(C(C)O)NC(=O)CNC(=O)C(CCC(=O)O)NC(=O)CNC(=O)C(CC8=CNC=N8)N,4858.55,-42.015,126,70,3711.6,0.43093,169,1
lly-283,C1=CC=C(C=C1)C(C2C(C(C(O2)N3C=CC4=C(N=CN=C43)N)O)O)O,342.354,-0.0013,8,4,240.91,0.38761,3,1
lobetyolin,CC=CC#CC#CC(C(C=CCCCO)OC1C(C(C(C(O1)CO)O)O)O)O,396.434,0.3826,8,6,325.5,0.30292,9,1
lornoxicam,CN1C(=C(C2=C(S1(=O)=O)C=C(S2)Cl)O)C(=O)NC3=CC=CC=N3,371.824,1.8836,7,2,239.26,0.42239,2,1
lupalbigenin,CC(=CCC1=C(C=CC(=C1)C2=COC3=C(C2=O)C(=C(C(=C3)O)CC=C(C)C)O)O)C,406.476,5.6722,5,3,317.01,0.19665,5,1
luteolin-7-glucoside,C1=CC(=C(C=C1C2=CC(=O)C3=C(C=C(C=C3O2)OC4C(C(C(C(O4)CO)O)O)O)O)O)O,448.379,0.0007,11,7,299.19,0.45035,4,1
lysocellin,CCC(C1C(CC(O1)(C)C2(C(CC(O2)(CC)C(CC)O)C)O)C)C(=O)C(C)C(C(C)C3C(CC(C(O3)CC(=O)OO)C)C)O,628.84,4.2642,10,4,474.05,0.24993,14,1
madecassoside,CC1CCC2(CCC3(C(=CCC4C3(CC(C5C4(CC(C(C5(C)CO)O)O)C)O)C)C2C1C)C)C(=O)OC6C(C(C(C(O6)COC7C(C(C(C(O7)CO)OC8C(C(C(C(O8)C)O)O)O)O)O)O)O)O,975.127,-1.2134,20,13,653.48,0.37238,10,1
mangiferin,C1=C2C(=CC(=C1O)O)OC3=C(C2=O)C(=C(C(=C3)O)C4C(C(C(C(O4)CO)O)O)O)O,422.341,-0.4299,11,8,270.83,0.50895,2,1
mangostin,CC(=CCC1=C(C2=C(C=C1O)OC3=C(C2=O)C(=C(C(=C3)O)OC)CC=C(C)C)O)C,410.464,6.3045,6,3,314.56,0.22997,5,1
manumycin,CCCCC(C)C=C(C)C=C(C)C(=O)NC1=CC(C2C(C1=O)O2)(C=CC=CC=CC(=O)NC3=C(CCC3=O)O)O,550.65,4.1664,9,4,439.57,0.27056,12,1
maxacalcitol,CC(C1CCC2C1(CCCC2=CC=C3CC(CC(C3=C)O)O)C)OCCC(C)(C)O,418.615,4.6499,4,3,330.42,0.1492,6,1
medermycin,CC1C(C(CC(O1)C2=C(C3=C(C=C2)C(=O)C4=C(C3=O)C(OC5C4OC(=O)C5)C)O)N(C)C)O,457.477,0.0789,9,2,312.49,0.31639,2,1
methyl protodioscin,CC1C2C(CC3C2(CCC4C3CC=C5C4(CCC(C5)OC6C(C(C(C(O6)CO)OC7C(C(C(C(O7)C)O)O)O)O)OC8C(C(C(C(O8)C)O)O)O)C)C)OC1(CCC(C)COC9C(C(C(C(O9)CO)O)O)O)OC,1063.23,-0.5458,22,12,725.08,0.35472,15,1
microcystin RR,CC1C(NC(=O)C(NC(=O)C(C(NC(=O)C(NC(=O)C(NC(=O)C(=C)N(C(=O)CCC(NC1=O)C(=O)O)C)C)CCCN=C(N)N)C(=O)O)C)CCCN=C(N)N)C=CC(=CC(C)C(CC2=CC=CC=C2)OC)C,1038.21,-1.5246,25,12,809.91,0.38272,17,1
midecamycin,CCC(=O)OC1CC(=O)OC(CC=CC=CC(C(CC(C(C1OC)OC2C(C(C(C(O2)C)OC3CC(C(C(O3)C)OC(=O)CC)(C)O)N(C)C)O)CC=O)C)O)C,813.975,2.8402,16,3,624.97,0.28003,14,1
mithramycin A,CC1C(C(CC(O1)OC2CC(OC(C2O)C)OC3=CC4=CC5=C(C(=O)C(C(C5)C(C(=O)C(C(C)O)O)OC)OC6CC(C(C(O6)C)O)OC7CC(C(C(O7)C)O)OC8CC(C(C(O8)C)O)(C)O)C(=C4C(=C3C)O)O)O)O,1085.15,0.1654,24,11,745.52,0.37582,15,1
mivebresib,CCS(=O)(=O)NC1=CC(=C(C=C1)OC2=C(C=C(C=C2)F)F)C3=CN(C(=O)C4=C3C=CN4)C,459.472,2.8103,7,2,322.63,0.24988,5,1
mocetinostat,C1=CC=C(C(=C1)N)NC(=O)C2=CC=C(C=C2)CNC3=NC=CC(=N3)C4=CN=CC=C4,396.453,2.7505,7,3,311.77,0.26988,6,1
monascin,CCCCCC(=O)C1C2CC3=C(COC(=C3)C=CC)C(=O)C2(OC1=O)C,358.432,2.9325,5,0,275.13,0.21488,6,1
monorden,CC1CC2C(O2)C=CC=CC(=O)CC3=C(C(=CC(=C3Cl)O)O)C(=O)O1,364.78,2.7383,6,2,267.81,0.29846,0,1
moringin,CC1C(C(C(C(O1)OC2=CC=C(C=C2)CN=C=S)O)O)O,311.357,1.6027,6,3,232.61,0.42479,4,1
morroniside,CC1C2C(CC(O1)O)C(=COC2OC3C(C(C(C(O3)CO)O)O)O)C(=O)OC,406.382,-2.2357,11,5,274.25,0.4687,5,1
morusin,CC(=CCC1=C(OC2=C(C1=O)C(=CC3=C2C=CC(O3)(C)C)O)C4=C(C=C(C=C4)O)O)C,420.46,5.52,6,3,310.16,0.23323,3,1
mulberroside A,C1=CC(=C(C=C1OC2C(C(C(C(O2)CO)O)O)O)O)C=CC3=CC(=CC(=C3)OC4C(C(C(C(O4)CO)O)O)O)O,568.526,-1.4948,14,10,388.54,0.44011,8,1
myricetin,C1=C(C=C(C(=C1O)O)O)C2=C(C(=O)C3=C(C=C(C=C3O2)O)O)O,318.236,1.1445,8,6,208.29,0.48797,1,1
myricitrin,CC1C(C(C(C(O1)OC2=C(OC3=CC(=CC(=C3C2=O)O)O)C4=CC(=C(C(=C4)O)O)O)O)O)O,464.378,0.2341,12,8,302.25,0.48913,3,1
naringin,CC1C(C(C(C(O1)OC2C(C(C(OC2OC3=CC(=C4C(=O)CC(OC4=C3)C5=CC=C(C=C5)O)O)CO)O)O)O)O)O,580.537,-0.744,14,8,388.35,0.43219,6,1
navitoclax,CC1(CCC(=C(C1)CN2CCN(CC2)C3=CC=C(C=C3)C(=O)NS(=O)(=O)C4=CC(=C(C=C4)NC(CCN5CCOCC5)CSC6=CC=CC=C6)S(=O)(=O)C(F)(F)F)C7=CC=C(C=C7)Cl)C,974.628,9.0239,11,2,689.89,0.19026,16,1
nemorubicin,CC1C(C(CC(O1)OC2CC(CC3=C2C(=C4C(=C3O)C(=O)C5=C(C4=O)C(=CC=C5)OC)O)(C(=O)CO)O)N6CCOC(C6)OC)O,643.64,0.8317,14,5,442.83,0.35718,7,1
neo-gambogic acid,CC(=CCCC1(CC(C2=C(C3=C(C(=C2O1)CC=C(C)C)OC45C6CC(C=C4C3=O)C(=O)C5(OC6(C)C)CC=C(C)C(=O)O)O)O)C)C,646.774,6.9343,9,3,466.68,0.23232,8,1
neratinib,CCOC1=C(C=C2C(=C1)N=CC(=C2NC3=CC(=C(C=C3)OCC4=CC=CC=N4)Cl)C#N)NC(=O)C=CCN(C)C,557.052,4.3389,9,2,437.56,0.21714,11,1
nifuroxazide,C1=CC(=CC=C1C(=O)NN=CC2=CC=C(O2)[N+](=O)[O-])O,275.219,1.4744,8,2,206.7,0.45302,4,1
nilotinib,CC1=C(C=C(C=C1)C(=O)NC2=CC(=CC(=C2)C(F)(F)F)N3C=C(N=C3)C)NC4=NC=CC(=N4)C5=CN=CC=C5,529.525,5.1058,8,2,391.19,0.22166,7,1
nimbolide,CC1=C2C(CC1C3=COC=C3)OC4C2(C(C5(C6C4OC(=O)C6(C=CC5=O)C)C)CC(=O)OC)C,466.528,2.7744,7,0,323.17,0.25754,4,1
nitazoxanide,CC(=O)OC1=CC=CC=C1C(=O)NC2=NC=C(S2)[N+](=O)[O-],307.285,1.6871,8,1,220.61,0.4954,5,1
nodularin,CC=C1C(=O)NC(C(C(=O)NC(C(=O)NC(C(C(=O)NC(CCC(=O)N1C)C(=O)O)C)C=CC(=CC(C)C(CC2=CC=CC=C2)OC)C)CCCN=C(N)N)C)C(=O)O,824.973,1.0561,18,8,647.16,0.33828,13,1
nothofagin,C1=CC(=CC=C1CCC(=O)C2=C(C=C(C(=C2O)C3C(C(C(C(O3)CO)O)O)O)O)O)O,436.412,-0.3694,10,8,301.85,0.42352,6,1
notoginsenoside R1,CC(=CCCC(C)(C1CCC2(C1C(CC3C2(CC(C4C3(CCC(C4(C)C)O)C)OC5C(C(C(C(O5)CO)O)O)OC6C(C(C(CO6)O)O)O)C)O)C)OC7C(C(C(C(O7)CO)O)O)O)C,933.134,0.8822,18,12,643.9,0.33732,12,1
nutlin 3,CC(C)OC1=C(C=CC(=C1)OC)C2=NC(C(N2C(=O)N3CCNC(=O)C3)C4=CC=C(C=C4)Cl)C5=CC=C(C=C5)Cl,581.498,5.4649,8,1,422.71,0.18015,6,1
obacunone,CC1(C2CC(=O)C3(C(C2(C=CC(=O)O1)C)CCC4(C35C(O5)C(=O)OC4C6=COC=C6)C)C)C,454.517,1.885,7,0,317.48,0.28625,1,1
oenothein B,C1C2C3C(C(C(O2)O)OC(=O)C4=CC(=C(C(=C4OC5=C(C(=C6C(=C5)C(=O)OCC7C(C(C(C(O7)O)OC(=O)C8=CC(=C(C(=C8OC9=C(C(=C(C(=C9)C(=O)O3)C2=C(C(=C(C=C2C(=O)O1)O)O)O)O)O)O)O)O)OC(=O)C1=CC(=C(C(=C1)O)O)O)OC(=O)C1=CC(=C(C(=C16)O)O)O)O)O)O)O)O)OC(=O)C1=CC(=C(C(=C1)O)O)O,1569.09,2.0514,44,24,991.0,0.54361,6,1
olaparib,C1CC1C(=O)N2CCN(CC2)C(=O)C3=C(C=CC(=C3)CC4=NNC(=O)C5=CC=CC=C54)F,434.47,3.1669,7,1,315.97,0.21898,4,1
oleuropein,CC=C1C(C(=COC1OC2C(C(C(C(O2)CO)O)O)O)C(=O)OC)CC(=O)OCCC3=CC(=C(C=C3)O)O,540.516,-0.3124,13,6,386.34,0.40037,11,1
olmesartan,CCCC1=NC(=C(N1CC2=CC=C(C=C2)C3=CC=CC=C3C4=NNN=N4)C(=O)O)C(C)(C)O,446.509,3.2081,9,3,345.27,0.30116,8,1
olomoucine II,CCC(CO)NC1=NC(=C2C(=N1)N(C=N2)C(C)C)NCC3=CC=CC=C3O,370.455,2.2357,8,4,291.78,0.30468,8,1
omipalisib,COC1=C(C=C(C=N1)C2=CC3=C(C=CN=C3C=C2)C4=CN=NC=C4)NS(=O)(=O)C5=C(C=C(C=C5)F)F,505.504,3.2454,8,1,357.18,0.26295,5,1
ophiopogonin D,CC1CCC2(C(C3C(O2)CC4C3(CCC5C4CC=C6C5(C(CC(C6)O)OC7C(C(C(C(O7)C)O)OC8C(C(C(CO8)O)O)O)OC9C(C(C(C(O9)C)O)O)O)C)C)C)OC1,855.024,0.9734,16,8,577.4,0.32006,6,1
osajin,CC(=CCC1=C2C(=C3C(=C1O)C(=O)C(=CO3)C4=CC=C(C=C4)O)C=CC(O2)(C)C)C,404.461,5.0221,5,2,305.6,0.19385,3,1
otosenine,CC1CC2(C(O2)C)C(=O)OC3CCN(CC=C(C3=O)COC(=O)C1(C)O)C,381.423,0.089,8,1,281.42,0.33196,0,1
paederosidic acid,CSC(=O)OCC1=CC(C2C1C(OC=C2C(=O)O)OC3C(C(C(C(O3)CO)O)O)O)O,464.443,-2.3345,12,6,305.79,0.53033,8,1
palbociclib,CC1=C(C(=O)N(C2=NC(=NC=C12)NC3=NC=C(C=C3)N4CCNCC4)C5CCCC5)C(=O)C,447.541,2.003,9,2,337.84,0.26347,5,1
palytoxin,CC1CC2(C(OC(C1)(O2)CCCCCCCC(CC3C(C(C(C(O3)(CC(C(C)C=CC(CCC(C(C4CC(C(C(O4)CC(C(CC5C(C(C(C(O5)CC(C=CC=CCC(C(C(CC=CC(=C)CCC(C(C(C(C)CC6C(C(C(C(O6)C=CC(C(CC7CC8CC(O7)C(O8)CCC9C(CC(O9)CN)O)O)O)O)O)O)O)O)O)O)O)O)O)O)O)O)O)O)O)O)O)O)O)O)O)O)O)O)O)CC(C)CCCCCC(C(C(C(C(C1C(C(C(C(O1)CC(C(C(=CC(CC(C)C(C(=O)NC=CC(=O)NCCCO)O)O)C)O)O)O)O)O)O)O)O)O)O)C,2680.16,-4.545,57,45,1948.6,0.36667,80,1
panduratin A,CC1=CCC(C(C1CC=C(C)C)C(=O)C2=C(C=C(C=C2O)OC)O)C3=CC=CC=C3,406.52,6.0094,4,2,323.45,0.15223,6,1
paxilline,CC12CCC3C(=CC(=O)C(O3)C(C)(C)O)C1(CCC4C2(C5=C(C4)C6=CC=CC=C6N5)C)O,435.562,3.2622,5,3,305.57,0.20692,1,1
pazopanib,CC1=C(C=C(C=C1)NC2=NC=CC(=N2)N(C)C3=CC4=NN(C(=C4C=C3)C)C)S(=O)(=O)N,437.527,1.7881,9,2,320.76,0.30752,5,1
pentagalloylglucose,C1=C(C=C(C(=C1O)O)O)C(=O)OCC2C(C(C(C(O2)OC(=O)C3=CC(=C(C(=C3)O)O)O)OC(=O)C4=CC(=C(C(=C4)O)O)O)OC(=O)C5=CC(=C(C(=C5)O)O)O)OC(=O)C6=CC(=C(C(=C6)O)O)O,940.679,1.8357,26,15,619.06,0.51966,16,1
pepstatin,CC(C)CC(C(CC(=O)O)O)NC(=O)C(C)NC(=O)CC(C(CC(C)C)NC(=O)C(C(C)C)NC(=O)C(C(C)C)NC(=O)CC(C)C)O,685.9,1.4166,14,8,550.01,0.31789,22,1
phenylalanyl-cyclo(cysteinyltyrosyl-tryptophyl-ornithyl-threonyl-penicillamine)threoninamide,CC(C1C(=O)NC(C(SSCC(C(=O)NC(C(=O)NC(C(=O)NC(C(=O)N1)CCCN)CC2=CNC3=CC=CC=C32)CC4=CC=C(C=C4)O)NC(=O)C(CC5=CC=CC=C5)N)(C)C)C(=O)NC(C(C)O)C(=O)N)O,1062.28,-1.8657,22,14,786.03,0.40535,16,1
"phorbol-12,13-didecanoate",CCCCCCCCCC(=O)OC1C(C2(C(C=C(CC3(C2C=C(C3=O)C)O)CO)C4C1(C4(C)C)OC(=O)CCCCCCCCC)O)C,672.94,8.2961,8,3,526.6,0.1869,21,1
phorbol-12-myristate,CCCCCCCCCCCCCC(=O)OC1C(C2(C(C=C(CC3(C2C=C(C3=O)C)O)CO)C4C1(C4(C)C)O)O)C,574.796,5.9939,7,4,437.9,0.20206,15,1
phosphoramidon,CC1C(C(C(C(O1)OP(=O)(NC(CC(C)C)C(=O)NC(CC2=CNC3=CC=CC=C32)C(=O)O)O)O)O)O,543.508,-2.0425,13,8,382.17,0.43308,10,1
picrasidine I,COC1=CN=C(C2=C1C3=C(N2)C(=CC=C3)O)C=C,240.261,2.3562,4,2,183.94,0.26128,2,1
pimobendan,CC1CC(=O)NN=C1C2=CC3=C(C=C2)N=C(N3)C4=CC=C(C=C4)OC,334.378,2.8555,6,2,255.41,0.27787,3,1
piperlongumine,COC1=CC(=CC(=C1OC)OC)C=CC(=O)N2CCC=CC2=O,317.34,1.7755,6,0,252.86,0.23582,5,1
pirarubicin,CC1C(C(CC(O1)OC2CC(CC3=C2C(=C4C(=C3O)C(=O)C5=C(C4=O)C(=CC=C5)OC)O)(C(=O)CO)O)N)OC6CCCCO6,627.641,1.4885,13,5,436.2,0.35945,7,1
plantamajoside,C1=CC(=C(C=C1CCOC2C(C(C(C(O2)CO)OC(=O)C=CC3=CC(=C(C=C3)O)O)OC4C(C(C(C(O4)CO)O)O)O)O)O)O,640.589,-1.307,16,10,443.81,0.43721,12,1
plastochromanol 8,CC1=C(C=C2CCC(OC2=C1C)(C)CCC=C(C)CCC=C(C)CCC=C(C)CCC=C(C)CCC=C(C)CCC=C(C)CCC=C(C)CCC=C(C)C)O,751.232,20.567,2,1,679.0,0.034021,24,1
platycodin D,CC1C(C(C(C(O1)OC2C(C(COC2OC(=O)C34CCC(CC3C5=CCC6C(C5(CC4O)C)(CCC7C6(CC(C(C7(CO)CO)OC8C(C(C(C(O8)CO)O)O)O)O)C)C)(C)C)O)O)O)O)OC9C(C(C(CO9)O)OC1C(C(CO1)(CO)O)O)O,1225.33,-4.0647,28,17,806.74,0.41617,15,1
plitidepsin,CCC(C)C1C(CC(=O)OC(C(=O)C(C(=O)NC(C(=O)N2CCCC2C(=O)N(C(C(=O)OC(C(C(=O)N1)NC(=O)C(CC(C)C)N(C)C(=O)C3CCCN3C(=O)C(=O)C)C)CC4=CC=C(C=C4)OC)C)CC(C)C)C)C(C)C)O,1110.35,2.49,22,4,850.44,0.27647,15,1
pomalidomide,C1CC(=O)NC(=O)C1N2C(=O)C3=C(C2=O)C(=CC=C3)N,273.247,-0.5679,7,2,187.56,0.43954,1,1
pomiferin,CC(=CCC1=C2C(=C3C(=C1O)C(=O)C(=CO3)C4=CC(=C(C=C4)O)O)C=CC(O2)(C)C)C,420.46,4.6764,6,3,311.95,0.2319,3,1
poncirin,CC1C(C(C(C(O1)OC2C(C(C(OC2OC3=CC(=C4C(=O)CC(OC4=C3)C5=CC=C(C=C5)OC)O)CO)O)O)O)O)O,594.564,-0.4683,14,7,404.26,0.40751,7,1
praeruptorin A,CC=C(C)C(=O)OC1C(C2=C(C=CC3=C2OC(=O)C=C3)OC1(C)C)OC(=O)C,386.399,3.342,7,0,287.43,0.27527,5,1
prexasertib,COC1=C(C(=CC=C1)OCCCN)C2=CC(=NN2)NC3=NC=C(N=C3)C#N,365.396,0.8206,9,3,293.86,0.36477,8,1
primycin,CCCCC1C(C(CCC(CCCC(CCCC(C(=CC(C(CC(CC(CC(CC(CCCCC(=CC(C(OC1=O)C(C)C(CCCN=C(N)N)O)C)C)O)O)O)O)O)OC2C(C(C(O2)CO)O)O)C)O)O)O)C)O,1078.43,5.3441,20,15,846.27,0.30178,12,1
procyanidin,C1C(C(OC2=CC(=CC(=C21)O)O)C3=CC(=C(C=C3)O)O)OC4(C(C(C5=C(C=C(C=C5O4)O)O)O)O)C6=CC(=C(C=C6)O)O,594.523,2.7421,13,10,393.21,0.40945,4,1
procyanidin B1,C1C(C(OC2=C1C(=CC(=C2C3C(C(OC4=CC(=CC(=C34)O)O)C5=CC(=C(C=C5)O)O)O)O)O)C6=CC(=C(C=C6)O)O)O,578.524,2.3016,12,10,385.3,0.3919,3,1
procyanidin B2,C1C(C(OC2=C1C(=CC(=C2C3C(C(OC4=CC(=CC(=C34)O)O)C5=CC(=C(C=C5)O)O)O)O)O)C6=CC(=C(C=C6)O)O)O,578.524,2.3016,12,10,385.3,0.3919,3,1
protoporphyrin IX,CC1=C(C2=CC3=NC(=CC4=NC(=CC5=C(C(=C(N5)C=C1N2)C=C)C)C(=C4CCC(=O)O)C)C(=C3C)CCC(=O)O)C=C,562.668,5.1545,8,4,435.19,0.23151,8,1
protoporphyrinogen,CC1=C2CC3=C(C(=C(N3)CC4=C(C(=C(N4)CC5=C(C(=C(N5)CC(=C1CCC(=O)O)N2)CCC(=O)O)C)C=C)C)C=C)C,568.716,5.2422,8,6,453.72,0.23856,8,1
ptaquiloside,CC1CC2(C=C(C3(CC3)C(C2C1=O)(C)O)C)OC4C(C(C(C(O4)CO)O)O)O,398.45,-0.5419,8,5,264.26,0.37289,3,1
puerarin,C1=CC(=CC=C1C2=COC3=C(C2=O)C=CC(=C3C4C(C(C(C(O4)CO)O)O)O)O)O,416.381,-0.4408,9,6,282.84,0.39471,3,1
pycnidione,CC1=C2CC3CC(C4(C(CC5=C(C=C(C(=O)C=C5O4)O)C)CC(C=CCC3(OC2=CC(=O)C(=C1)O)C)(C)C)C)O,548.674,4.8081,7,3,402.82,0.21196,0,1
"pyridoxal phosphate-6-azophenyl-2',4'-disulfonic acid",CC1=C(C(=C(C(=N1)N=NC2=C(C=C(C=C2)S(=O)(=O)O)S(=O)(=O)O)COP(=O)(O)O)C=O)O,511.38,-5.1019,15,5,323.04,0.60893,8,1
quercetin 3-O-glucuronide,C1=CC(=C(C=C1C2=C(C(=O)C3=C(C=C(C=C3O2)O)O)OC4C(C(C(C(O4)C(=O)O)O)O)O)O)O,478.361,-0.6965,13,8,307.74,0.52278,4,1
quercitrin,CC1C(C(C(C(O1)OC2=C(OC3=CC(=CC(=C3C2=O)O)O)C4=CC(=C(C=C4)O)O)O)O)O,448.379,0.5798,11,7,295.9,0.45536,3,1
quizartinib,CC(C)(C)C1=CC(=NO1)NC(=O)NC2=CC=C(C=C2)C3=CN4C5=C(C=C(C=C5)OCCN6CCOCC6)SC4=N3,560.677,4.7979,10,2,423.0,0.29284,8,1
ralimetinib,CC(C)(C)CN1C2=C(C=CC(=N2)C3=C(N=C(N3)C(C)(C)C)C4=CC=C(C=C4)F)N=C1N,420.534,5.1845,6,2,325.44,0.21214,5,1
raltitrexed,CC1=NC2=C(C=C(C=C2)CN(C)C3=CC=C(S3)C(=O)NC(CCC(=O)O)C(=O)O)C(=O)N1,458.494,0.7203,10,4,333.65,0.40971,9,1
ravoxertinib,CN1C(=CC=N1)NC2=NC=CC(=N2)C3=CC(=O)N(C=C3)C(CO)C4=CC(=C(C=C4)Cl)F,440.865,1.4328,8,2,322.12,0.25124,6,1
rebamipide,C1=CC=C2C(=C1)C(=CC(=O)N2)CC(C(=O)O)NC(=O)C3=CC=C(C=C3)Cl,370.791,1.6962,6,3,268.43,0.27992,5,1
remdesivir,CCC(CC)COC(=O)C(C)NP(=O)(OCC1C(C(C(O1)(C#N)C2=CC=C3N2N=CN=C3N)O)O)OC4=CC=CC=C4,602.583,0.3048,14,4,442.93,0.37577,13,1
resiniferatoxin,CC1CC2(C3C4C1(C5C=C(C(=O)C5(CC(=C4)COC(=O)CC6=CC(=C(C=C6)O)OC)O)C)OC(O3)(O2)CC7=CC=CC=C7)C(=C)C,628.716,5.4099,9,2,445.37,0.22965,9,1
resiquimod,CCOCC1=NC2=C(N1CC(C)(C)O)C3=CC=CC=C3N=C2N,314.388,1.5777,6,2,242.52,0.27701,5,1
retrorsine,CC=C1CC(C(C(=O)OCC2=CCN3C2C(CC3)OC1=O)(CO)O)C,351.398,0.8397,7,2,255.91,0.29632,1,1
ridaforolimus,CC1CCC2CC(C(=CC=CC=CC(CC(C(=O)C(C(C(=CC(C(=O)CC(OC(=O)C3CCCCN3C(=O)C(=O)C1(O2)O)C(C)CC4CCC(C(C4)OC)OP(=O)(C)C)C)C)O)OC)C)C)C)OC,990.217,7.1633,15,2,768.85,0.22367,8,1
riddelliine,CC=C1CC(=C)C(C(=O)OCC2=CCN3C2C(CC3)OC1=O)(CO)O,349.382,1.0423,7,2,253.9,0.29866,1,1
romidepsin,CC=C1C(=O)NC(C(=O)OC2CC(=O)NC(C(=O)NC(CSSCCC=C2)C(=O)N1)C(C)C)C(C)C,540.704,2.0917,10,4,408.62,0.38182,2,1
rosavin,C1C(C(C(C(O1)OCC2C(C(C(C(O2)OCC=CC3=CC=CC=C3)O)O)O)O)O)O,428.432,-1.2487,10,6,304.64,0.38931,7,1
rottlerin,CC1=C(C(=C(C(=C1O)C(=O)C)O)CC2=C(C(=C3C(=C2O)C=CC(O3)(C)C)C(=O)C=CC4=CC=CC=C4)O)O,516.544,4.633,8,5,382.74,0.2654,6,1
rubitecan,CCC1(C2=C(COC1=O)C(=O)N3CC4=CC5=C(C=CC=C5[N+](=O)[O-])N=C4C3=C2)O,393.354,0.2622,9,1,263.52,0.35716,2,1
ruxolitinib,C1CCC(C1)C(CC#N)N2C=C(C=N2)C3=C4C=CNC4=NC=N3,306.372,1.6767,6,1,244.68,0.27518,4,1
saikosaponin D,CC1C(C(C(C(O1)OC2CCC3(C(C2(C)CO)CCC4(C3C=CC56C4(CC(C7(C5CC(CC7)(C)C)CO6)O)C)C)C)O)OC8C(C(C(C(O8)CO)O)O)O)O,780.989,1.5396,13,8,530.35,0.29188,6,1
salinomycin,CCC(C1CCC(C(O1)C(C)C(C(C)C(=O)C(CC)C2C(CC(C3(O2)C=CC(C4(O3)CCC(O4)(C)C5CCC(C(O5)C)(CC)O)O)C)C)O)C)C(=O)O,751.007,4.6706,11,4,560.24,0.22933,12,1
salubrinal,C1=CC=C(C=C1)C=CC(=O)NC(C(Cl)(Cl)Cl)NC(=S)NC2=CC=CC3=C2N=CC=C3,479.818,4.7315,5,3,346.89,0.24904,6,1
salvianolic acid,C1=CC(=C(C=C1CC(C(=O)O)OC(=O)C=CC2=C(C(=C(C=C2)O)O)C=CC3=CC(=C(C=C3)O)O)O)O,494.451,2.9658,10,7,361.99,0.35299,9,1
salvianolic acid A,C1=CC(=C(C=C1CC(C(=O)O)OC(=O)C=CC2=C(C(=C(C=C2)O)O)C=CC3=CC(=C(C=C3)O)O)O)O,494.451,2.9658,10,7,361.99,0.35299,9,1
salvianolic acid B,C1=CC(=C(C=C1CC(C(=O)O)OC(=O)C=CC2=C3C(C(OC3=C(C=C2)O)C4=CC(=C(C=C4)O)O)C(=O)OC(CC5=CC(=C(C=C5)O)O)C(=O)O)O)O,718.618,2.9169,16,9,501.21,0.39915,14,1
sanggenone C,CC1=CC(C(C(C1)C2=C(C=C(C=C2)O)O)C(=O)C3=C(C=C(C=C3)O)O)C4=C(C5=C(C=C4O)OC6(C7=C(C=C(C=C7)O)OC6(C5=O)O)CC=C(C)C)O,708.714,6.8244,12,8,490.38,0.30768,6,1
sanglifehrin A,CCC1CC(C2(C(C(C(C(O2)CC(C(C)CCC=CC=C(C)C3CC=CC=CC(C(C(C(C(=O)NC(C(=O)NC(C(=O)N4CCCC(N4)C(=O)O3)CC5=CC(=CC=C5)O)C(C)C)CCC(=O)C)O)C)O)O)C)O)C)NC1=O)C,1090.4,5.638,18,9,848.49,0.25119,15,1
sapanisertib,CC(C)N1C2=NC=NC(=C2C(=N1)C3=CC4=C(C=C3)OC(=N4)N)N,309.332,1.6302,8,2,230.21,0.4144,2,1
saponin QA-21V1,CCC(C)C(CC(CC(=O)OC(CC(CC(=O)OC1C(OC(C(C1O)OC2C(C(C(C(O2)C)OC3C(C(C(CO3)O)OC4C(C(CO4)(CO)O)O)O)O)O)OC(=O)C56CCC(CC5C7=CCC8C9(CCC(C(C9CCC8(C7(CC6O)C)C)(C)C=O)OC1C(C(C(C(O1)C(=O)O)O)OC1C(C(C(CO1)O)O)O)OC1C(C(C(C(O1)CO)O)O)O)C)(C)C)C)O)C(C)CC)O)OC1C(C(C(O1)CO)O)O,1990.14,-4.1509,46,23,1350.8,0.40459,38,1
satratoxin G,CC1=CC2C3(CC1)COC(=O)C4C5(O4)CCOC(C5O)(C=CC=CC(=O)OC6C3(C7(CO7)C(C6)O2)C)C(C)O,544.595,0.2975,10,2,380.36,0.33542,1,1
scolymoside,CC1C(C(C(C(O1)OC2C(C(C(OC2OC3=CC(=C4C(=C3)OC(=CC4=O)C5=CC(=C(C=C5)O)O)O)CO)O)O)O)O)O,594.52,-0.9097,15,9,393.15,0.46023,6,1
scutebarbatine A,CC1=CCCC2C1(C(C(C(C2(C)C=CC3=CC(=O)OC3)(C)O)OC(=O)C4=CN=CC=C4)OC(=O)C5=CN=CC=C5)C,558.629,3.4992,9,1,414.61,0.25122,8,1
selinexor,C1=CN=C(C=N1)NNC(=O)C=CN2C=NC(=N2)C3=CC(=CC(=C3)C(F)(F)F)C(F)(F)F,443.31,2.572,8,2,303.11,0.28607,7,1
semaglutide,CCC(C)C(C(=O)NC(C)C(=O)NC(CC1=CNC2=CC=CC=C21)C(=O)NC(CC(C)C)C(=O)NC(C(C)C)C(=O)NC(CCCNC(=N)N)C(=O)NCC(=O)NC(CCCNC(=N)N)C(=O)NCC(=O)O)NC(=O)C(CC3=CC=CC=C3)NC(=O)C(CCC(=O)O)NC(=O)C(CCCCNC(=O)COCCOCCNC(=O)COCCOCCNC(=O)CCC(C(=O)O)NC(=O)CCCCCCCCCCCCCCCCC(=O)O)NC(=O)C(C)NC(=O)C(C)NC(=O)C(CCC(=O)N)NC(=O)CNC(=O)C(CCC(=O)O)NC(=O)C(CC(C)C)NC(=O)C(CC4=CC=C(C=C4)O)NC(=O)C(CO)NC(=O)C(CO)NC(=O)C(C(C)C)NC(=O)C(CC(=O)O)NC(=O)C(CO)NC(=O)C(C(C)O)NC(=O)C(CC5=CC=CC=C5)NC(=O)C(C(C)O)NC(=O)CNC(=O)C(CCC(=O)O)NC(=O)C(C)(C)NC(=O)C(CC6=CN=CN6)N,4113.62,-15.268,104,57,3177.1,0.40974,149,1
senecionine,CC=C1CC(C(C(=O)OCC2=CCN3C2C(CC3)OC1=O)(C)O)C,335.399,1.7664,6,1,248.06,0.25288,0,1
seneciphylline,CC=C1CC(=C)C(C(=O)OCC2=CCN3C2C(CC3)OC1=O)(C)O,333.383,1.969,6,1,246.05,0.25495,0,1
senkirkine,CC=C1CC(C(C(=O)OCC2=CCN(CCC(C2=O)OC1=O)C)(C)O)C,365.424,1.5198,7,1,279.07,0.27151,0,1
siomycin A,CC=C1C2=NC(CS2)C(=O)NC(C3=NC(=CS3)C(=O)NC4C(OC(=O)C5=NC6=C(C=CC(C6O)NC(C(=O)NC(=C)C(=O)NC(=C)C(=O)NC(C(=O)NC7(CCC(=NC7C8=CSC4=N8)C9=NC(=CS9)C(=O)NC(=C)C(=O)NC(=C)C(=O)N)C2=NC(=CS2)C(=O)NC(C(=O)N1)C(C)O)C)C(C)C)C(=C5)C(C)O)C)C(C)(C(C)O)O,1648.87,-2.2283,37,17,1164.8,0.47229,11,1
sitaxsentan,CC1=CC2=C(C=C1CC(=O)C3=C(C=CS3)S(=O)(=O)NC4=C(C(=NO4)C)Cl)OCO2,454.91,3.3593,8,1,308.92,0.38366,5,1
skullcapflavone II,COC1=CC=CC(=C1C2=CC(=O)C3=C(C(=C(C(=C3O2)OC)OC)OC)O)O,374.344,2.4014,8,2,273.72,0.32603,5,1
sotorasib,CC1CN(CCN1C2=NC(=O)N(C3=NC(=C(C=C32)F)C4=C(C=CC=C4F)O)C5=C(C=CN=C5C(C)C)C)C(=O)C=C,560.603,5.0827,9,1,411.58,0.20234,4,1
sotrastaurin,CN1CCN(CC1)C2=NC3=CC=CC=C3C(=N2)C4=C(C(=O)NC4=O)C5=CNC6=CC=CC=C65,438.49,1.5001,8,2,320.09,0.25171,3,1
sparstolonin B,C1=CC2=C(C=C1O)C3=COC(=C4C3=C(O2)C=CC4=O)O,268.224,1.3004,5,2,180.26,0.32864,0,1
spiraeoside,C1=CC(=C(C=C1C2=C(C(=O)C3=C(C=C(C=C3O2)O)O)O)O)OC4C(C(C(C(O4)CO)O)O)O,464.378,-0.4991,12,8,303.75,0.48672,4,1
sulindac sulfone,CC1=C(C2=C(C1=CC3=CC=C(C=C3)S(=O)(=O)C)C=CC(=C2)F)CC(=O)O,372.415,2.6067,4,1,264.46,0.20691,4,1
surfactin peptide,CC(C)CCCCCCCCCC1CC(=O)NC(C(=O)NC(C(=O)NC(C(=O)NC(C(=O)NC(C(=O)NC(C(=O)NC(C(=O)O1)CC(C)C)CC(C)C)CC(=O)O)C(C)C)CC(C)C)CC(C)C)CCC(=O)O,1036.36,5.2266,20,9,836.46,0.29508,24,1
swietenine,CC=C(C)C(=O)OC1C2C=C3C(CCC4(C3CC(=O)OC4C5=COC=C5)C)C(C2=O)(C(C1(C)C)C(C(=O)OC)O)C,568.661,3.6188,9,1,411.55,0.26575,7,1
syringin,COC1=CC(=CC(=C1OC2C(C(C(C(O2)CO)O)O)O)OC)C=CCO,372.369,-0.6515,9,5,272.55,0.38708,7,1
talazoparib,CN1C(=NC=N1)C2C(NC3=CC(=CC4=C3C2=NNC4=O)F)C5=CC=C(C=C5)F,380.357,2.0485,7,2,266.1,0.28666,2,1
tanespimycin,CC1CC(C(C(C=C(C(C(C=CC=C(C(=O)NC2=CC(=O)C(=C(C1)C2=O)NCC=C)C)OC)OC(=O)N)C)C)O)OC,585.695,3.0722,11,4,463.22,0.28809,7,1
tapotoclax,CC1CC=CC(C2CCC2CN3CC4(CCCC5=C4C=CC(=C5)Cl)COC6=C3C=C(C=C6)C(=O)NS(=O)(=O)C1C)OC,613.217,6.6242,7,1,442.56,0.17315,1,1
temsirolimus,CC1CCC2CC(C(=CC=CC=CC(CC(C(=O)C(C(C(=CC(C(=O)CC(OC(=O)C3CCCCN3C(=O)C(=O)C1(O2)O)C(C)CC4CCC(C(C4)OC)OC(=O)C(C)(CO)CO)C)C)O)OC)C)C)C)OC,1030.3,6.3803,17,4,801.2,0.24237,11,1
tephrosin,CC1(C=CC2=C(O1)C=CC3=C2OC4COC5=CC(=C(C=C5C4(C3=O)O)OC)OC)C,410.421,3.1208,7,1,289.24,0.26324,2,1
tetra(4-N-methylpyridyl)porphine,C[N+]1=CC=C(C=C1)C2=C3C=CC(=C(C4=NC(=C(C5=CC=C(N5)C(=C6C=CC2=N6)C7=CC=[N+](C=C7)C)C8=CC=[N+](C=C8)C)C=C4)C9=CC=[N+](C=C9)C)N3,678.842,-13.876,8,2,514.69,0.11562,4,1
tetracycline CMT-3,C1C2CC3=C(C(=CC=C3)O)C(=C2C(=O)C4(C1CC(=O)C(=C4O)C(=O)N)O)O,371.344,-0.2949,8,5,242.46,0.44044,1,1
"theaflavin-3,3'-digallate",C1C(C(OC2=CC(=CC(=C21)O)O)C3=CC4=C(C(=C(C=C4C5C(CC6=C(C=C(C=C6O5)O)O)O)O)OC(=O)C7=CC(=C(C(=C7)O)O)O)C(=O)C(=C3)OC(=O)C8=CC(=C(C(=C8)O)O)O)O,868.707,3.6197,20,13,574.54,0.43412,8,1
timosaponin AIII,CC1CCC2(C(C3C(O2)CC4C3(CCC5C4CCC6C5(CCC(C6)OC7C(C(C(C(O7)CO)O)O)OC8C(C(C(C(O8)CO)O)O)O)C)C)C)OC1,740.924,1.3117,13,7,506.6,0.29945,6,1
tipifarnib,CN1C=NC=C1C(C2=CC=C(C=C2)Cl)(C3=CC4=C(C=C3)N(C(=O)C=C4C5=CC(=CC=C5)Cl)C)N,489.405,4.03,5,1,354.05,0.14038,4,1
tofacitinib,CC1CCN(CC1N(C)C2=NC=NC3=C2C=CN3)C(=O)CC#N,312.376,1.1936,7,1,246.07,0.28297,3,1
tolmetin glucuronide,CC1=CC=C(C=C1)C(=O)C2=CC=C(N2C)CC(=O)OC3C(C(C(C(O3)C(=O)O)O)O)O,433.412,-0.6067,10,4,308.15,0.3842,7,1
toosendanin,CC(=O)OC1CC(C23COC(C1(C2CC(C4(C3C(=O)C(C5(C46C(O6)CC5C7=COC=C7)C)OC(=O)C)C)O)C)O)O,574.621,1.2382,11,3,382.79,0.36621,5,1
trachelogenin,COC1=C(C=C(C=C1)CC2COC(=O)C2(CC3=CC(=C(C=C3)O)OC)O)OC,388.415,2.0231,7,2,290.94,0.27236,7,1
trichodesmine,CC(C)C1C(=O)OC2CCN3C2C(=CC3)COC(=O)C(C1(C)O)(C)O,353.413,0.5349,7,2,251.11,0.30198,1,1
triciribine,CN1C2=NC=NC3=C2C(=CN3C4C(C(C(O4)CO)O)O)C(=N1)N,320.308,-1.4358,10,4,214.44,0.50569,2,1
triphlorethol-A,C1=C(C=C(C=C1O)OC2=C(C=C(C=C2O)OC3=C(C=C(C=C3O)O)O)O)O,374.3,2.0309,9,7,257.23,0.43424,4,1
troxerutin,CC1C(C(C(C(O1)OCC2C(C(C(C(O2)OC3=C(OC4=CC(=CC(=C4C3=O)O)OCCO)C5=CC(=C(C=C5)OCCO)OCCO)O)O)O)O)O)O,742.677,-1.9914,19,10,510.27,0.43906,15,1
tubeimoside II,CC1C2C(C(C(O1)OC3C(C(COC3OC(=O)C45CCC(CC4C6=CCC7C(C6(CC5O)C)(CCC8C7(CC(C(C8(C)CO)OC9C(C(C(C(O9)CO)O)O)OC1C(C(C(CO1)OC(=O)CC(CC(=O)O2)(C)O)O)O)O)C)C)(C)C)O)O)O)OC1C(C(C(CO1)O)O)O,1335.44,-2.3054,30,15,885.56,0.40158,4,1
tubocapsenolide A,CC1=C(C(=O)OC(C1)C(C)C2(C(CC3=C2CCC4C3CC5C6(C4(C(=O)C=CC6O)C)O5)O)C)C,468.588,2.6348,6,2,329.52,0.24256,2,1
tyrphostin AG825,COC1=CC(=CC(=C1O)CSC2=NC3=CC=CC=C3S2)C=C(C#N)C(=O)N,397.478,2.9757,6,2,294.87,0.3859,6,1
valspodar,CC=CCC(C)C(=O)C1C(=O)NC(C(=O)N(CC(=O)N(C(C(=O)NC(C(=O)N(C(C(=O)NC(C(=O)NC(C(=O)N(C(C(=O)N(C(C(=O)N(C(C(=O)N1C)C(C)C)C)CC(C)C)C)CC(C)C)C)C)C)CC(C)C)C)C(C)C)CC(C)C)C)C)C(C)C,1214.64,3.0908,23,4,971.5,0.23383,15,1
vaticanol C,C1=CC(=CC=C1C2C3C(C4=C(C2C5=C3C6=C(C=C5O)OC(C6C7=CC(=CC(=C7)O)O)C8=CC=C(C=C8)O)C9=C(C=C4O)OC(C9C1=CC(=CC(=C1)O)O)C1=CC=C(C=C1)O)C1=CC=C(C=C1)O)O,906.937,8.4478,12,10,621.08,0.24312,6,1
venetoclax,CC1(CCC(=C(C1)C2=CC=C(C=C2)Cl)CN3CCN(CC3)C4=CC(=C(C=C4)C(=O)NS(=O)(=O)C5=CC(=C(C=C5)NCC6CCOCC6)[N+](=O)[O-])OC7=CN=C8C(=C7)C=CN8)C,868.453,6.2006,14,3,633.14,0.23221,12,1
vernodalin,C=CC12CC(C3C(C1C(=C)C(=O)OC2)OC(=O)C3=C)OC(=O)C(=C)CO,360.361,0.8315,7,1,257.08,0.31982,5,1
vistusertib,CC1COCCN1C2=NC(=NC3=C2C=CC(=N3)C4=CC(=CC=C4)C(=O)NC)N5CCOCC5C,462.552,2.5926,9,1,351.05,0.24073,4,1
voacamine,CCC1CC2CC3(C1N(C2)CCC4=C3NC5=CC(=C(C=C45)OC)C6CC7C(C(CC8=C6NC9=CC=CC=C89)N(CC7=CC)C)C(=O)OC)C(=O)OC,704.909,6.2424,9,2,519.98,0.17531,7,1
warangalone,CC(=CCC1=C2C(=C(C3=C1OC=C(C3=O)C4=CC=C(C=C4)O)O)C=CC(O2)(C)C)C,404.461,5.0221,5,2,305.6,0.19385,3,1
withaferin A,CC1=C(C(=O)OC(C1)C(C)C2CCC3C2(CCC4C3CC5C6(C4(C(=O)C=CC6O)C)O5)C)CO,470.604,2.4938,6,2,334.36,0.23905,3,1
withanone,CC1=C(C(=O)OC(C1)C(C)C2(CCC3C2(CCC4C3C5C(O5)C6(C4(C(=O)C=CC6)C)O)C)O)C,470.604,2.5971,6,2,330.77,0.24165,2,1
wogonoside,COC1=C(C=C(C2=C1OC(=CC2=O)C3=CC=CC=C3)O)OC4C(C(C(C(O4)C(=O)O)O)O)O,460.39,0.2725,11,5,312.74,0.42073,5,1
yessotoxin,CC1CCC2(C(CC3C(O2)(CCC4C(O3)CC5C(O4)CC6C(O5)CC7C(O6)CC(C(O7)(C)CCOS(=O)(=O)O)OS(=O)(=O)O)C)OC8C1OC9C(C8)OC1CC2C(CC(=C)C(O2)C(C)(C=CC(=C)CC=C)O)OC1(C9O)C)C,1143.37,0.2076,21,4,768.61,0.31168,11,1
z-Val-Ala-Asp(Ome)-fluoromethylketone,CC(C)C(C(=O)NC(C)C(=O)NC(CC(=O)OC)C(=O)CF)NC(=O)OCC1=CC=CC=C1,467.492,0.382,10,3,363.06,0.32937,14,1
zafirlukast,CC1=CC=CC=C1S(=O)(=O)NC(=O)C2=CC(=C(C=C2)CC3=CN(C4=C3C=C(C=C4)NC(=O)OC5CCCC5)C)OC,575.684,5.6681,9,2,428.16,0.24395,8,1
zinc protoporphyrin,CC1=C(C2=CC3=NC(=CC4=C(C(=C([N-]4)C=C5C(=C(C(=N5)C=C1[N-]2)C)C=C)C)C=C)C(=C3CCC(=O)O)C)CCC(=O)O.[Zn+2],626.042,5.1545,8,4,435.19,0.23151,8,1
ziyuglycoside I,CC1CCC2(CCC3(C(=CCC4C3(CCC5C4(CCC(C5(C)C)OC6C(C(C(CO6)O)O)O)C)C)C2C1(C)O)C)C(=O)OC7C(C(C(C(O7)CO)O)O)O,766.962,2.1065,13,8,526.9,0.29956,6,1
ziyuglycoside II,CC1CCC2(CCC3(C(=CCC4C3(CCC5C4(CCC(C5(C)C)OC6C(C(C(CO6)O)O)O)C)C)C2C1(C)O)C)C(=O)O,604.822,3.9436,8,5,425.09,0.23181,3,1
zomepirac glucuronide,CC1=C(N(C(=C1)CC(=O)OC2C(C(C(C(O2)C(=O)O)O)O)O)C)C(=O)C3=CC=C(C=C3)Cl,467.857,-0.0007,10,4,323.57,0.36589,7,1
zopolrestat,C1=CC=C2C(=C1)C(=NN(C2=O)CC3=NC4=C(S3)C=CC(=C4)C(F)(F)F)CC(=O)O,419.382,2.9351,6,1,280.92,0.30461,5,1
