#node1	node2	node1_string_id	node2_string_id	neighborhood_on_chromosome	gene_fusion	phylogenetic_cooccurrence	homology	coexpression	experimentally_determined_interaction	database_annotated	automated_textmining	combined_score
ACD	TERF2	9606.ENSP00000483117	9606.ENSP00000254942	0	0	0	0	0.067	0.922	0.720	0.993	0.999
ACD	CCNA1	9606.ENSP00000483117	9606.ENSP00000255465	0	0	0	0	0	0	0.400	0	0.400
ACD	NBN	9606.ENSP00000483117	9606.ENSP00000265433	0	0	0	0	0	0	0.500	0.049	0.504
ACD	CDK2	9606.ENSP00000483117	9606.ENSP00000266970	0	0	0	0	0.049	0	0.400	0	0.405
ACD	TINF2	9606.ENSP00000483117	9606.ENSP00000267415	0	0	0	0	0.055	0.991	0.800	0.999	0.999
ACD	H2BC1	9606.ENSP00000483117	9606.ENSP00000274764	0	0	0	0	0	0	0.500	0	0.499
ACD	TERF1	9606.ENSP00000483117	9606.ENSP00000276603	0	0	0	0	0	0.878	0.720	0.998	0.999
ACD	H2BC5	9606.ENSP00000483117	9606.ENSP00000289316	0	0	0	0	0	0	0.500	0	0.499
ACD	TERF2IP	9606.ENSP00000483117	9606.ENSP00000300086	0	0	0	0	0.049	0.874	0.800	0.967	0.999
ACD	H2AZ2	9606.ENSP00000483117	9606.ENSP00000308405	0	0	0	0	0	0	0.500	0	0.499
ACD	H2BC4	9606.ENSP00000483117	9606.ENSP00000321744	0	0	0	0	0	0	0.500	0	0.499
ACD	MRE11	9606.ENSP00000483117	9606.ENSP00000325863	0	0	0	0	0	0	0.500	0	0.499
ACD	H2AC14	9606.ENSP00000483117	9606.ENSP00000328484	0	0	0	0	0	0	0.500	0	0.499
ACD	H2AC20	9606.ENSP00000483117	9606.ENSP00000332194	0	0	0	0	0	0	0.500	0.106	0.533
ACD	H2AC7	9606.ENSP00000483117	9606.ENSP00000341094	0	0	0	0	0	0	0.500	0	0.499
ACD	H2BC12	9606.ENSP00000483117	9606.ENSP00000349430	0	0	0	0	0	0	0.500	0	0.499
ACD	POT1	9606.ENSP00000483117	9606.ENSP00000350249	0	0	0	0	0	0.991	0.800	0.998	0.999
ACD	H3-4	9606.ENSP00000483117	9606.ENSP00000355657	0	0	0	0	0	0	0.500	0.104	0.532
ACD	H2BC21	9606.ENSP00000483117	9606.ENSP00000358151	0	0	0	0	0	0	0.500	0.098	0.529
ACD	H2AC18	9606.ENSP00000483117	9606.ENSP00000358155	0	0	0	0	0	0	0.500	0.105	0.533
ACD	H2BC13	9606.ENSP00000483117	9606.ENSP00000366618	0	0	0	0	0.044	0	0.500	0	0.501
ACD	H2AC6	9606.ENSP00000483117	9606.ENSP00000367022	0	0	0	0	0	0	0.500	0	0.499
ACD	RAD50	9606.ENSP00000483117	9606.ENSP00000368100	0	0	0	0	0	0	0.500	0	0.499
ACD	H2AX	9606.ENSP00000483117	9606.ENSP00000434024	0	0	0	0	0.074	0	0.500	0.150	0.572
ACD	H2AJ	9606.ENSP00000483117	9606.ENSP00000438553	0	0	0	0	0	0	0.500	0	0.499
ACD	H2BC11	9606.ENSP00000483117	9606.ENSP00000476136	0	0	0	0	0.044	0	0.500	0	0.501
ACD	H2BC17	9606.ENSP00000483117	9606.ENSP00000477527	0	0	0	0	0	0	0.500	0	0.499
ACD	H2BC14	9606.ENSP00000483117	9606.ENSP00000477907	0	0	0	0	0.044	0	0.500	0	0.501
ACD	H2BC9	9606.ENSP00000483117	9606.ENSP00000479169	0	0	0	0	0	0	0.500	0	0.499
ACD	CCNA2	9606.ENSP00000483117	9606.ENSP00000481380	0	0	0	0	0.050	0	0.400	0	0.405
ACD	H2BC3	9606.ENSP00000483117	9606.ENSP00000482674	0	0	0	0	0	0	0.500	0	0.499
ACD	H2BC15	9606.ENSP00000483117	9606.ENSP00000483903	0	0	0	0	0	0	0.500	0	0.499
ACD	H2AB1	9606.ENSP00000483117	9606.ENSP00000484261	0	0	0	0	0	0	0.500	0	0.499
AGO1	SIRT1	9606.ENSP00000362300	9606.ENSP00000212015	0	0	0	0	0	0.292	0	0.306	0.488
AGO1	CCND1	9606.ENSP00000362300	9606.ENSP00000227507	0	0	0	0	0.055	0	0.500	0.234	0.606
AGO1	MAPK14	9606.ENSP00000362300	9606.ENSP00000229795	0	0	0	0	0.049	0	0.500	0.070	0.519
AGO1	KDM6B	9606.ENSP00000362300	9606.ENSP00000254846	0	0	0	0	0.098	0	0.500	0.116	0.566
AGO1	PHC2	9606.ENSP00000362300	9606.ENSP00000257118	0	0	0	0	0.053	0	0.500	0	0.506
AGO1	CDK4	9606.ENSP00000362300	9606.ENSP00000257904	0	0	0	0	0.053	0	0.500	0.173	0.574
AGO1	CDKN2C	9606.ENSP00000362300	9606.ENSP00000262662	0	0	0	0	0	0.068	0.500	0.063	0.525
AGO1	E2F3	9606.ENSP00000362300	9606.ENSP00000262904	0	0	0	0	0.089	0.071	0.500	0.211	0.622
AGO1	CDK6	9606.ENSP00000362300	9606.ENSP00000265734	0	0	0	0	0.051	0	0.500	0.405	0.693
AGO1	TP53	9606.ENSP00000362300	9606.ENSP00000269305	0	0	0	0	0	0.234	0.500	0.306	0.710
AGO1	CBX8	9606.ENSP00000362300	9606.ENSP00000269385	0	0	0	0	0	0	0.500	0.065	0.512
AGO1	CBX4	9606.ENSP00000362300	9606.ENSP00000269397	0	0	0	0	0	0	0.500	0	0.499
AGO1	H2BC1	9606.ENSP00000362300	9606.ENSP00000274764	0	0.005	0	0	0	0	0.500	0.129	0.546
AGO1	TERF1	9606.ENSP00000362300	9606.ENSP00000276603	0	0	0	0	0	0	0	0.779	0.779
AGO1	CDKN2B	9606.ENSP00000362300	9606.ENSP00000276925	0	0	0	0	0	0.068	0.500	0.078	0.533
AGO1	H2BC5	9606.ENSP00000362300	9606.ENSP00000289316	0	0.005	0	0	0	0	0.500	0.138	0.550
AGO1	PPID	9606.ENSP00000362300	9606.ENSP00000303754	0	0	0	0	0.051	0.052	0	0.755	0.761
AGO1	H2AZ2	9606.ENSP00000362300	9606.ENSP00000308405	0	0	0	0	0.052	0	0.500	0.129	0.551
AGO1	CBX2	9606.ENSP00000362300	9606.ENSP00000308750	0	0	0	0	0	0	0.500	0	0.499
AGO1	SUZ12	9606.ENSP00000362300	9606.ENSP00000316578	0	0	0	0	0.049	0	0.500	0.198	0.585
AGO1	EZH2	9606.ENSP00000362300	9606.ENSP00000320147	0	0	0	0	0.059	0.069	0.500	0.842	0.921
AGO1	H2BC4	9606.ENSP00000362300	9606.ENSP00000321744	0	0.005	0	0	0	0	0.500	0.141	0.552
AGO1	H2AC14	9606.ENSP00000362300	9606.ENSP00000328484	0	0	0	0	0	0	0.500	0	0.499
AGO1	SP1	9606.ENSP00000362300	9606.ENSP00000329357	0	0	0	0	0.082	0.053	0.500	0.100	0.556
AGO1	H2AC20	9606.ENSP00000362300	9606.ENSP00000332194	0	0	0	0	0	0	0.500	0.167	0.565
AGO1	MAPK11	9606.ENSP00000362300	9606.ENSP00000333685	0	0	0	0	0	0	0.500	0.057	0.508
AGO1	TNRC6C	9606.ENSP00000362300	9606.ENSP00000336783	0	0	0	0	0.060	0.916	0.400	0.805	0.989
AGO1	EED	9606.ENSP00000362300	9606.ENSP00000338186	0	0	0	0	0.044	0	0.500	0.157	0.562
AGO1	FOXO3	9606.ENSP00000362300	9606.ENSP00000339527	0	0	0	0	0.067	0.045	0.400	0.180	0.503
AGO1	EIF4EBP1	9606.ENSP00000362300	9606.ENSP00000340691	0	0	0	0	0.056	0	0	0.594	0.600
AGO1	H2AC7	9606.ENSP00000362300	9606.ENSP00000341094	0	0	0	0	0	0	0.500	0.063	0.511
AGO1	E2F1	9606.ENSP00000362300	9606.ENSP00000345571	0	0	0	0	0.060	0.065	0.500	0.586	0.793
AGO1	H2BC12	9606.ENSP00000362300	9606.ENSP00000349430	0	0.005	0	0	0	0	0.500	0.129	0.546
AGO1	ETS2	9606.ENSP00000362300	9606.ENSP00000353344	0	0	0	0	0	0	0.500	0.085	0.523
AGO1	E2F2	9606.ENSP00000362300	9606.ENSP00000355249	0	0	0	0	0.082	0.071	0.500	0.129	0.579
AGO1	H3-4	9606.ENSP00000362300	9606.ENSP00000355657	0	0	0	0	0	0.059	0	0.419	0.430
AGO1	RNF2	9606.ENSP00000362300	9606.ENSP00000356480	0	0	0	0	0.085	0	0.500	0.145	0.575
AGO1	VENTX	9606.ENSP00000362300	9606.ENSP00000357556	0	0	0	0	0	0.050	0.500	0.066	0.517
AGO1	H2BC21	9606.ENSP00000362300	9606.ENSP00000358151	0	0.005	0	0	0	0	0.500	0.243	0.605
AGO1	H2AC18	9606.ENSP00000362300	9606.ENSP00000358155	0	0	0	0	0.042	0	0.500	0.175	0.570
AGO1	JUN	9606.ENSP00000362300	9606.ENSP00000360266	0	0	0	0	0	0	0.500	0.169	0.567
AGO1	PTEN	9606.ENSP00000362300	9606.ENSP00000361021	0	0	0	0	0.061	0.292	0.500	0.352	0.755
AGO1	AGO3	9606.ENSP00000362300	9606.ENSP00000362287	0	0	0.049	0.983	0.072	0.720	0.720	0.858	0.988
AGO1	H2AB1	9606.ENSP00000362300	9606.ENSP00000484261	0	0	0	0	0	0	0.500	0	0.499
AGO1	H2AJ	9606.ENSP00000362300	9606.ENSP00000438553	0	0	0	0	0	0	0.500	0	0.499
AGO1	H2AC6	9606.ENSP00000362300	9606.ENSP00000367022	0	0	0	0	0.049	0	0.500	0	0.504
AGO1	CBX6	9606.ENSP00000362300	9606.ENSP00000384490	0	0	0	0	0.049	0	0.500	0	0.504
AGO1	TFDP2	9606.ENSP00000362300	9606.ENSP00000420616	0	0	0	0	0.055	0	0.500	0	0.507
AGO1	PHC3	9606.ENSP00000362300	9606.ENSP00000420294	0	0	0	0	0.049	0	0.500	0.067	0.517
AGO1	CDKN2D	9606.ENSP00000362300	9606.ENSP00000377224	0	0	0	0	0	0.068	0.500	0.063	0.525
AGO1	RBBP7	9606.ENSP00000362300	9606.ENSP00000369424	0	0	0	0	0.062	0.081	0.500	0	0.531
AGO1	PHC1	9606.ENSP00000362300	9606.ENSP00000437659	0	0	0	0	0.062	0	0.500	0.081	0.532
AGO1	ETS1	9606.ENSP00000362300	9606.ENSP00000376436	0	0	0	0	0	0	0.500	0.113	0.537
AGO1	MAPKAPK3	9606.ENSP00000362300	9606.ENSP00000396467	0	0	0	0	0.042	0	0.500	0.113	0.538
AGO1	RING1	9606.ENSP00000362300	9606.ENSP00000363787	0	0	0	0	0.049	0	0.500	0.109	0.539
AGO1	H2BC11	9606.ENSP00000362300	9606.ENSP00000476136	0	0.005	0	0	0	0	0.500	0.130	0.546
AGO1	H2BC15	9606.ENSP00000362300	9606.ENSP00000483903	0	0.005	0	0	0	0	0.500	0.131	0.547
AGO1	H2BC3	9606.ENSP00000362300	9606.ENSP00000482674	0	0.005	0	0	0	0	0.500	0.131	0.547
AGO1	H2BC13	9606.ENSP00000362300	9606.ENSP00000366618	0	0.005	0	0	0	0	0.500	0.134	0.548
AGO1	H2BC9	9606.ENSP00000362300	9606.ENSP00000479169	0	0.005	0	0	0	0	0.500	0.133	0.548
AGO1	H2BC14	9606.ENSP00000362300	9606.ENSP00000477907	0	0.005	0	0	0	0	0.500	0.133	0.548
AGO1	H2BC17	9606.ENSP00000362300	9606.ENSP00000477527	0	0.005	0	0	0.042	0	0.500	0.134	0.549
AGO1	RBBP4	9606.ENSP00000362300	9606.ENSP00000362592	0	0	0	0	0.080	0.081	0.500	0.071	0.555
AGO1	BMI1	9606.ENSP00000362300	9606.ENSP00000365851	0	0	0	0	0	0	0.500	0.156	0.560
AGO1	H2AX	9606.ENSP00000362300	9606.ENSP00000434024	0	0	0	0	0	0.133	0.500	0.103	0.577
AGO1	CDKN2A	9606.ENSP00000362300	9606.ENSP00000418915	0	0	0	0	0.055	0.068	0.500	0.259	0.630
AGO1	MYC	9606.ENSP00000362300	9606.ENSP00000478887	0	0	0	0	0	0.179	0.400	0.576	0.773
AGO1	TFDP1	9606.ENSP00000362300	9606.ENSP00000364519	0	0	0	0	0.055	0	0.500	0.642	0.816
AGO1	MOV10	9606.ENSP00000362300	9606.ENSP00000399797	0	0	0	0	0.053	0.423	0.400	0.968	0.988
AGO1	AGO4	9606.ENSP00000362300	9606.ENSP00000362306	0	0	0.049	0.982	0.102	0	0.720	0.975	0.993
AGO1	TNRC6B	9606.ENSP00000362300	9606.ENSP00000401946	0	0	0	0	0.066	0.837	0.400	0.948	0.994
AGO1	TNRC6A	9606.ENSP00000362300	9606.ENSP00000379144	0	0	0	0	0	0.986	0.900	0.998	0.999
AGO3	CCND1	9606.ENSP00000362287	9606.ENSP00000227507	0	0	0	0	0.055	0	0.500	0.117	0.546
AGO3	MAPK14	9606.ENSP00000362287	9606.ENSP00000229795	0	0	0	0	0.042	0	0.500	0.057	0.508
AGO3	KDM6B	9606.ENSP00000362287	9606.ENSP00000254846	0	0	0	0	0.062	0	0.500	0.091	0.536
AGO3	PHC2	9606.ENSP00000362287	9606.ENSP00000257118	0	0	0	0	0.046	0	0.500	0	0.502
AGO3	CDK4	9606.ENSP00000362287	9606.ENSP00000257904	0	0	0	0	0.051	0	0.500	0.095	0.533
AGO3	CDKN2C	9606.ENSP00000362287	9606.ENSP00000262662	0	0	0	0	0	0.068	0.500	0.063	0.525
AGO3	E2F3	9606.ENSP00000362287	9606.ENSP00000262904	0	0	0	0	0.100	0.071	0.500	0.069	0.559
AGO3	CDK6	9606.ENSP00000362287	9606.ENSP00000265734	0	0	0	0	0.052	0	0.500	0.143	0.558
AGO3	TP53	9606.ENSP00000362287	9606.ENSP00000269305	0	0	0	0	0	0	0.500	0.181	0.572
AGO3	CBX8	9606.ENSP00000362287	9606.ENSP00000269385	0	0	0	0	0	0	0.500	0.065	0.512
AGO3	CBX4	9606.ENSP00000362287	9606.ENSP00000269397	0	0	0	0	0	0	0.500	0	0.499
AGO3	H2BC1	9606.ENSP00000362287	9606.ENSP00000274764	0	0.005	0	0	0	0	0.500	0.088	0.524
AGO3	TERF1	9606.ENSP00000362287	9606.ENSP00000276603	0	0	0	0	0.049	0	0	0.547	0.550
AGO3	CDKN2B	9606.ENSP00000362287	9606.ENSP00000276925	0	0	0	0	0	0.068	0.500	0.063	0.525
AGO3	H2BC5	9606.ENSP00000362287	9606.ENSP00000289316	0	0.005	0	0	0.042	0	0.500	0.088	0.525
AGO3	H2AZ2	9606.ENSP00000362287	9606.ENSP00000308405	0	0	0	0	0.047	0	0.500	0.272	0.623
AGO3	CBX2	9606.ENSP00000362287	9606.ENSP00000308750	0	0	0	0	0	0	0.500	0	0.499
AGO3	SUZ12	9606.ENSP00000362287	9606.ENSP00000316578	0	0	0	0	0.049	0	0.500	0.126	0.548
AGO3	EZH2	9606.ENSP00000362287	9606.ENSP00000320147	0	0	0	0	0.061	0.069	0.500	0.166	0.587
AGO3	H2BC4	9606.ENSP00000362287	9606.ENSP00000321744	0	0.005	0	0	0.044	0	0.500	0.088	0.525
AGO3	H2AC14	9606.ENSP00000362287	9606.ENSP00000328484	0	0	0	0	0	0	0.500	0	0.499
AGO3	SP1	9606.ENSP00000362287	9606.ENSP00000329357	0	0	0	0	0.042	0.053	0.500	0.047	0.509
AGO3	H2AC20	9606.ENSP00000362287	9606.ENSP00000332194	0	0	0	0	0	0	0.500	0.091	0.526
AGO3	MAPK11	9606.ENSP00000362287	9606.ENSP00000333685	0	0	0	0	0	0	0.500	0.057	0.508
AGO3	TNRC6C	9606.ENSP00000362287	9606.ENSP00000336783	0	0	0	0	0.049	0.889	0.400	0.613	0.972
AGO3	EED	9606.ENSP00000362287	9606.ENSP00000338186	0	0	0	0	0.048	0	0.500	0.146	0.557
AGO3	FOXO3	9606.ENSP00000362287	9606.ENSP00000339527	0	0	0	0	0.060	0.045	0.400	0.102	0.451
AGO3	H2AC7	9606.ENSP00000362287	9606.ENSP00000341094	0	0	0	0	0.042	0	0.500	0	0.500
AGO3	E2F1	9606.ENSP00000362287	9606.ENSP00000345571	0	0	0	0	0.060	0.065	0.500	0.086	0.545
AGO3	H2BC12	9606.ENSP00000362287	9606.ENSP00000349430	0	0.005	0	0	0	0	0.500	0.088	0.524
AGO3	ETS2	9606.ENSP00000362287	9606.ENSP00000353344	0	0	0	0	0	0	0.500	0.044	0.501
AGO3	E2F2	9606.ENSP00000362287	9606.ENSP00000355249	0	0	0	0	0.082	0.071	0.500	0.049	0.540
AGO3	H3-4	9606.ENSP00000362287	9606.ENSP00000355657	0	0	0	0	0	0.059	0	0.596	0.604
AGO3	RNF2	9606.ENSP00000362287	9606.ENSP00000356480	0	0	0	0	0.067	0	0.500	0.106	0.546
AGO3	VENTX	9606.ENSP00000362287	9606.ENSP00000357556	0	0	0	0	0	0.050	0.500	0.102	0.536
AGO3	H2BC21	9606.ENSP00000362287	9606.ENSP00000358151	0	0.005	0	0	0	0	0.500	0.126	0.544
AGO3	H2AC18	9606.ENSP00000362287	9606.ENSP00000358155	0	0	0	0	0	0	0.500	0.093	0.527
AGO3	JUN	9606.ENSP00000362287	9606.ENSP00000360266	0	0	0	0	0.044	0	0.500	0.069	0.516
AGO3	PTEN	9606.ENSP00000362287	9606.ENSP00000361021	0	0	0	0	0.066	0	0.500	0.157	0.572
AGO3	H2AB1	9606.ENSP00000362287	9606.ENSP00000484261	0	0	0	0	0	0	0.500	0	0.499
AGO3	ETS1	9606.ENSP00000362287	9606.ENSP00000376436	0	0	0	0	0	0	0.500	0	0.499
AGO3	CBX6	9606.ENSP00000362287	9606.ENSP00000384490	0	0	0	0	0	0	0.500	0	0.499
AGO3	H2AJ	9606.ENSP00000362287	9606.ENSP00000438553	0	0	0	0	0	0	0.500	0	0.499
AGO3	H2AC6	9606.ENSP00000362287	9606.ENSP00000367022	0	0	0	0	0.042	0	0.500	0	0.500
AGO3	TFDP2	9606.ENSP00000362287	9606.ENSP00000420616	0	0	0	0	0.055	0	0.500	0	0.507
AGO3	H2AX	9606.ENSP00000362287	9606.ENSP00000434024	0	0	0	0	0	0	0.500	0.060	0.509
AGO3	MAPKAPK3	9606.ENSP00000362287	9606.ENSP00000396467	0	0	0	0	0	0	0.500	0.067	0.513
AGO3	BMI1	9606.ENSP00000362287	9606.ENSP00000365851	0	0	0	0	0.044	0	0.500	0.065	0.514
AGO3	PHC1	9606.ENSP00000362287	9606.ENSP00000437659	0	0	0	0	0.044	0	0.500	0.068	0.516
AGO3	H2BC14	9606.ENSP00000362287	9606.ENSP00000477907	0	0.005	0	0	0	0	0.500	0.088	0.524
AGO3	H2BC3	9606.ENSP00000362287	9606.ENSP00000482674	0	0.005	0	0	0	0	0.500	0.088	0.524
AGO3	H2BC13	9606.ENSP00000362287	9606.ENSP00000366618	0	0.005	0	0	0	0	0.500	0.088	0.524
AGO3	H2BC11	9606.ENSP00000362287	9606.ENSP00000476136	0	0.005	0	0	0	0	0.500	0.088	0.524
AGO3	H2BC17	9606.ENSP00000362287	9606.ENSP00000477527	0	0.005	0	0	0	0	0.500	0.088	0.524
AGO3	CDKN2D	9606.ENSP00000362287	9606.ENSP00000377224	0	0	0	0	0	0.068	0.500	0.063	0.525
AGO3	H2BC9	9606.ENSP00000362287	9606.ENSP00000479169	0	0.005	0	0	0.042	0	0.500	0.088	0.525
AGO3	RING1	9606.ENSP00000362287	9606.ENSP00000363787	0	0	0	0	0	0	0.500	0.091	0.526
AGO3	RBBP7	9606.ENSP00000362287	9606.ENSP00000369424	0	0	0	0	0.055	0.081	0.500	0	0.527
AGO3	H2BC15	9606.ENSP00000362287	9606.ENSP00000483903	0	0.005	0	0	0.062	0	0.500	0.088	0.534
AGO3	CDKN2A	9606.ENSP00000362287	9606.ENSP00000418915	0	0	0	0	0	0.068	0.500	0.112	0.550
AGO3	RBBP4	9606.ENSP00000362287	9606.ENSP00000362592	0	0	0	0	0.066	0.081	0.500	0.075	0.550
AGO3	PHC3	9606.ENSP00000362287	9606.ENSP00000420294	0	0	0	0	0.149	0	0.500	0.058	0.564
AGO3	MYC	9606.ENSP00000362287	9606.ENSP00000478887	0	0	0	0	0	0.179	0.400	0.234	0.590
AGO3	TFDP1	9606.ENSP00000362287	9606.ENSP00000364519	0	0	0	0	0.055	0	0.500	0.355	0.668
AGO3	MOV10	9606.ENSP00000362287	9606.ENSP00000399797	0	0	0	0	0.046	0.168	0.400	0.397	0.674
AGO3	AGO4	9606.ENSP00000362287	9606.ENSP00000362306	0	0	0.050	0.981	0.059	0.627	0.720	0.693	0.966
AGO3	TNRC6B	9606.ENSP00000362287	9606.ENSP00000401946	0	0	0	0	0.123	0.833	0.400	0.685	0.968
AGO3	TNRC6A	9606.ENSP00000362287	9606.ENSP00000379144	0	0	0	0	0.044	0.843	0.720	0.745	0.987
AGO4	CCND1	9606.ENSP00000362306	9606.ENSP00000227507	0	0	0	0	0.055	0	0.500	0.135	0.555
AGO4	MAPK14	9606.ENSP00000362306	9606.ENSP00000229795	0	0	0	0	0.085	0	0.500	0.057	0.530
AGO4	KDM6B	9606.ENSP00000362306	9606.ENSP00000254846	0	0	0	0	0.060	0	0.500	0.091	0.535
AGO4	PHC2	9606.ENSP00000362306	9606.ENSP00000257118	0	0	0	0	0.064	0	0.500	0	0.512
AGO4	CDK4	9606.ENSP00000362306	9606.ENSP00000257904	0	0	0	0	0.051	0	0.500	0.080	0.525
AGO4	CDKN2C	9606.ENSP00000362306	9606.ENSP00000262662	0	0	0	0	0	0.068	0.500	0.063	0.525
AGO4	E2F3	9606.ENSP00000362306	9606.ENSP00000262904	0	0	0	0	0.089	0.071	0.500	0.115	0.575
AGO4	CDK6	9606.ENSP00000362306	9606.ENSP00000265734	0	0	0	0	0.051	0	0.500	0.112	0.542
AGO4	TP53	9606.ENSP00000362306	9606.ENSP00000269305	0	0	0	0	0	0	0.500	0.182	0.573
AGO4	CBX8	9606.ENSP00000362306	9606.ENSP00000269385	0	0	0	0	0	0	0.500	0.065	0.512
AGO4	CBX4	9606.ENSP00000362306	9606.ENSP00000269397	0	0	0	0	0.049	0	0.500	0	0.504
AGO4	H2BC1	9606.ENSP00000362306	9606.ENSP00000274764	0	0.005	0	0	0	0	0.500	0.108	0.535
AGO4	TERF1	9606.ENSP00000362306	9606.ENSP00000276603	0	0	0	0	0	0	0	0.412	0.412
AGO4	CDKN2B	9606.ENSP00000362306	9606.ENSP00000276925	0	0	0	0	0	0.068	0.500	0.063	0.525
AGO4	H2BC5	9606.ENSP00000362306	9606.ENSP00000289316	0	0.005	0	0	0	0	0.500	0.106	0.533
AGO4	H2AZ2	9606.ENSP00000362306	9606.ENSP00000308405	0	0	0	0	0.047	0	0.500	0.065	0.515
AGO4	CBX2	9606.ENSP00000362306	9606.ENSP00000308750	0	0	0	0	0	0	0.500	0	0.499
AGO4	SUZ12	9606.ENSP00000362306	9606.ENSP00000316578	0	0	0	0	0.049	0	0.500	0.094	0.531
AGO4	EZH2	9606.ENSP00000362306	9606.ENSP00000320147	0	0	0	0	0.059	0.069	0.500	0.159	0.582
AGO4	H2BC4	9606.ENSP00000362306	9606.ENSP00000321744	0	0.005	0	0	0	0	0.500	0.106	0.533
AGO4	H2AC14	9606.ENSP00000362306	9606.ENSP00000328484	0	0	0	0	0	0	0.500	0	0.499
AGO4	SP1	9606.ENSP00000362306	9606.ENSP00000329357	0	0	0	0	0.064	0.053	0.500	0.047	0.521
AGO4	H2AC20	9606.ENSP00000362306	9606.ENSP00000332194	0	0	0	0	0	0	0.500	0.174	0.569
AGO4	MAPK11	9606.ENSP00000362306	9606.ENSP00000333685	0	0	0	0	0	0	0.500	0.057	0.508
AGO4	TNRC6C	9606.ENSP00000362306	9606.ENSP00000336783	0	0	0	0	0.060	0.705	0.400	0.614	0.927
AGO4	EED	9606.ENSP00000362306	9606.ENSP00000338186	0	0	0	0	0	0	0.500	0.146	0.554
AGO4	FOXO3	9606.ENSP00000362306	9606.ENSP00000339527	0	0	0	0	0.078	0.045	0.400	0.119	0.473
AGO4	H2AC7	9606.ENSP00000362306	9606.ENSP00000341094	0	0	0	0	0	0	0.500	0.067	0.513
AGO4	E2F1	9606.ENSP00000362306	9606.ENSP00000345571	0	0	0	0	0.060	0.065	0.500	0.103	0.553
AGO4	H2BC12	9606.ENSP00000362306	9606.ENSP00000349430	0	0.005	0	0	0	0	0.500	0.108	0.535
AGO4	ETS2	9606.ENSP00000362306	9606.ENSP00000353344	0	0	0	0	0.048	0	0.500	0.044	0.505
AGO4	E2F2	9606.ENSP00000362306	9606.ENSP00000355249	0	0	0	0	0.082	0.071	0.500	0.070	0.550
AGO4	H3-4	9606.ENSP00000362306	9606.ENSP00000355657	0	0	0	0	0	0.059	0	0.414	0.425
AGO4	RNF2	9606.ENSP00000362306	9606.ENSP00000356480	0	0	0	0	0.049	0	0.500	0.091	0.530
AGO4	VENTX	9606.ENSP00000362306	9606.ENSP00000357556	0	0	0	0	0.048	0.050	0.500	0.066	0.521
AGO4	H2BC21	9606.ENSP00000362306	9606.ENSP00000358151	0	0.005	0	0	0	0	0.500	0.214	0.590
AGO4	H2AC18	9606.ENSP00000362306	9606.ENSP00000358155	0	0	0	0	0	0	0.500	0.180	0.572
AGO4	JUN	9606.ENSP00000362306	9606.ENSP00000360266	0	0	0	0	0	0	0.500	0.066	0.513
AGO4	PTEN	9606.ENSP00000362306	9606.ENSP00000361021	0	0	0	0	0.142	0	0.500	0.175	0.615
AGO4	ETS1	9606.ENSP00000362306	9606.ENSP00000376436	0	0	0	0	0	0	0.500	0	0.499
AGO4	H2AB1	9606.ENSP00000362306	9606.ENSP00000484261	0	0	0	0	0	0	0.500	0	0.499
AGO4	H2AJ	9606.ENSP00000362306	9606.ENSP00000438553	0	0	0	0	0	0	0.500	0	0.499
AGO4	H2AC6	9606.ENSP00000362306	9606.ENSP00000367022	0	0	0	0	0	0	0.500	0	0.499
AGO4	CBX6	9606.ENSP00000362306	9606.ENSP00000384490	0	0	0	0	0	0	0.500	0	0.499
AGO4	BMI1	9606.ENSP00000362306	9606.ENSP00000365851	0	0	0	0	0	0	0.500	0.044	0.501
AGO4	PHC3	9606.ENSP00000362306	9606.ENSP00000420294	0	0	0	0	0.049	0	0.500	0	0.504
AGO4	MAPKAPK3	9606.ENSP00000362306	9606.ENSP00000396467	0	0	0	0	0.042	0	0.500	0.054	0.507
AGO4	TFDP2	9606.ENSP00000362306	9606.ENSP00000420616	0	0	0	0	0.055	0	0.500	0	0.507
AGO4	PHC1	9606.ENSP00000362306	9606.ENSP00000437659	0	0	0	0	0.044	0	0.500	0.080	0.522
AGO4	RING1	9606.ENSP00000362306	9606.ENSP00000363787	0	0	0	0	0	0	0.500	0.091	0.526
AGO4	H2AX	9606.ENSP00000362306	9606.ENSP00000434024	0	0	0	0	0	0	0.500	0.091	0.526
AGO4	CDKN2D	9606.ENSP00000362306	9606.ENSP00000377224	0	0	0	0	0.056	0.068	0.500	0.063	0.532
AGO4	RBBP7	9606.ENSP00000362306	9606.ENSP00000369424	0	0	0	0	0.055	0.081	0.500	0.054	0.534
AGO4	H2BC9	9606.ENSP00000362306	9606.ENSP00000479169	0	0.005	0	0	0	0	0.500	0.109	0.535
AGO4	H2BC3	9606.ENSP00000362306	9606.ENSP00000482674	0	0.005	0	0	0	0	0.500	0.108	0.535
AGO4	H2BC14	9606.ENSP00000362306	9606.ENSP00000477907	0	0.005	0	0	0	0	0.500	0.109	0.535
AGO4	H2BC13	9606.ENSP00000362306	9606.ENSP00000366618	0	0.005	0	0	0	0	0.500	0.109	0.535
AGO4	H2BC17	9606.ENSP00000362306	9606.ENSP00000477527	0	0.005	0	0	0	0	0.500	0.109	0.535
AGO4	H2BC11	9606.ENSP00000362306	9606.ENSP00000476136	0	0.005	0	0	0	0	0.500	0.108	0.535
AGO4	H2BC15	9606.ENSP00000362306	9606.ENSP00000483903	0	0.005	0	0	0	0	0.500	0.108	0.535
AGO4	MYC	9606.ENSP00000362306	9606.ENSP00000478887	0	0	0	0	0	0.062	0.400	0.248	0.539
AGO4	RBBP4	9606.ENSP00000362306	9606.ENSP00000362592	0	0	0	0	0.057	0.081	0.500	0.091	0.553
AGO4	CDKN2A	9606.ENSP00000362306	9606.ENSP00000418915	0	0	0	0	0	0.068	0.500	0.140	0.564
AGO4	MOV10	9606.ENSP00000362306	9606.ENSP00000399797	0	0	0	0	0.053	0.045	0.400	0.347	0.599
AGO4	TFDP1	9606.ENSP00000362306	9606.ENSP00000364519	0	0	0	0	0.055	0	0.500	0.355	0.668
AGO4	TNRC6B	9606.ENSP00000362306	9606.ENSP00000401946	0	0	0	0	0.067	0.694	0.400	0.669	0.935
AGO4	TNRC6A	9606.ENSP00000362306	9606.ENSP00000379144	0	0	0	0	0	0.746	0.720	0.881	0.990
AKT1	SIRT1	9606.ENSP00000451828	9606.ENSP00000212015	0	0	0	0	0.049	0.294	0	0.827	0.873
AKT1	MAPK1	9606.ENSP00000451828	9606.ENSP00000215832	0	0	0	0.593	0.118	0.110	0.900	0.872	0.988
AKT1	TSC2	9606.ENSP00000451828	9606.ENSP00000219476	0	0	0	0	0.125	0.314	0.900	0.856	0.990
AKT1	TGFB1	9606.ENSP00000451828	9606.ENSP00000221930	0	0	0	0	0.104	0.126	0	0.845	0.868
AKT1	SERPINE1	9606.ENSP00000451828	9606.ENSP00000223095	0	0	0	0	0	0	0	0.608	0.608
AKT1	NFKB1	9606.ENSP00000451828	9606.ENSP00000226574	0	0	0	0	0.087	0.095	0	0.885	0.896
AKT1	CCND1	9606.ENSP00000451828	9606.ENSP00000227507	0	0	0	0	0.088	0	0	0.919	0.923
AKT1	CDKN1B	9606.ENSP00000451828	9606.ENSP00000228872	0	0	0	0	0.121	0.797	0.900	0.842	0.996
AKT1	MAPK14	9606.ENSP00000451828	9606.ENSP00000229795	0	0	0.119	0.621	0.246	0.739	0.900	0.535	0.990
AKT1	TGFB3	9606.ENSP00000451828	9606.ENSP00000238682	0	0	0	0	0.051	0.126	0	0.480	0.531
AKT1	RRAS	9606.ENSP00000451828	9606.ENSP00000246792	0	0	0	0	0.099	0.110	0	0.726	0.761
AKT1	KDM6B	9606.ENSP00000451828	9606.ENSP00000254846	0	0	0	0	0.066	0.106	0	0.361	0.420
AKT1	CCNA1	9606.ENSP00000451828	9606.ENSP00000255465	0	0	0	0	0.051	0.046	0	0.666	0.671
AKT1	RRAS2	9606.ENSP00000451828	9606.ENSP00000256196	0	0	0	0	0.074	0.110	0	0.339	0.409
AKT1	CCNB1	9606.ENSP00000451828	9606.ENSP00000256442	0	0	0	0	0.044	0.098	0	0.682	0.702
AKT1	CDK4	9606.ENSP00000451828	9606.ENSP00000257904	0	0	0.112	0.601	0.068	0.231	0	0.572	0.691
AKT1	MDM2	9606.ENSP00000451828	9606.ENSP00000258149	0	0	0	0	0	0.891	0.900	0.980	0.999
AKT1	LMNB1	9606.ENSP00000451828	9606.ENSP00000261366	0	0	0	0	0.067	0.110	0	0.737	0.763
AKT1	RBL2	9606.ENSP00000451828	9606.ENSP00000262133	0	0	0	0	0	0.045	0	0.564	0.566
AKT1	SMAD2	9606.ENSP00000451828	9606.ENSP00000262160	0	0	0	0	0.069	0.450	0	0.853	0.918
AKT1	RHEB	9606.ENSP00000451828	9606.ENSP00000262187	0	0	0	0	0.090	0.110	0.400	0.904	0.947
AKT1	CCNE1	9606.ENSP00000451828	9606.ENSP00000262643	0	0	0	0	0	0.198	0	0.601	0.667
AKT1	CDKN2C	9606.ENSP00000451828	9606.ENSP00000262662	0	0	0	0	0.067	0.218	0	0.353	0.487
AKT1	E2F3	9606.ENSP00000451828	9606.ENSP00000262904	0	0	0	0	0.062	0.057	0	0.507	0.526
AKT1	MAP2K2	9606.ENSP00000451828	9606.ENSP00000262948	0	0	0	0.630	0.157	0.161	0	0.471	0.593
AKT1	MAPK3	9606.ENSP00000451828	9606.ENSP00000263025	0	0	0	0.587	0.266	0.110	0.900	0.432	0.957
AKT1	IL1A	9606.ENSP00000451828	9606.ENSP00000263339	0	0	0	0	0	0	0	0.666	0.666
AKT1	PIK3CA	9606.ENSP00000451828	9606.ENSP00000263967	0	0	0	0	0.060	0.738	0.900	0.951	0.998
AKT1	UBE2S	9606.ENSP00000451828	9606.ENSP00000264552	0	0	0	0	0.117	0.326	0	0.353	0.582
AKT1	STAT3	9606.ENSP00000451828	9606.ENSP00000264657	0	0	0	0	0.118	0.096	0.500	0.925	0.966
AKT1	CDK6	9606.ENSP00000451828	9606.ENSP00000265734	0	0	0	0.603	0.042	0.228	0	0.307	0.443
AKT1	CDK2	9606.ENSP00000451828	9606.ENSP00000266970	0	0	0	0.651	0.060	0.098	0	0.542	0.577
AKT1	RB1	9606.ENSP00000451828	9606.ENSP00000267163	0	0	0	0	0.060	0.045	0	0.576	0.586
AKT1	TP53	9606.ENSP00000451828	9606.ENSP00000269305	0	0	0	0	0.049	0.184	0.900	0.934	0.994
AKT1	RPS27A	9606.ENSP00000451828	9606.ENSP00000272317	0	0	0	0	0.049	0.456	0	0.219	0.561
AKT1	CDKN2B	9606.ENSP00000451828	9606.ENSP00000276925	0	0	0	0	0	0.226	0	0.480	0.580
AKT1	ATM	9606.ENSP00000451828	9606.ENSP00000278616	0	0	0	0	0.042	0	0	0.742	0.742
AKT1	TSC1	9606.ENSP00000451828	9606.ENSP00000298552	0	0	0	0	0.049	0.477	0.900	0.736	0.985
AKT1	TERF2IP	9606.ENSP00000451828	9606.ENSP00000300086	0	0	0	0	0.049	0.323	0	0.161	0.413
AKT1	MAP2K1	9606.ENSP00000451828	9606.ENSP00000302486	0	0	0.100	0.632	0.060	0.161	0	0.366	0.490
AKT1	CDC25A	9606.ENSP00000451828	9606.ENSP00000303706	0	0	0	0	0	0.088	0	0.510	0.534
AKT1	CEBPB	9606.ENSP00000451828	9606.ENSP00000305422	0	0	0	0	0.111	0.053	0	0.586	0.622
AKT1	FOS	9606.ENSP00000451828	9606.ENSP00000306245	0	0	0	0	0.069	0.096	0	0.722	0.746
AKT1	CXCL8	9606.ENSP00000451828	9606.ENSP00000306512	0	0	0	0	0	0	0	0.720	0.720
AKT1	SUZ12	9606.ENSP00000451828	9606.ENSP00000316578	0	0	0	0	0.049	0	0	0.582	0.585
AKT1	EZH2	9606.ENSP00000451828	9606.ENSP00000320147	0	0	0	0	0.062	0.318	0	0.809	0.867
AKT1	PPP1CA	9606.ENSP00000451828	9606.ENSP00000326031	0	0.001	0	0	0.126	0.644	0	0.659	0.884
AKT1	SP1	9606.ENSP00000451828	9606.ENSP00000329357	0	0	0	0	0.067	0.314	0	0.544	0.682
AKT1	MAPK11	9606.ENSP00000451828	9606.ENSP00000333685	0	0	0.125	0.596	0.087	0.110	0.900	0.286	0.940
AKT1	ZFP36L1	9606.ENSP00000451828	9606.ENSP00000337386	0	0	0	0	0	0.303	0.750	0.205	0.849
AKT1	FOXO3	9606.ENSP00000451828	9606.ENSP00000339527	0	0	0	0	0.103	0.853	0.900	0.928	0.998
AKT1	EIF4EBP1	9606.ENSP00000451828	9606.ENSP00000340691	0	0	0	0	0.043	0.387	0	0.883	0.925
AKT1	PPP1CC	9606.ENSP00000451828	9606.ENSP00000341779	0	0.001	0	0	0.060	0.209	0	0.305	0.438
AKT1	FOXM1	9606.ENSP00000451828	9606.ENSP00000342307	0	0	0	0	0.068	0.094	0	0.587	0.621
AKT1	ATR	9606.ENSP00000451828	9606.ENSP00000343741	0	0	0	0	0.044	0.075	0	0.400	0.423
AKT1	MAP2K3	9606.ENSP00000451828	9606.ENSP00000345083	0	0	0	0.631	0.091	0.177	0	0.830	0.862
AKT1	E2F1	9606.ENSP00000451828	9606.ENSP00000345571	0	0	0	0	0.094	0.057	0	0.782	0.797
AKT1	MINK1	9606.ENSP00000451828	9606.ENSP00000347427	0	0	0	0.599	0.083	0.071	0	0.482	0.520
AKT1	UBE2C	9606.ENSP00000451828	9606.ENSP00000348838	0	0	0	0	0.101	0.088	0	0.327	0.401
AKT1	TGFBR2	9606.ENSP00000451828	9606.ENSP00000351905	0	0	0	0.562	0.114	0	0	0.534	0.570
AKT1	MAP3K5	9606.ENSP00000451828	9606.ENSP00000351908	0	0	0	0.601	0.049	0.314	0.900	0.803	0.985
AKT1	ETS2	9606.ENSP00000451828	9606.ENSP00000353344	0	0	0	0	0.092	0.052	0	0.372	0.412
AKT1	MTOR	9606.ENSP00000451828	9606.ENSP00000354558	0	0	0	0	0.060	0.925	0.900	0.954	0.999
AKT1	E2F2	9606.ENSP00000451828	9606.ENSP00000355249	0	0	0	0	0.060	0.057	0	0.451	0.471
AKT1	H3-4	9606.ENSP00000451828	9606.ENSP00000355657	0	0	0	0	0	0.095	0	0.778	0.790
AKT1	TGFB2	9606.ENSP00000451828	9606.ENSP00000355896	0	0	0	0	0.051	0.126	0	0.662	0.695
AKT1	MAPKAPK2	9606.ENSP00000451828	9606.ENSP00000356070	0	0	0	0.649	0.421	0.682	0	0.652	0.930
AKT1	MDM4	9606.ENSP00000451828	9606.ENSP00000356150	0	0	0	0	0	0.050	0	0.460	0.465
AKT1	H2BC21	9606.ENSP00000451828	9606.ENSP00000358151	0	0	0	0	0	0.294	0	0.418	0.572
AKT1	BTRC	9606.ENSP00000451828	9606.ENSP00000359206	0	0	0	0	0.092	0.239	0	0.565	0.674
AKT1	GADD45A	9606.ENSP00000451828	9606.ENSP00000360025	0	0	0	0	0	0	0	0.479	0.479
AKT1	JUN	9606.ENSP00000451828	9606.ENSP00000360266	0	0	0	0	0.049	0.085	0.900	0.915	0.991
AKT1	PTEN	9606.ENSP00000451828	9606.ENSP00000361021	0	0	0	0	0	0.648	0	0.967	0.988
AKT1	TXN	9606.ENSP00000451828	9606.ENSP00000363641	0	0	0	0	0.047	0.138	0	0.737	0.765
AKT1	ID1	9606.ENSP00000451828	9606.ENSP00000365280	0	0	0	0	0	0	0	0.445	0.445
AKT1	BMI1	9606.ENSP00000451828	9606.ENSP00000365851	0	0	0	0	0.049	0	0	0.589	0.593
AKT1	PIK3CD	9606.ENSP00000451828	9606.ENSP00000366563	0	0	0	0	0.042	0.098	0.900	0.757	0.976
AKT1	FOXO1	9606.ENSP00000451828	9606.ENSP00000368880	0	0	0	0	0	0.881	0.900	0.940	0.999
AKT1	IFNB1	9606.ENSP00000451828	9606.ENSP00000369581	0	0	0	0	0	0	0	0.713	0.713
AKT1	IGFBP3	9606.ENSP00000451828	9606.ENSP00000370473	0	0	0	0	0	0	0	0.615	0.615
AKT1	CHEK2	9606.ENSP00000451828	9606.ENSP00000372023	0	0	0	0.634	0.067	0.076	0	0.524	0.554
AKT1	SQSTM1	9606.ENSP00000451828	9606.ENSP00000374455	0	0	0	0	0.044	0.099	0	0.649	0.672
AKT1	AKT2	9606.ENSP00000451828	9606.ENSP00000375892	0	0	0.050	0.981	0.131	0.787	0.900	0.569	0.991
AKT1	ETS1	9606.ENSP00000451828	9606.ENSP00000376436	0	0	0	0	0.087	0.052	0	0.509	0.538
AKT1	VDAC1	9606.ENSP00000451828	9606.ENSP00000378487	0	0	0	0	0.067	0.050	0	0.522	0.540
AKT1	FZR1	9606.ENSP00000451828	9606.ENSP00000378529	0	0	0	0	0.128	0.213	0	0.199	0.403
AKT1	CDK1	9606.ENSP00000451828	9606.ENSP00000378699	0	0	0	0.635	0.042	0.098	0	0.534	0.562
AKT1	PPP1CB	9606.ENSP00000451828	9606.ENSP00000378769	0	0.001	0	0	0.049	0.328	0	0.329	0.534
AKT1	MAPK8	9606.ENSP00000451828	9606.ENSP00000378974	0	0	0	0.576	0.053	0.326	0	0.576	0.706
AKT1	EHMT2	9606.ENSP00000451828	9606.ENSP00000379078	0	0	0	0	0.065	0.077	0	0.367	0.406
AKT1	MAP2K7	9606.ENSP00000451828	9606.ENSP00000381070	0	0	0	0.602	0.074	0.091	0	0.657	0.686
AKT1	RELA	9606.ENSP00000451828	9606.ENSP00000384273	0	0	0	0	0.063	0.098	0	0.761	0.780
AKT1	CDKN1A	9606.ENSP00000451828	9606.ENSP00000384849	0	0	0	0	0	0.776	0.900	0.833	0.995
AKT1	IL6	9606.ENSP00000451828	9606.ENSP00000385675	0	0	0	0	0	0	0	0.872	0.872
AKT1	CHEK1	9606.ENSP00000451828	9606.ENSP00000391090	0	0	0	0.570	0	0.200	0	0.285	0.404
AKT1	MAPK9	9606.ENSP00000451828	9606.ENSP00000394560	0	0	0	0.579	0.082	0.326	0	0.268	0.508
AKT1	RAF1	9606.ENSP00000451828	9606.ENSP00000401888	0	0	0.145	0.583	0.075	0.816	0.900	0.557	0.992
AKT1	TRPV4	9606.ENSP00000451828	9606.ENSP00000406191	0	0	0	0	0.044	0.071	0	0.401	0.421
AKT1	MAP2K4	9606.ENSP00000451828	9606.ENSP00000410402	0	0	0	0.593	0.103	0.542	0.900	0.257	0.965
AKT1	CDKN2A	9606.ENSP00000451828	9606.ENSP00000418915	0	0	0	0	0.042	0.229	0	0.834	0.866
AKT1	CCNE2	9606.ENSP00000451828	9606.ENSP00000429089	0	0	0	0	0	0.074	0	0.428	0.448
AKT1	CAPN1	9606.ENSP00000451828	9606.ENSP00000431984	0	0	0	0	0.113	0.304	0	0.399	0.597
AKT1	H2AX	9606.ENSP00000451828	9606.ENSP00000434024	0	0	0	0	0.067	0.050	0	0.528	0.545
AKT1	GATA4	9606.ENSP00000451828	9606.ENSP00000435712	0	0	0	0	0	0.093	0	0.518	0.544
AKT1	HMGA2	9606.ENSP00000451828	9606.ENSP00000437621	0	0	0	0	0	0.052	0	0.480	0.485
AKT1	UBC	9606.ENSP00000451828	9606.ENSP00000441543	0	0	0	0	0.067	0.238	0	0.279	0.444
AKT1	H2BC3	9606.ENSP00000451828	9606.ENSP00000482674	0	0	0	0	0	0.294	0	0.290	0.478
AKT1	RASSF5	9606.ENSP00000451828	9606.ENSP00000462099	0	0	0	0	0	0	0	0.554	0.554
AKT1	CCNA2	9606.ENSP00000451828	9606.ENSP00000481380	0	0	0	0	0.051	0.295	0	0.685	0.771
AKT1	MYC	9606.ENSP00000451828	9606.ENSP00000478887	0	0	0	0	0	0.169	0	0.918	0.928
AKT1	AKT3	9606.ENSP00000451828	9606.ENSP00000500582	0	0	0.050	0.981	0	0.592	0.900	0.057	0.958
AKT1	PIK3CB	9606.ENSP00000451828	9606.ENSP00000501150	0	0	0	0	0.049	0.334	0.900	0.901	0.992
AKT2	SIRT1	9606.ENSP00000375892	9606.ENSP00000212015	0	0	0	0	0	0.042	0	0.526	0.526
AKT2	MAPK1	9606.ENSP00000375892	9606.ENSP00000215832	0	0	0	0.592	0.083	0.110	0.900	0.240	0.929
AKT2	TSC2	9606.ENSP00000375892	9606.ENSP00000219476	0	0	0	0	0.108	0.072	0.900	0.676	0.969
AKT2	TGFB1	9606.ENSP00000375892	9606.ENSP00000221930	0	0	0	0	0.099	0.126	0	0.344	0.439
AKT2	NFKB1	9606.ENSP00000375892	9606.ENSP00000226574	0	0	0	0	0.081	0.095	0	0.425	0.480
AKT2	CCND1	9606.ENSP00000375892	9606.ENSP00000227507	0	0	0	0	0.081	0	0	0.705	0.717
AKT2	CDKN1B	9606.ENSP00000375892	9606.ENSP00000228872	0	0	0	0	0	0.047	0.900	0.577	0.956
AKT2	MAPK14	9606.ENSP00000375892	9606.ENSP00000229795	0	0	0.118	0.630	0.089	0.110	0.900	0.194	0.932
AKT2	MDM2	9606.ENSP00000375892	9606.ENSP00000258149	0	0	0	0	0.049	0.050	0.900	0.491	0.947
AKT2	LMNB1	9606.ENSP00000375892	9606.ENSP00000261366	0	0	0	0	0.042	0.110	0	0.459	0.499
AKT2	SMAD2	9606.ENSP00000375892	9606.ENSP00000262160	0	0	0	0	0.126	0.091	0	0.350	0.438
AKT2	RHEB	9606.ENSP00000375892	9606.ENSP00000262187	0	0	0	0	0.081	0.110	0	0.617	0.659
AKT2	CCNE1	9606.ENSP00000375892	9606.ENSP00000262643	0	0	0	0	0	0.074	0	0.385	0.406
AKT2	MAPK3	9606.ENSP00000375892	9606.ENSP00000263025	0	0	0	0.587	0.062	0.110	0.900	0.604	0.962
AKT2	PIK3CA	9606.ENSP00000375892	9606.ENSP00000263967	0	0	0	0	0.042	0.098	0.900	0.841	0.984
AKT2	STAT3	9606.ENSP00000375892	9606.ENSP00000264657	0	0	0	0	0.145	0.096	0	0.460	0.546
AKT2	TP53	9606.ENSP00000375892	9606.ENSP00000269305	0	0	0	0	0.072	0	0.900	0.734	0.973
AKT2	ATM	9606.ENSP00000375892	9606.ENSP00000278616	0	0	0	0	0.060	0	0	0.443	0.454
AKT2	TSC1	9606.ENSP00000375892	9606.ENSP00000298552	0	0	0	0	0.054	0.136	0.900	0.462	0.950
AKT2	MAPK11	9606.ENSP00000375892	9606.ENSP00000333685	0	0	0.125	0.607	0.053	0.110	0.900	0.167	0.927
AKT2	FOXO3	9606.ENSP00000375892	9606.ENSP00000339527	0	0	0	0	0.049	0.312	0.900	0.740	0.980
AKT2	EIF4EBP1	9606.ENSP00000375892	9606.ENSP00000340691	0	0	0	0	0	0.471	0	0.435	0.688
AKT2	PPP1CC	9606.ENSP00000375892	9606.ENSP00000341779	0	0.001	0	0	0.049	0.091	0	0.426	0.460
AKT2	MAP2K3	9606.ENSP00000375892	9606.ENSP00000345083	0	0	0	0.639	0.081	0	0	0.420	0.445
AKT2	MAP3K5	9606.ENSP00000375892	9606.ENSP00000351908	0	0	0	0.610	0	0.071	0.900	0.448	0.944
AKT2	MTOR	9606.ENSP00000375892	9606.ENSP00000354558	0	0	0	0	0.060	0.073	0.900	0.668	0.967
AKT2	JUN	9606.ENSP00000375892	9606.ENSP00000360266	0	0	0	0	0	0.085	0.900	0.677	0.967
AKT2	PTEN	9606.ENSP00000375892	9606.ENSP00000361021	0	0	0	0	0	0.287	0	0.767	0.826
AKT2	PIK3CD	9606.ENSP00000375892	9606.ENSP00000366563	0	0	0	0	0.042	0.286	0.900	0.520	0.962
AKT2	FOXO1	9606.ENSP00000375892	9606.ENSP00000368880	0	0	0	0	0	0.312	0.900	0.816	0.986
AKT2	IL6	9606.ENSP00000375892	9606.ENSP00000385675	0	0	0	0	0	0	0	0.406	0.406
AKT2	CDKN2A	9606.ENSP00000375892	9606.ENSP00000418915	0	0	0	0	0.042	0.095	0	0.433	0.465
AKT2	MAPK8	9606.ENSP00000375892	9606.ENSP00000378974	0	0	0	0.579	0.060	0.088	0	0.493	0.527
AKT2	CCNA2	9606.ENSP00000375892	9606.ENSP00000481380	0	0	0	0	0.051	0.295	0	0.349	0.527
AKT2	MAPK9	9606.ENSP00000375892	9606.ENSP00000394560	0	0	0.107	0.583	0.049	0.088	0	0.478	0.541
AKT2	MYC	9606.ENSP00000375892	9606.ENSP00000478887	0	0	0	0	0	0.045	0	0.693	0.694
AKT2	MAP2K4	9606.ENSP00000375892	9606.ENSP00000410402	0	0	0	0.594	0.049	0.105	0.900	0.159	0.918
AKT2	RAF1	9606.ENSP00000375892	9606.ENSP00000401888	0	0	0.135	0.586	0.074	0.045	0.900	0.159	0.923
AKT2	CDKN1A	9606.ENSP00000375892	9606.ENSP00000384849	0	0	0	0	0	0.296	0.900	0.415	0.955
AKT2	AKT3	9606.ENSP00000375892	9606.ENSP00000500582	0	0	0.051	0.979	0	0.162	0.900	0.617	0.965
AKT2	PIK3CB	9606.ENSP00000375892	9606.ENSP00000501150	0	0	0	0	0.048	0.276	0.900	0.783	0.983
AKT3	SIRT1	9606.ENSP00000500582	9606.ENSP00000212015	0	0	0	0	0	0.042	0	0.434	0.435
AKT3	MAPK1	9606.ENSP00000500582	9606.ENSP00000215832	0	0	0	0.601	0.085	0.110	0.900	0.218	0.927
AKT3	TSC2	9606.ENSP00000500582	9606.ENSP00000219476	0	0	0	0	0	0.072	0.900	0.685	0.968
AKT3	NFKB1	9606.ENSP00000500582	9606.ENSP00000226574	0	0	0	0	0.083	0.095	0	0.360	0.423
AKT3	CCND1	9606.ENSP00000500582	9606.ENSP00000227507	0	0	0	0	0.081	0	0	0.537	0.557
AKT3	CDKN1B	9606.ENSP00000500582	9606.ENSP00000228872	0	0	0	0	0	0.047	0.900	0.614	0.960
AKT3	MAPK14	9606.ENSP00000500582	9606.ENSP00000229795	0	0	0.115	0.632	0.048	0.110	0.900	0.162	0.925
AKT3	MDM2	9606.ENSP00000500582	9606.ENSP00000258149	0	0	0	0	0	0.050	0.900	0.675	0.966
AKT3	RHEB	9606.ENSP00000500582	9606.ENSP00000262187	0	0	0	0	0.074	0.110	0	0.511	0.562
AKT3	MAPK3	9606.ENSP00000500582	9606.ENSP00000263025	0	0	0	0.595	0.099	0.110	0.900	0.215	0.928
AKT3	PIK3CA	9606.ENSP00000500582	9606.ENSP00000263967	0	0	0	0	0.075	0.098	0.900	0.838	0.984
AKT3	STAT3	9606.ENSP00000500582	9606.ENSP00000264657	0	0	0	0	0.104	0.096	0	0.421	0.490
AKT3	TP53	9606.ENSP00000500582	9606.ENSP00000269305	0	0	0	0	0	0	0.900	0.555	0.953
AKT3	ATM	9606.ENSP00000500582	9606.ENSP00000278616	0	0	0	0	0.078	0	0	0.401	0.424
AKT3	TSC1	9606.ENSP00000500582	9606.ENSP00000298552	0	0	0	0	0	0.136	0.900	0.496	0.952
AKT3	MAPK11	9606.ENSP00000500582	9606.ENSP00000333685	0	0	0.119	0.619	0.048	0.110	0.900	0.150	0.925
AKT3	FOXO3	9606.ENSP00000500582	9606.ENSP00000339527	0	0	0	0	0	0.312	0.900	0.546	0.966
AKT3	EIF4EBP1	9606.ENSP00000500582	9606.ENSP00000340691	0	0	0	0	0	0.232	0	0.393	0.513
AKT3	MAP3K5	9606.ENSP00000500582	9606.ENSP00000351908	0	0	0	0.614	0	0.071	0.900	0.128	0.911
AKT3	MTOR	9606.ENSP00000500582	9606.ENSP00000354558	0	0	0	0	0	0.073	0.900	0.609	0.960
AKT3	JUN	9606.ENSP00000500582	9606.ENSP00000360266	0	0	0	0	0	0.085	0.900	0.407	0.941
AKT3	PTEN	9606.ENSP00000500582	9606.ENSP00000361021	0	0	0	0	0	0.287	0	0.765	0.825
AKT3	PIK3CD	9606.ENSP00000500582	9606.ENSP00000366563	0	0	0	0	0	0.098	0.900	0.494	0.950
AKT3	FOXO1	9606.ENSP00000500582	9606.ENSP00000368880	0	0	0	0	0	0.312	0.900	0.546	0.966
AKT3	CDKN1A	9606.ENSP00000500582	9606.ENSP00000384849	0	0	0	0	0	0.047	0.900	0.520	0.950
AKT3	RAF1	9606.ENSP00000500582	9606.ENSP00000401888	0	0	0.141	0.590	0	0.045	0.900	0.169	0.922
AKT3	MAP2K4	9606.ENSP00000500582	9606.ENSP00000410402	0	0	0	0.596	0	0.105	0.900	0.180	0.920
AKT3	CDKN2A	9606.ENSP00000500582	9606.ENSP00000418915	0	0	0	0	0	0.095	0	0.419	0.451
AKT3	MYC	9606.ENSP00000500582	9606.ENSP00000478887	0	0	0	0	0	0.045	0	0.477	0.479
AKT3	CCNA2	9606.ENSP00000500582	9606.ENSP00000481380	0	0	0	0	0.051	0.295	0	0.277	0.474
AKT3	PIK3CB	9606.ENSP00000500582	9606.ENSP00000501150	0	0	0	0	0	0.098	0.900	0.636	0.964
ANAPC1	NFKB1	9606.ENSP00000339109	9606.ENSP00000226574	0	0	0	0	0.056	0.055	0.500	0.101	0.545
ANAPC1	CDKN1B	9606.ENSP00000339109	9606.ENSP00000228872	0	0	0	0	0	0	0.400	0.151	0.468
ANAPC1	CCNA1	9606.ENSP00000339109	9606.ENSP00000255465	0	0	0	0	0	0.075	0.500	0.295	0.645
ANAPC1	CCNB1	9606.ENSP00000339109	9606.ENSP00000256442	0	0	0	0	0.137	0	0.900	0.286	0.933
ANAPC1	PHC2	9606.ENSP00000339109	9606.ENSP00000257118	0	0	0	0	0	0	0.900	0	0.900
ANAPC1	CDK4	9606.ENSP00000339109	9606.ENSP00000257904	0	0	0	0	0.066	0.429	0	0.168	0.517
ANAPC1	ANAPC5	9606.ENSP00000339109	9606.ENSP00000261819	0	0	0	0	0.185	0.999	0.900	0.944	0.999
ANAPC1	CCNE1	9606.ENSP00000339109	9606.ENSP00000262643	0	0	0	0	0.119	0	0.650	0.147	0.714
ANAPC1	UBE2S	9606.ENSP00000339109	9606.ENSP00000264552	0	0	0	0	0.059	0.865	0.900	0.224	0.988
ANAPC1	CDK6	9606.ENSP00000339109	9606.ENSP00000265734	0	0	0	0	0.072	0.429	0	0.212	0.546
ANAPC1	CDK2	9606.ENSP00000339109	9606.ENSP00000266970	0	0	0	0	0.067	0.429	0.650	0.259	0.843
ANAPC1	RB1	9606.ENSP00000339109	9606.ENSP00000267163	0	0	0	0	0.094	0	0.500	0.067	0.540
ANAPC1	CBX8	9606.ENSP00000339109	9606.ENSP00000269385	0	0	0	0	0	0	0.900	0	0.900
ANAPC1	CBX4	9606.ENSP00000339109	9606.ENSP00000269397	0	0	0	0	0	0	0.900	0	0.900
ANAPC1	RPS27A	9606.ENSP00000339109	9606.ENSP00000272317	0	0	0	0	0.044	0	0.500	0.046	0.504
ANAPC1	CCNB2	9606.ENSP00000339109	9606.ENSP00000288207	0	0	0	0	0.137	0	0.900	0.503	0.953
ANAPC1	UBE2E1	9606.ENSP00000339109	9606.ENSP00000303709	0	0	0	0	0.049	0.131	0.800	0.181	0.846
ANAPC1	CEBPB	9606.ENSP00000339109	9606.ENSP00000305422	0	0	0	0	0	0	0.500	0	0.499
ANAPC1	CXCL8	9606.ENSP00000339109	9606.ENSP00000306512	0	0	0	0	0	0	0.400	0	0.400
ANAPC1	CBX2	9606.ENSP00000339109	9606.ENSP00000308750	0	0	0	0	0.068	0	0.900	0	0.902
ANAPC1	ANAPC2	9606.ENSP00000339109	9606.ENSP00000314004	0	0	0	0	0.067	0.999	0.900	0.872	0.999
ANAPC1	PPP1CA	9606.ENSP00000339109	9606.ENSP00000326031	0	0	0	0	0.054	0.263	0	0.251	0.432
ANAPC1	IL6	9606.ENSP00000339109	9606.ENSP00000385675	0	0	0	0	0	0	0.400	0	0.400
ANAPC1	FOXM1	9606.ENSP00000339109	9606.ENSP00000342307	0	0	0	0	0.067	0	0	0.388	0.404
ANAPC1	CDKN1A	9606.ENSP00000339109	9606.ENSP00000384849	0	0	0	0	0	0	0.400	0.143	0.463
ANAPC1	PPP1CB	9606.ENSP00000339109	9606.ENSP00000378769	0	0	0	0	0.042	0.263	0	0.311	0.471
ANAPC1	PPP1CC	9606.ENSP00000339109	9606.ENSP00000341779	0	0	0	0	0.085	0.263	0	0.316	0.498
ANAPC1	UBA52	9606.ENSP00000339109	9606.ENSP00000388107	0	0	0	0	0.042	0	0.500	0.052	0.506
ANAPC1	EHMT2	9606.ENSP00000339109	9606.ENSP00000379078	0	0	0	0	0.064	0	0.500	0	0.512
ANAPC1	EHMT1	9606.ENSP00000339109	9606.ENSP00000417980	0	0	0	0	0.077	0	0.500	0	0.519
ANAPC1	RELA	9606.ENSP00000339109	9606.ENSP00000384273	0	0	0	0	0.082	0	0.500	0	0.521
ANAPC1	CCNB3	9606.ENSP00000339109	9606.ENSP00000365210	0	0	0	0	0.096	0	0.650	0.091	0.687
ANAPC1	CCNE2	9606.ENSP00000339109	9606.ENSP00000429089	0	0	0	0	0.120	0	0.650	0.192	0.729
ANAPC1	UBE2D1	9606.ENSP00000339109	9606.ENSP00000363019	0	0	0	0	0.064	0.131	0.800	0.154	0.844
ANAPC1	UBC	9606.ENSP00000339109	9606.ENSP00000441543	0	0	0	0	0	0.800	0.500	0.046	0.896
ANAPC1	UBB	9606.ENSP00000339109	9606.ENSP00000478771	0	0	0	0	0	0.800	0.500	0.046	0.896
ANAPC1	PHC3	9606.ENSP00000339109	9606.ENSP00000420294	0	0	0	0	0.044	0	0.900	0	0.900
ANAPC1	RNF2	9606.ENSP00000339109	9606.ENSP00000356480	0	0	0	0	0.049	0	0.900	0	0.900
ANAPC1	BMI1	9606.ENSP00000339109	9606.ENSP00000365851	0	0	0	0	0.055	0	0.900	0	0.901
ANAPC1	RING1	9606.ENSP00000339109	9606.ENSP00000363787	0	0	0	0	0.058	0	0.900	0	0.901
ANAPC1	PHC1	9606.ENSP00000339109	9606.ENSP00000437659	0	0	0	0	0.062	0	0.900	0	0.902
ANAPC1	CDK1	9606.ENSP00000339109	9606.ENSP00000378699	0	0	0	0	0.083	0.429	0.650	0.693	0.936
ANAPC1	CCNA2	9606.ENSP00000339109	9606.ENSP00000481380	0	0	0	0	0.083	0.807	0.500	0.394	0.939
ANAPC1	UBE2C	9606.ENSP00000339109	9606.ENSP00000348838	0	0	0	0	0.063	0.818	0.900	0.283	0.986
ANAPC1	ANAPC15	9606.ENSP00000339109	9606.ENSP00000437360	0	0	0	0	0	0.927	0.900	0.350	0.994
ANAPC1	FZR1	9606.ENSP00000339109	9606.ENSP00000378529	0	0	0	0	0.049	0.988	0.800	0.430	0.998
ANAPC1	ANAPC10	9606.ENSP00000339109	9606.ENSP00000478501	0	0	0	0	0.108	0.999	0.900	0.851	0.999
ANAPC1	ANAPC7	9606.ENSP00000339109	9606.ENSP00000394394	0	0	0	0	0.221	0.981	0.900	0.746	0.999
ANAPC1	CDC27	9606.ENSP00000339109	9606.ENSP00000434614	0	0	0	0	0.142	0.999	0.900	0.919	0.999
ANAPC1	CDC26	9606.ENSP00000339109	9606.ENSP00000363322	0	0	0	0	0	0.989	0.900	0.586	0.999
ANAPC1	CDC23	9606.ENSP00000339109	9606.ENSP00000378350	0	0	0	0	0.179	0.997	0.900	0.856	0.999
ANAPC1	ANAPC16	9606.ENSP00000339109	9606.ENSP00000477760	0	0	0	0	0	0.990	0.900	0.522	0.999
ANAPC1	ANAPC4	9606.ENSP00000339109	9606.ENSP00000426654	0	0	0	0	0.118	0.999	0.900	0.923	0.999
ANAPC1	CDC16	9606.ENSP00000339109	9606.ENSP00000348554	0	0	0	0	0.212	0.997	0.900	0.937	0.999
ANAPC1	ANAPC11	9606.ENSP00000339109	9606.ENSP00000349957	0	0	0	0	0	0.966	0.900	0.773	0.999
ANAPC10	NFKB1	9606.ENSP00000478501	9606.ENSP00000226574	0	0	0	0	0.132	0.053	0.500	0	0.553
ANAPC10	CDKN1B	9606.ENSP00000478501	9606.ENSP00000228872	0	0	0	0	0.105	0	0.400	0.155	0.507
ANAPC10	CCNA1	9606.ENSP00000478501	9606.ENSP00000255465	0	0	0	0	0	0	0.500	0.434	0.705
ANAPC10	CCNB1	9606.ENSP00000478501	9606.ENSP00000256442	0	0	0	0	0.108	0.994	0.900	0.660	0.999
ANAPC10	PHC2	9606.ENSP00000478501	9606.ENSP00000257118	0	0	0	0	0	0	0.900	0	0.900
ANAPC10	ANAPC5	9606.ENSP00000478501	9606.ENSP00000261819	0	0	0	0	0.208	0.999	0.900	0.977	0.999
ANAPC10	CCNE1	9606.ENSP00000478501	9606.ENSP00000262643	0	0	0	0	0.042	0	0.650	0	0.650
ANAPC10	UBE2S	9606.ENSP00000478501	9606.ENSP00000264552	0	0	0	0	0.062	0.823	0.900	0.805	0.996
ANAPC10	CDK2	9606.ENSP00000478501	9606.ENSP00000266970	0	0	0	0	0.130	0.108	0.650	0.296	0.783
ANAPC10	RB1	9606.ENSP00000478501	9606.ENSP00000267163	0	0	0	0	0.047	0	0.500	0.124	0.546
ANAPC10	CBX8	9606.ENSP00000478501	9606.ENSP00000269385	0	0	0	0	0	0	0.900	0	0.900
ANAPC10	CBX4	9606.ENSP00000478501	9606.ENSP00000269397	0	0	0	0	0	0	0.900	0	0.900
ANAPC10	RPS27A	9606.ENSP00000478501	9606.ENSP00000272317	0	0	0	0	0.079	0	0.500	0.091	0.545
ANAPC10	CCNB2	9606.ENSP00000478501	9606.ENSP00000288207	0	0	0	0	0.095	0.126	0.900	0.188	0.927
ANAPC10	CDC25A	9606.ENSP00000478501	9606.ENSP00000303706	0	0	0	0	0.062	0	0	0.434	0.447
ANAPC10	UBE2E1	9606.ENSP00000478501	9606.ENSP00000303709	0	0	0	0	0.135	0.153	0.800	0.175	0.863
ANAPC10	CEBPB	9606.ENSP00000478501	9606.ENSP00000305422	0	0	0	0	0.099	0	0.500	0.083	0.550
ANAPC10	CXCL8	9606.ENSP00000478501	9606.ENSP00000306512	0	0	0	0	0.061	0	0.400	0	0.413
ANAPC10	CBX2	9606.ENSP00000478501	9606.ENSP00000308750	0	0	0	0	0	0	0.900	0	0.900
ANAPC10	ANAPC2	9606.ENSP00000478501	9606.ENSP00000314004	0	0	0	0	0.076	0.999	0.900	0.808	0.999
ANAPC10	CDC16	9606.ENSP00000478501	9606.ENSP00000348554	0	0	0	0	0.109	0.999	0.900	0.983	0.999
ANAPC10	UBE2C	9606.ENSP00000478501	9606.ENSP00000348838	0	0	0	0	0.064	0.823	0.900	0.631	0.993
ANAPC10	ANAPC11	9606.ENSP00000478501	9606.ENSP00000349957	0	0	0	0	0	0.997	0.900	0.997	0.999
ANAPC10	RNF2	9606.ENSP00000478501	9606.ENSP00000356480	0	0	0	0	0.050	0	0.900	0	0.900
ANAPC10	UBE2D1	9606.ENSP00000478501	9606.ENSP00000363019	0	0	0	0	0.125	0.153	0.800	0.444	0.906
ANAPC10	CDC26	9606.ENSP00000478501	9606.ENSP00000363322	0	0	0	0	0.060	0.998	0.900	0.959	0.999
ANAPC10	RING1	9606.ENSP00000478501	9606.ENSP00000363787	0	0	0	0	0.067	0	0.900	0.097	0.908
ANAPC10	CCNB3	9606.ENSP00000478501	9606.ENSP00000365210	0	0	0	0	0.087	0.126	0.650	0.220	0.753
ANAPC10	BMI1	9606.ENSP00000478501	9606.ENSP00000365851	0	0	0	0	0.056	0	0.900	0	0.901
ANAPC10	CDC23	9606.ENSP00000478501	9606.ENSP00000378350	0	0	0	0	0.181	0.998	0.900	0.993	0.999
ANAPC10	FZR1	9606.ENSP00000478501	9606.ENSP00000378529	0	0	0	0	0	0.940	0.800	0.798	0.997
ANAPC10	CDK1	9606.ENSP00000478501	9606.ENSP00000378699	0	0	0	0	0.146	0.108	0.650	0.769	0.930
ANAPC10	EHMT2	9606.ENSP00000478501	9606.ENSP00000379078	0	0	0	0	0.083	0	0.500	0	0.522
ANAPC10	RELA	9606.ENSP00000478501	9606.ENSP00000384273	0	0	0	0	0.150	0	0.500	0.046	0.559
ANAPC10	CDKN1A	9606.ENSP00000478501	9606.ENSP00000384849	0	0	0	0	0.099	0	0.400	0.122	0.484
ANAPC10	IL6	9606.ENSP00000478501	9606.ENSP00000385675	0	0	0	0	0.088	0	0.400	0	0.429
ANAPC10	UBA52	9606.ENSP00000478501	9606.ENSP00000388107	0	0	0	0	0	0	0.500	0.159	0.561
ANAPC10	ANAPC7	9606.ENSP00000478501	9606.ENSP00000394394	0	0	0	0	0.082	0.999	0.900	0.951	0.999
ANAPC10	EHMT1	9606.ENSP00000478501	9606.ENSP00000417980	0	0	0	0	0.087	0	0.500	0	0.524
ANAPC10	PHC3	9606.ENSP00000478501	9606.ENSP00000420294	0	0	0	0	0	0	0.900	0	0.900
ANAPC10	ANAPC4	9606.ENSP00000478501	9606.ENSP00000426654	0	0	0	0	0.083	0.999	0.900	0.803	0.999
ANAPC10	CCNE2	9606.ENSP00000478501	9606.ENSP00000429089	0	0	0	0	0.049	0	0.650	0.069	0.663
ANAPC10	CDC27	9606.ENSP00000478501	9606.ENSP00000434614	0	0	0	0	0.115	0.999	0.900	0.982	0.999
ANAPC10	ANAPC15	9606.ENSP00000478501	9606.ENSP00000437360	0	0	0	0	0.044	0.998	0.900	0.856	0.999
ANAPC10	PHC1	9606.ENSP00000478501	9606.ENSP00000437659	0	0	0	0	0.103	0	0.900	0	0.906
ANAPC10	UBC	9606.ENSP00000478501	9606.ENSP00000441543	0	0	0	0	0.103	0.800	0.500	0.127	0.911
ANAPC10	ANAPC16	9606.ENSP00000478501	9606.ENSP00000477760	0	0	0	0	0.044	0.998	0.900	0.865	0.999
ANAPC10	UBB	9606.ENSP00000478501	9606.ENSP00000478771	0	0	0	0	0.103	0.800	0.500	0.115	0.909
ANAPC10	CCNA2	9606.ENSP00000478501	9606.ENSP00000481380	0	0	0	0	0.062	0.900	0.500	0.486	0.972
ANAPC11	NFKB1	9606.ENSP00000349957	9606.ENSP00000226574	0	0	0	0	0	0.071	0.500	0.070	0.530
ANAPC11	CDKN1B	9606.ENSP00000349957	9606.ENSP00000228872	0	0	0	0	0	0	0.400	0.124	0.452
ANAPC11	CCNA1	9606.ENSP00000349957	9606.ENSP00000255465	0	0	0	0	0.075	0	0.500	0.297	0.646
ANAPC11	CCNB1	9606.ENSP00000349957	9606.ENSP00000256442	0	0	0	0	0.091	0.292	0.500	0.444	0.797
ANAPC11	PHC2	9606.ENSP00000349957	9606.ENSP00000257118	0	0	0	0	0	0	0.900	0	0.900
ANAPC11	ANAPC5	9606.ENSP00000349957	9606.ENSP00000261819	0	0	0	0	0.056	0.966	0.900	0.979	0.999
ANAPC11	UBE2S	9606.ENSP00000349957	9606.ENSP00000264552	0	0	0	0	0.115	0.971	0.900	0.888	0.999
ANAPC11	CDK2	9606.ENSP00000349957	9606.ENSP00000266970	0	0	0	0	0	0	0.500	0.270	0.619
ANAPC11	RB1	9606.ENSP00000349957	9606.ENSP00000267163	0	0	0	0	0	0	0.500	0.052	0.505
ANAPC11	CBX8	9606.ENSP00000349957	9606.ENSP00000269385	0	0	0	0	0	0	0.900	0	0.900
ANAPC11	CBX4	9606.ENSP00000349957	9606.ENSP00000269397	0	0	0	0	0	0	0.900	0	0.900
ANAPC11	RPS27A	9606.ENSP00000349957	9606.ENSP00000272317	0	0	0	0	0.085	0.150	0.500	0.106	0.605
ANAPC11	UBE2E1	9606.ENSP00000349957	9606.ENSP00000303709	0	0	0	0	0	0.288	0.800	0.152	0.868
ANAPC11	CEBPB	9606.ENSP00000349957	9606.ENSP00000305422	0	0	0	0	0	0	0.500	0.051	0.505
ANAPC11	CXCL8	9606.ENSP00000349957	9606.ENSP00000306512	0	0	0	0	0	0	0.400	0	0.400
ANAPC11	CBX2	9606.ENSP00000349957	9606.ENSP00000308750	0	0	0	0	0.048	0	0.900	0	0.900
ANAPC11	ANAPC2	9606.ENSP00000349957	9606.ENSP00000314004	0	0	0	0	0	0.998	0.900	0.910	0.999
ANAPC11	FOXM1	9606.ENSP00000349957	9606.ENSP00000342307	0	0	0	0	0.044	0	0	0.399	0.400
ANAPC11	CDC16	9606.ENSP00000349957	9606.ENSP00000348554	0	0	0	0	0	0.991	0.900	0.920	0.999
ANAPC11	UBE2C	9606.ENSP00000349957	9606.ENSP00000348838	0	0	0	0	0.125	0.996	0.900	0.795	0.999
ANAPC11	IL6	9606.ENSP00000349957	9606.ENSP00000385675	0	0	0	0	0	0	0.400	0	0.400
ANAPC11	CDKN2A	9606.ENSP00000349957	9606.ENSP00000418915	0	0	0	0	0	0.071	0	0.414	0.432
ANAPC11	CDKN1A	9606.ENSP00000349957	9606.ENSP00000384849	0	0	0	0	0	0	0.400	0.165	0.478
ANAPC11	EHMT2	9606.ENSP00000349957	9606.ENSP00000379078	0	0	0	0	0	0	0.500	0	0.499
ANAPC11	EHMT1	9606.ENSP00000349957	9606.ENSP00000417980	0	0	0	0	0	0	0.500	0	0.499
ANAPC11	UBA52	9606.ENSP00000349957	9606.ENSP00000388107	0	0	0	0	0.131	0	0.500	0.201	0.622
ANAPC11	RELA	9606.ENSP00000349957	9606.ENSP00000384273	0	0	0	0	0	0.292	0.500	0	0.630
ANAPC11	CDK1	9606.ENSP00000349957	9606.ENSP00000378699	0	0	0	0	0.047	0	0.500	0.306	0.640
ANAPC11	CCNA2	9606.ENSP00000349957	9606.ENSP00000481380	0	0	0	0	0.075	0.292	0.500	0.353	0.760
ANAPC11	UBB	9606.ENSP00000349957	9606.ENSP00000478771	0	0	0	0	0.174	0.421	0.500	0.122	0.762
ANAPC11	PHC3	9606.ENSP00000349957	9606.ENSP00000420294	0	0	0	0	0	0	0.900	0	0.900
ANAPC11	PHC1	9606.ENSP00000349957	9606.ENSP00000437659	0	0	0	0	0	0	0.900	0	0.900
ANAPC11	BMI1	9606.ENSP00000349957	9606.ENSP00000365851	0	0	0	0	0	0	0.900	0.057	0.901
ANAPC11	UBC	9606.ENSP00000349957	9606.ENSP00000441543	0	0	0	0	0.168	0.772	0.500	0.125	0.906
ANAPC11	RING1	9606.ENSP00000349957	9606.ENSP00000363787	0	0	0	0	0.042	0	0.900	0.117	0.908
ANAPC11	RNF2	9606.ENSP00000349957	9606.ENSP00000356480	0	0	0	0	0	0	0.900	0.177	0.914
ANAPC11	FZR1	9606.ENSP00000349957	9606.ENSP00000378529	0	0	0	0	0.060	0.641	0.540	0.715	0.949
ANAPC11	ANAPC7	9606.ENSP00000349957	9606.ENSP00000394394	0	0	0	0	0	0.507	0.900	0.731	0.985
ANAPC11	ANAPC15	9606.ENSP00000349957	9606.ENSP00000437360	0	0	0	0	0.060	0.507	0.900	0.834	0.991
ANAPC11	ANAPC16	9606.ENSP00000349957	9606.ENSP00000477760	0	0	0	0	0.049	0.507	0.900	0.842	0.991
ANAPC11	UBE2D1	9606.ENSP00000349957	9606.ENSP00000363019	0	0	0	0	0	0.886	0.800	0.688	0.992
ANAPC11	CDC26	9606.ENSP00000349957	9606.ENSP00000363322	0	0	0	0	0.099	0.507	0.900	0.923	0.996
ANAPC11	ANAPC4	9606.ENSP00000349957	9606.ENSP00000426654	0	0	0	0	0.047	0.998	0.900	0.797	0.999
ANAPC11	CDC23	9606.ENSP00000349957	9606.ENSP00000378350	0	0	0	0	0	0.973	0.900	0.979	0.999
ANAPC11	CDC27	9606.ENSP00000349957	9606.ENSP00000434614	0	0	0	0	0.054	0.997	0.900	0.931	0.999
ANAPC15	NFKB1	9606.ENSP00000437360	9606.ENSP00000226574	0	0	0	0	0	0	0.500	0.070	0.515
ANAPC15	CDKN1B	9606.ENSP00000437360	9606.ENSP00000228872	0	0	0	0	0	0	0.400	0	0.400
ANAPC15	CCNA1	9606.ENSP00000437360	9606.ENSP00000255465	0	0	0	0	0	0	0.500	0.229	0.598
ANAPC15	CCNB1	9606.ENSP00000437360	9606.ENSP00000256442	0	0	0	0	0.062	0	0.500	0.250	0.617
ANAPC15	PHC2	9606.ENSP00000437360	9606.ENSP00000257118	0	0	0	0	0	0	0.900	0	0.900
ANAPC15	ANAPC5	9606.ENSP00000437360	9606.ENSP00000261819	0	0	0	0	0.139	0.965	0.900	0.975	0.999
ANAPC15	UBE2S	9606.ENSP00000437360	9606.ENSP00000264552	0	0	0	0	0.056	0.819	0.900	0.424	0.988
ANAPC15	CDK2	9606.ENSP00000437360	9606.ENSP00000266970	0	0	0	0	0.049	0	0.500	0.109	0.539
ANAPC15	RB1	9606.ENSP00000437360	9606.ENSP00000267163	0	0	0	0	0	0	0.500	0	0.499
ANAPC15	CBX8	9606.ENSP00000437360	9606.ENSP00000269385	0	0	0	0	0.044	0	0.900	0	0.900
ANAPC15	CBX4	9606.ENSP00000437360	9606.ENSP00000269397	0	0	0	0	0	0	0.900	0	0.900
ANAPC15	RPS27A	9606.ENSP00000437360	9606.ENSP00000272317	0	0	0	0	0.055	0	0.500	0	0.507
ANAPC15	UBE2E1	9606.ENSP00000437360	9606.ENSP00000303709	0	0	0	0	0.059	0.135	0.800	0.053	0.825
ANAPC15	CEBPB	9606.ENSP00000437360	9606.ENSP00000305422	0	0	0	0	0	0	0.500	0	0.499
ANAPC15	CXCL8	9606.ENSP00000437360	9606.ENSP00000306512	0	0	0	0	0	0	0.400	0	0.400
ANAPC15	CBX2	9606.ENSP00000437360	9606.ENSP00000308750	0	0	0	0	0	0	0.900	0	0.900
ANAPC15	ANAPC2	9606.ENSP00000437360	9606.ENSP00000314004	0	0	0	0	0.056	0.976	0.900	0.262	0.998
ANAPC15	CDC16	9606.ENSP00000437360	9606.ENSP00000348554	0	0	0	0	0	0.963	0.900	0.741	0.998
ANAPC15	UBE2C	9606.ENSP00000437360	9606.ENSP00000348838	0	0	0	0	0.072	0.819	0.900	0.615	0.992
ANAPC15	RNF2	9606.ENSP00000437360	9606.ENSP00000356480	0	0	0	0	0	0	0.900	0.087	0.904
ANAPC15	UBE2D1	9606.ENSP00000437360	9606.ENSP00000363019	0	0	0	0	0.067	0.135	0.800	0.292	0.870
ANAPC15	CDC26	9606.ENSP00000437360	9606.ENSP00000363322	0	0	0	0	0.049	0.947	0.900	0.852	0.999
ANAPC15	RING1	9606.ENSP00000437360	9606.ENSP00000363787	0	0	0	0	0.044	0	0.900	0.052	0.901
ANAPC15	BMI1	9606.ENSP00000437360	9606.ENSP00000365851	0	0	0	0	0	0	0.900	0	0.900
ANAPC15	CDC23	9606.ENSP00000437360	9606.ENSP00000378350	0	0	0	0	0.049	0.965	0.900	0.878	0.999
ANAPC15	FZR1	9606.ENSP00000437360	9606.ENSP00000378529	0	0	0	0	0	0.912	0.540	0.454	0.976
ANAPC15	CDK1	9606.ENSP00000437360	9606.ENSP00000378699	0	0	0	0	0.067	0	0.500	0.205	0.596
ANAPC15	EHMT2	9606.ENSP00000437360	9606.ENSP00000379078	0	0	0	0	0	0	0.500	0	0.499
ANAPC15	RELA	9606.ENSP00000437360	9606.ENSP00000384273	0	0	0	0	0.044	0	0.500	0	0.501
ANAPC15	CDKN1A	9606.ENSP00000437360	9606.ENSP00000384849	0	0	0	0	0	0	0.400	0	0.400
ANAPC15	IL6	9606.ENSP00000437360	9606.ENSP00000385675	0	0	0	0	0	0	0.400	0	0.400
ANAPC15	UBA52	9606.ENSP00000437360	9606.ENSP00000388107	0	0	0	0	0.049	0	0.500	0	0.504
ANAPC15	ANAPC7	9606.ENSP00000437360	9606.ENSP00000394394	0	0	0	0	0.085	0.927	0.900	0.248	0.994
ANAPC15	EHMT1	9606.ENSP00000437360	9606.ENSP00000417980	0	0	0	0	0.060	0	0.500	0	0.509
ANAPC15	PHC3	9606.ENSP00000437360	9606.ENSP00000420294	0	0	0	0	0.049	0	0.900	0	0.900
ANAPC15	ANAPC4	9606.ENSP00000437360	9606.ENSP00000426654	0	0	0	0	0.049	0.999	0.900	0.370	0.999
ANAPC15	CDC27	9606.ENSP00000437360	9606.ENSP00000434614	0	0	0	0	0	0.928	0.900	0.577	0.996
ANAPC15	UBB	9606.ENSP00000437360	9606.ENSP00000478771	0	0	0	0	0.055	0.800	0.500	0	0.897
ANAPC15	UBC	9606.ENSP00000437360	9606.ENSP00000441543	0	0	0	0	0.055	0.800	0.500	0	0.897
ANAPC15	PHC1	9606.ENSP00000437360	9606.ENSP00000437659	0	0	0	0	0	0	0.900	0	0.900
ANAPC15	CCNA2	9606.ENSP00000437360	9606.ENSP00000481380	0	0	0	0	0.065	0.800	0.500	0.261	0.921
ANAPC15	ANAPC16	9606.ENSP00000437360	9606.ENSP00000477760	0	0	0	0	0.074	0.920	0.900	0.909	0.999
ANAPC16	NFKB1	9606.ENSP00000477760	9606.ENSP00000226574	0	0	0	0	0.042	0	0.500	0.068	0.514
ANAPC16	CDKN1B	9606.ENSP00000477760	9606.ENSP00000228872	0	0	0	0	0.084	0	0.400	0.072	0.445
ANAPC16	CCNA1	9606.ENSP00000477760	9606.ENSP00000255465	0	0	0	0	0	0	0.500	0.205	0.585
ANAPC16	CCNB1	9606.ENSP00000477760	9606.ENSP00000256442	0	0	0	0	0	0	0.500	0.498	0.738
ANAPC16	PHC2	9606.ENSP00000477760	9606.ENSP00000257118	0	0	0	0	0	0	0.900	0	0.900
ANAPC16	ANAPC5	9606.ENSP00000477760	9606.ENSP00000261819	0	0	0	0	0.159	0.975	0.900	0.849	0.999
ANAPC16	UBE2S	9606.ENSP00000477760	9606.ENSP00000264552	0	0	0	0	0	0.819	0.900	0.356	0.987
ANAPC16	CDK2	9606.ENSP00000477760	9606.ENSP00000266970	0	0	0	0	0	0	0.500	0.147	0.555
ANAPC16	RB1	9606.ENSP00000477760	9606.ENSP00000267163	0	0	0	0	0	0	0.500	0	0.499
ANAPC16	CBX8	9606.ENSP00000477760	9606.ENSP00000269385	0	0	0	0	0	0	0.900	0	0.900
ANAPC16	CBX4	9606.ENSP00000477760	9606.ENSP00000269397	0	0	0	0	0	0	0.900	0	0.900
ANAPC16	RPS27A	9606.ENSP00000477760	9606.ENSP00000272317	0	0	0	0	0.099	0	0.500	0	0.530
ANAPC16	UBE2E1	9606.ENSP00000477760	9606.ENSP00000303709	0	0	0	0	0.063	0.135	0.800	0	0.823
ANAPC16	CEBPB	9606.ENSP00000477760	9606.ENSP00000305422	0	0	0	0	0.042	0	0.500	0	0.500
ANAPC16	CXCL8	9606.ENSP00000477760	9606.ENSP00000306512	0	0	0	0	0	0	0.400	0	0.400
ANAPC16	CBX2	9606.ENSP00000477760	9606.ENSP00000308750	0	0	0	0	0	0	0.900	0	0.900
ANAPC16	ANAPC2	9606.ENSP00000477760	9606.ENSP00000314004	0	0	0	0	0	0.977	0.900	0.271	0.998
ANAPC16	CDC16	9606.ENSP00000477760	9606.ENSP00000348554	0	0	0	0	0.072	0.987	0.900	0.960	0.999
ANAPC16	UBE2C	9606.ENSP00000477760	9606.ENSP00000348838	0	0	0	0	0	0.819	0.900	0.368	0.987
ANAPC16	RNF2	9606.ENSP00000477760	9606.ENSP00000356480	0	0	0	0	0	0	0.900	0	0.900
ANAPC16	UBE2D1	9606.ENSP00000477760	9606.ENSP00000363019	0	0	0	0	0.049	0.135	0.800	0.198	0.850
ANAPC16	CDC26	9606.ENSP00000477760	9606.ENSP00000363322	0	0	0	0	0.111	0.975	0.900	0.906	0.999
ANAPC16	RING1	9606.ENSP00000477760	9606.ENSP00000363787	0	0	0	0	0.065	0	0.900	0	0.902
ANAPC16	BMI1	9606.ENSP00000477760	9606.ENSP00000365851	0	0	0	0	0.056	0	0.900	0	0.901
ANAPC16	CDC23	9606.ENSP00000477760	9606.ENSP00000378350	0	0	0	0	0.044	0.978	0.900	0.805	0.999
ANAPC16	FZR1	9606.ENSP00000477760	9606.ENSP00000378529	0	0	0	0	0	0.939	0.540	0.446	0.983
ANAPC16	CDK1	9606.ENSP00000477760	9606.ENSP00000378699	0	0	0	0	0	0	0.500	0.173	0.569
ANAPC16	EHMT2	9606.ENSP00000477760	9606.ENSP00000379078	0	0	0	0	0	0	0.500	0.060	0.509
ANAPC16	RELA	9606.ENSP00000477760	9606.ENSP00000384273	0	0	0	0	0	0	0.500	0	0.499
ANAPC16	CDKN1A	9606.ENSP00000477760	9606.ENSP00000384849	0	0	0	0	0	0	0.400	0.064	0.414
ANAPC16	IL6	9606.ENSP00000477760	9606.ENSP00000385675	0	0	0	0	0	0	0.400	0	0.400
ANAPC16	UBA52	9606.ENSP00000477760	9606.ENSP00000388107	0	0	0	0	0.083	0	0.500	0.066	0.534
ANAPC16	ANAPC7	9606.ENSP00000477760	9606.ENSP00000394394	0	0	0	0	0.049	0.987	0.900	0.669	0.999
ANAPC16	EHMT1	9606.ENSP00000477760	9606.ENSP00000417980	0	0	0	0	0.049	0	0.500	0	0.504
ANAPC16	PHC3	9606.ENSP00000477760	9606.ENSP00000420294	0	0	0	0	0.067	0	0.900	0	0.902
ANAPC16	ANAPC4	9606.ENSP00000477760	9606.ENSP00000426654	0	0	0	0	0.049	0.979	0.900	0.444	0.998
ANAPC16	CDC27	9606.ENSP00000477760	9606.ENSP00000434614	0	0	0	0	0	0.999	0.900	0.871	0.999
ANAPC16	PHC1	9606.ENSP00000477760	9606.ENSP00000437659	0	0	0	0	0	0	0.900	0	0.900
ANAPC16	UBC	9606.ENSP00000477760	9606.ENSP00000441543	0	0	0	0	0.049	0.800	0.500	0	0.896
ANAPC16	UBB	9606.ENSP00000477760	9606.ENSP00000478771	0	0	0	0	0.049	0.800	0.500	0	0.896
ANAPC16	CCNA2	9606.ENSP00000477760	9606.ENSP00000481380	0	0	0	0	0	0.800	0.500	0.182	0.911
ANAPC2	NFKB1	9606.ENSP00000314004	9606.ENSP00000226574	0	0	0	0	0.067	0.091	0.500	0.101	0.567
ANAPC2	CDKN1B	9606.ENSP00000314004	9606.ENSP00000228872	0	0	0	0	0.072	0	0.400	0.176	0.501
ANAPC2	KDM6B	9606.ENSP00000314004	9606.ENSP00000254846	0	0	0	0	0.084	0.287	0	0.156	0.400
ANAPC2	CCNA1	9606.ENSP00000314004	9606.ENSP00000255465	0	0	0	0	0	0	0.500	0.168	0.566
ANAPC2	CCNB1	9606.ENSP00000314004	9606.ENSP00000256442	0	0	0	0	0.075	0.128	0.900	0.298	0.935
ANAPC2	PHC2	9606.ENSP00000314004	9606.ENSP00000257118	0	0	0	0	0.078	0	0.900	0	0.903
ANAPC2	ANAPC5	9606.ENSP00000314004	9606.ENSP00000261819	0	0	0	0	0.072	0.998	0.900	0.931	0.999
ANAPC2	CCNE1	9606.ENSP00000314004	9606.ENSP00000262643	0	0	0	0	0.044	0	0.650	0.166	0.696
ANAPC2	UBE2S	9606.ENSP00000314004	9606.ENSP00000264552	0	0	0	0	0.057	0.947	0.900	0.332	0.996
ANAPC2	CDK2	9606.ENSP00000314004	9606.ENSP00000266970	0	0	0	0	0.049	0.093	0.650	0.256	0.745
ANAPC2	RB1	9606.ENSP00000314004	9606.ENSP00000267163	0	0	0	0	0.092	0.510	0.500	0	0.758
ANAPC2	CBX8	9606.ENSP00000314004	9606.ENSP00000269385	0	0	0	0	0.106	0	0.900	0	0.906
ANAPC2	CBX4	9606.ENSP00000314004	9606.ENSP00000269397	0	0	0	0	0.107	0	0.900	0	0.906
ANAPC2	RPS27A	9606.ENSP00000314004	9606.ENSP00000272317	0	0	0	0	0.054	0.900	0.500	0.144	0.954
ANAPC2	CCNB2	9606.ENSP00000314004	9606.ENSP00000288207	0	0	0	0	0.055	0.128	0.900	0.202	0.925
ANAPC2	UBE2E1	9606.ENSP00000314004	9606.ENSP00000303709	0	0	0	0	0.059	0.099	0.800	0.085	0.824
ANAPC2	CEBPB	9606.ENSP00000314004	9606.ENSP00000305422	0	0	0	0	0.084	0	0.500	0	0.522
ANAPC2	CXCL8	9606.ENSP00000314004	9606.ENSP00000306512	0	0	0	0	0	0	0.400	0	0.400
ANAPC2	CBX2	9606.ENSP00000314004	9606.ENSP00000308750	0	0	0	0	0.042	0	0.900	0	0.900
ANAPC2	IL6	9606.ENSP00000314004	9606.ENSP00000385675	0	0	0	0	0	0	0.400	0	0.400
ANAPC2	CDKN1A	9606.ENSP00000314004	9606.ENSP00000384849	0	0	0	0	0.067	0	0.400	0.245	0.540
ANAPC2	EHMT2	9606.ENSP00000314004	9606.ENSP00000379078	0	0	0	0	0.119	0	0.500	0.062	0.551
ANAPC2	RELA	9606.ENSP00000314004	9606.ENSP00000384273	0	0	0	0	0.109	0	0.500	0.083	0.556
ANAPC2	EHMT1	9606.ENSP00000314004	9606.ENSP00000417980	0	0	0	0	0.170	0	0.500	0.067	0.579
ANAPC2	CCNE2	9606.ENSP00000314004	9606.ENSP00000429089	0	0	0	0	0	0	0.650	0.093	0.669
ANAPC2	CCNB3	9606.ENSP00000314004	9606.ENSP00000365210	0	0	0	0	0.055	0.128	0.650	0.181	0.732
ANAPC2	CDK1	9606.ENSP00000314004	9606.ENSP00000378699	0	0	0	0	0.047	0.093	0.650	0.236	0.737
ANAPC2	UBE2D1	9606.ENSP00000314004	9606.ENSP00000363019	0	0	0	0	0.057	0.099	0.800	0.165	0.839
ANAPC2	PHC3	9606.ENSP00000314004	9606.ENSP00000420294	0	0	0	0	0	0	0.900	0	0.900
ANAPC2	PHC1	9606.ENSP00000314004	9606.ENSP00000437659	0	0	0	0	0	0	0.900	0	0.900
ANAPC2	RNF2	9606.ENSP00000314004	9606.ENSP00000356480	0	0	0	0	0.074	0	0.900	0.053	0.904
ANAPC2	BMI1	9606.ENSP00000314004	9606.ENSP00000365851	0	0	0	0	0	0.091	0.900	0	0.905
ANAPC2	RING1	9606.ENSP00000314004	9606.ENSP00000363787	0	0	0	0	0.164	0	0.900	0.053	0.913
ANAPC2	CCNA2	9606.ENSP00000314004	9606.ENSP00000481380	0	0	0	0	0	0.800	0.500	0.215	0.914
ANAPC2	UBB	9606.ENSP00000314004	9606.ENSP00000478771	0	0	0	0	0	0.900	0.500	0.052	0.948
ANAPC2	UBA52	9606.ENSP00000314004	9606.ENSP00000388107	0	0	0	0	0	0.900	0.500	0.078	0.949
ANAPC2	UBC	9606.ENSP00000314004	9606.ENSP00000441543	0	0	0	0	0	0.926	0.500	0.052	0.961
ANAPC2	UBE2C	9606.ENSP00000314004	9606.ENSP00000348838	0	0	0	0	0.055	0.982	0.900	0.210	0.998
ANAPC2	CDC16	9606.ENSP00000314004	9606.ENSP00000348554	0	0	0	0	0.103	0.999	0.900	0.924	0.999
ANAPC2	ANAPC4	9606.ENSP00000314004	9606.ENSP00000426654	0	0	0	0	0.124	0.999	0.900	0.907	0.999
ANAPC2	CDC23	9606.ENSP00000314004	9606.ENSP00000378350	0	0	0	0	0.083	0.999	0.900	0.911	0.999
ANAPC2	CDC26	9606.ENSP00000314004	9606.ENSP00000363322	0	0	0	0	0	0.998	0.900	0.386	0.999
ANAPC2	CDC27	9606.ENSP00000314004	9606.ENSP00000434614	0	0	0	0	0.067	0.998	0.900	0.954	0.999
ANAPC2	FZR1	9606.ENSP00000314004	9606.ENSP00000378529	0	0	0	0	0.161	0.998	0.800	0.966	0.999
ANAPC2	ANAPC7	9606.ENSP00000314004	9606.ENSP00000394394	0	0	0	0	0.127	0.998	0.900	0.784	0.999
ANAPC4	NFKB1	9606.ENSP00000426654	9606.ENSP00000226574	0	0	0	0	0.083	0.125	0.500	0.044	0.565
ANAPC4	CDKN1B	9606.ENSP00000426654	9606.ENSP00000228872	0	0	0	0	0.049	0	0.400	0.159	0.478
ANAPC4	CCNA1	9606.ENSP00000426654	9606.ENSP00000255465	0	0	0	0	0	0	0.500	0.125	0.543
ANAPC4	CCNB1	9606.ENSP00000426654	9606.ENSP00000256442	0	0	0	0	0.055	0.994	0.900	0.532	0.999
ANAPC4	PHC2	9606.ENSP00000426654	9606.ENSP00000257118	0	0	0	0	0	0	0.900	0.083	0.904
ANAPC4	ANAPC5	9606.ENSP00000426654	9606.ENSP00000261819	0	0	0	0	0.150	0.999	0.900	0.966	0.999
ANAPC4	CCNE1	9606.ENSP00000426654	9606.ENSP00000262643	0	0	0	0	0	0	0.650	0.161	0.693
ANAPC4	UBE2S	9606.ENSP00000426654	9606.ENSP00000264552	0	0	0	0	0.042	0.883	0.900	0.416	0.992
ANAPC4	CDK2	9606.ENSP00000426654	9606.ENSP00000266970	0	0	0	0	0.049	0	0.650	0.195	0.708
ANAPC4	RB1	9606.ENSP00000426654	9606.ENSP00000267163	0	0	0	0	0.094	0	0.500	0	0.528
ANAPC4	CBX8	9606.ENSP00000426654	9606.ENSP00000269385	0	0	0	0	0	0	0.900	0	0.900
ANAPC4	CBX4	9606.ENSP00000426654	9606.ENSP00000269397	0	0	0	0	0	0	0.900	0	0.900
ANAPC4	RPS27A	9606.ENSP00000426654	9606.ENSP00000272317	0	0	0	0	0.062	0	0.500	0.074	0.528
ANAPC4	CCNB2	9606.ENSP00000426654	9606.ENSP00000288207	0	0	0	0	0.042	0	0.900	0.536	0.951
ANAPC4	UBE2E1	9606.ENSP00000426654	9606.ENSP00000303709	0	0	0	0	0.093	0.243	0.800	0.280	0.888
ANAPC4	CEBPB	9606.ENSP00000426654	9606.ENSP00000305422	0	0	0	0	0	0	0.500	0	0.499
ANAPC4	CXCL8	9606.ENSP00000426654	9606.ENSP00000306512	0	0	0	0	0	0	0.400	0	0.400
ANAPC4	CBX2	9606.ENSP00000426654	9606.ENSP00000308750	0	0	0	0	0	0	0.900	0	0.900
ANAPC4	CDC16	9606.ENSP00000426654	9606.ENSP00000348554	0	0	0	0	0.257	0.998	0.900	0.988	0.999
ANAPC4	UBE2C	9606.ENSP00000426654	9606.ENSP00000348838	0	0	0	0	0.049	0.857	0.900	0.596	0.993
ANAPC4	RNF2	9606.ENSP00000426654	9606.ENSP00000356480	0	0	0	0	0.049	0	0.900	0	0.900
ANAPC4	RBBP4	9606.ENSP00000426654	9606.ENSP00000362592	0	0	0	0	0.082	0	0	0.416	0.441
ANAPC4	UBE2D1	9606.ENSP00000426654	9606.ENSP00000363019	0	0	0	0	0.063	0.243	0.800	0.215	0.873
ANAPC4	CDC26	9606.ENSP00000426654	9606.ENSP00000363322	0	0	0	0	0.059	0.984	0.900	0.415	0.999
ANAPC4	RING1	9606.ENSP00000426654	9606.ENSP00000363787	0	0	0	0	0.054	0	0.900	0	0.901
ANAPC4	CCNB3	9606.ENSP00000426654	9606.ENSP00000365210	0	0	0	0	0	0	0.650	0.354	0.764
ANAPC4	BMI1	9606.ENSP00000426654	9606.ENSP00000365851	0	0	0	0	0.055	0	0.900	0	0.901
ANAPC4	CDC23	9606.ENSP00000426654	9606.ENSP00000378350	0	0	0	0	0.252	0.999	0.900	0.962	0.999
ANAPC4	FZR1	9606.ENSP00000426654	9606.ENSP00000378529	0	0	0	0	0.069	0.999	0.800	0.530	0.999
ANAPC4	CDK1	9606.ENSP00000426654	9606.ENSP00000378699	0	0	0	0	0.044	0.994	0.650	0.241	0.998
ANAPC4	MAPK8	9606.ENSP00000426654	9606.ENSP00000378974	0	0	0	0	0.058	0	0	0.398	0.408
ANAPC4	EHMT2	9606.ENSP00000426654	9606.ENSP00000379078	0	0	0	0	0.054	0	0.500	0.054	0.513
ANAPC4	RELA	9606.ENSP00000426654	9606.ENSP00000384273	0	0	0	0	0.058	0	0.500	0.042	0.509
ANAPC4	CDKN1A	9606.ENSP00000426654	9606.ENSP00000384849	0	0	0	0	0	0	0.400	0.091	0.431
ANAPC4	IL6	9606.ENSP00000426654	9606.ENSP00000385675	0	0	0	0	0	0	0.400	0	0.400
ANAPC4	UBA52	9606.ENSP00000426654	9606.ENSP00000388107	0	0	0	0	0.058	0	0.500	0.053	0.515
ANAPC4	CHEK1	9606.ENSP00000426654	9606.ENSP00000391090	0	0	0	0	0	0	0	0.440	0.440
ANAPC4	ANAPC7	9606.ENSP00000426654	9606.ENSP00000394394	0	0	0	0	0.146	0.998	0.900	0.897	0.999
ANAPC4	EHMT1	9606.ENSP00000426654	9606.ENSP00000417980	0	0	0	0	0.062	0	0.500	0.054	0.517
ANAPC4	PHC3	9606.ENSP00000426654	9606.ENSP00000420294	0	0	0	0	0.047	0	0.900	0.052	0.901
ANAPC4	CCNE2	9606.ENSP00000426654	9606.ENSP00000429089	0	0	0	0	0	0	0.650	0.070	0.660
ANAPC4	PHC1	9606.ENSP00000426654	9606.ENSP00000437659	0	0	0	0	0.042	0	0.900	0	0.900
ANAPC4	UBB	9606.ENSP00000426654	9606.ENSP00000478771	0	0	0	0	0	0.800	0.500	0.114	0.903
ANAPC4	UBC	9606.ENSP00000426654	9606.ENSP00000441543	0	0	0	0	0	0.800	0.500	0.127	0.905
ANAPC4	CDC27	9606.ENSP00000426654	9606.ENSP00000434614	0	0	0	0	0.067	0.998	0.900	0.981	0.999
ANAPC4	CCNA2	9606.ENSP00000426654	9606.ENSP00000481380	0	0	0	0	0	0.998	0.500	0.269	0.999
ANAPC5	NFKB1	9606.ENSP00000261819	9606.ENSP00000226574	0	0	0	0	0.060	0.055	0.500	0.077	0.535
ANAPC5	CDKN1B	9606.ENSP00000261819	9606.ENSP00000228872	0	0	0	0	0	0	0.400	0.124	0.451
ANAPC5	ASF1A	9606.ENSP00000261819	9606.ENSP00000229595	0	0	0	0	0.083	0.115	0	0.422	0.489
ANAPC5	CCNA1	9606.ENSP00000261819	9606.ENSP00000255465	0	0	0	0	0	0	0.500	0.294	0.631
ANAPC5	CCNB1	9606.ENSP00000261819	9606.ENSP00000256442	0	0	0	0	0.095	0.062	0.900	0.339	0.936
ANAPC5	PHC2	9606.ENSP00000261819	9606.ENSP00000257118	0	0	0	0	0	0	0.900	0	0.900
ANAPC5	CXCL8	9606.ENSP00000261819	9606.ENSP00000306512	0	0	0	0	0	0	0.400	0	0.400
ANAPC5	IL6	9606.ENSP00000261819	9606.ENSP00000385675	0	0	0	0	0	0	0.400	0.085	0.427
ANAPC5	TFDP1	9606.ENSP00000261819	9606.ENSP00000364519	0	0	0	0	0.048	0.292	0	0.237	0.441
ANAPC5	CDKN1A	9606.ENSP00000261819	9606.ENSP00000384849	0	0	0	0	0	0	0.400	0.138	0.460
ANAPC5	RB1	9606.ENSP00000261819	9606.ENSP00000267163	0	0	0	0	0.042	0	0.500	0	0.500
ANAPC5	CEBPB	9606.ENSP00000261819	9606.ENSP00000305422	0	0	0	0	0	0	0.500	0.085	0.522
ANAPC5	RELA	9606.ENSP00000261819	9606.ENSP00000384273	0	0	0	0	0.098	0	0.500	0	0.529
ANAPC5	E2F1	9606.ENSP00000261819	9606.ENSP00000345571	0	0	0	0	0	0.510	0	0.126	0.553
ANAPC5	EHMT1	9606.ENSP00000261819	9606.ENSP00000417980	0	0	0	0	0.097	0	0.500	0.102	0.559
ANAPC5	UBA52	9606.ENSP00000261819	9606.ENSP00000388107	0	0	0	0	0.086	0	0.500	0.115	0.560
ANAPC5	EHMT2	9606.ENSP00000261819	9606.ENSP00000379078	0	0	0	0	0.063	0	0.500	0.145	0.564
ANAPC5	RPS27A	9606.ENSP00000261819	9606.ENSP00000272317	0	0	0	0	0.073	0.091	0.500	0.104	0.572
ANAPC5	CCNE2	9606.ENSP00000261819	9606.ENSP00000429089	0	0	0	0	0.047	0	0.650	0.091	0.670
ANAPC5	CCNE1	9606.ENSP00000261819	9606.ENSP00000262643	0	0	0	0	0.044	0	0.650	0.164	0.695
ANAPC5	CCNB3	9606.ENSP00000261819	9606.ENSP00000365210	0	0	0	0	0.074	0.062	0.650	0.168	0.713
ANAPC5	CDK2	9606.ENSP00000261819	9606.ENSP00000266970	0	0	0	0	0.092	0	0.650	0.251	0.741
ANAPC5	CDK1	9606.ENSP00000261819	9606.ENSP00000378699	0	0	0	0	0.080	0	0.650	0.325	0.763
ANAPC5	UBE2E1	9606.ENSP00000261819	9606.ENSP00000303709	0	0	0	0	0	0.143	0.800	0.122	0.836
ANAPC5	UBE2D1	9606.ENSP00000261819	9606.ENSP00000363019	0	0	0	0	0.057	0.143	0.800	0.326	0.876
ANAPC5	CBX4	9606.ENSP00000261819	9606.ENSP00000269397	0	0	0	0	0	0	0.900	0	0.900
ANAPC5	CBX8	9606.ENSP00000261819	9606.ENSP00000269385	0	0	0	0	0	0	0.900	0	0.900
ANAPC5	CBX2	9606.ENSP00000261819	9606.ENSP00000308750	0	0	0	0	0	0	0.900	0	0.900
ANAPC5	PHC3	9606.ENSP00000261819	9606.ENSP00000420294	0	0	0	0	0.060	0	0.900	0	0.901
ANAPC5	BMI1	9606.ENSP00000261819	9606.ENSP00000365851	0	0	0	0	0.044	0	0.900	0.081	0.904
ANAPC5	RNF2	9606.ENSP00000261819	9606.ENSP00000356480	0	0	0	0	0.109	0	0.900	0.064	0.909
ANAPC5	PHC1	9606.ENSP00000261819	9606.ENSP00000437659	0	0	0	0	0.139	0	0.900	0	0.910
ANAPC5	UBC	9606.ENSP00000261819	9606.ENSP00000441543	0	0	0	0	0.060	0.815	0.500	0.100	0.911
ANAPC5	UBB	9606.ENSP00000261819	9606.ENSP00000478771	0	0	0	0	0.060	0.815	0.500	0.100	0.911
ANAPC5	RING1	9606.ENSP00000261819	9606.ENSP00000363787	0	0	0	0	0.135	0	0.900	0.064	0.912
ANAPC5	CCNB2	9606.ENSP00000261819	9606.ENSP00000288207	0	0	0	0	0.086	0.062	0.900	0.203	0.922
ANAPC5	CCNA2	9606.ENSP00000261819	9606.ENSP00000481380	0	0	0	0	0.044	0.800	0.500	0.316	0.925
ANAPC5	UBE2C	9606.ENSP00000261819	9606.ENSP00000348838	0	0	0	0	0.048	0.821	0.900	0.529	0.990
ANAPC5	UBE2S	9606.ENSP00000261819	9606.ENSP00000264552	0	0	0	0	0.049	0.867	0.900	0.394	0.991
ANAPC5	FZR1	9606.ENSP00000261819	9606.ENSP00000378529	0	0	0	0	0	0.999	0.800	0.716	0.999
ANAPC5	ANAPC7	9606.ENSP00000261819	9606.ENSP00000394394	0	0	0	0	0.214	0.998	0.900	0.976	0.999
ANAPC5	CDC27	9606.ENSP00000261819	9606.ENSP00000434614	0	0	0	0	0.174	0.998	0.900	0.997	0.999
ANAPC5	CDC16	9606.ENSP00000261819	9606.ENSP00000348554	0	0	0	0	0.178	0.997	0.900	0.998	0.999
ANAPC5	CDC26	9606.ENSP00000261819	9606.ENSP00000363322	0	0	0	0	0.044	0.969	0.900	0.814	0.999
ANAPC5	CDC23	9606.ENSP00000261819	9606.ENSP00000378350	0	0	0	0	0.246	0.997	0.900	0.999	0.999
ANAPC7	NFKB1	9606.ENSP00000394394	9606.ENSP00000226574	0	0	0	0	0.056	0.069	0.500	0	0.522
ANAPC7	CDKN1B	9606.ENSP00000394394	9606.ENSP00000228872	0	0	0	0	0	0	0.400	0	0.400
ANAPC7	CCNA1	9606.ENSP00000394394	9606.ENSP00000255465	0	0	0	0	0.074	0	0.500	0.159	0.576
ANAPC7	CCNB1	9606.ENSP00000394394	9606.ENSP00000256442	0	0	0	0	0.100	0	0.900	0.250	0.926
ANAPC7	PHC2	9606.ENSP00000394394	9606.ENSP00000257118	0	0	0	0	0	0	0.900	0	0.900
ANAPC7	CCNE1	9606.ENSP00000394394	9606.ENSP00000262643	0	0	0	0	0.047	0	0.650	0.161	0.695
ANAPC7	UBE2S	9606.ENSP00000394394	9606.ENSP00000264552	0	0	0	0	0.058	0.865	0.900	0.178	0.988
ANAPC7	CDK2	9606.ENSP00000394394	9606.ENSP00000266970	0	0	0	0	0.070	0	0.650	0.149	0.699
ANAPC7	RB1	9606.ENSP00000394394	9606.ENSP00000267163	0	0	0	0	0.048	0	0.500	0	0.503
ANAPC7	CBX8	9606.ENSP00000394394	9606.ENSP00000269385	0	0	0	0	0	0	0.900	0	0.900
ANAPC7	CBX4	9606.ENSP00000394394	9606.ENSP00000269397	0	0	0	0	0	0	0.900	0	0.900
ANAPC7	RPS27A	9606.ENSP00000394394	9606.ENSP00000272317	0	0	0	0	0.049	0	0.500	0	0.504
ANAPC7	CCNB2	9606.ENSP00000394394	9606.ENSP00000288207	0	0	0	0	0.081	0	0.900	0.162	0.916
ANAPC7	UBE2E1	9606.ENSP00000394394	9606.ENSP00000303709	0	0	0	0	0.049	0.131	0.800	0.099	0.831
ANAPC7	CEBPB	9606.ENSP00000394394	9606.ENSP00000305422	0	0	0	0	0	0	0.500	0	0.499
ANAPC7	CXCL8	9606.ENSP00000394394	9606.ENSP00000306512	0	0	0	0	0	0	0.400	0	0.400
ANAPC7	CBX2	9606.ENSP00000394394	9606.ENSP00000308750	0	0	0	0	0.060	0	0.900	0	0.901
ANAPC7	FOXM1	9606.ENSP00000394394	9606.ENSP00000342307	0	0	0	0	0.062	0	0	0.392	0.405
ANAPC7	CDC16	9606.ENSP00000394394	9606.ENSP00000348554	0	0	0	0	0.083	0.984	0.900	0.935	0.999
ANAPC7	UBE2C	9606.ENSP00000394394	9606.ENSP00000348838	0	0	0	0	0.047	0.818	0.900	0.153	0.983
ANAPC7	RNF2	9606.ENSP00000394394	9606.ENSP00000356480	0	0	0	0	0.049	0	0.900	0	0.900
ANAPC7	UBE2D1	9606.ENSP00000394394	9606.ENSP00000363019	0	0	0	0	0.055	0.131	0.800	0.158	0.843
ANAPC7	CDC26	9606.ENSP00000394394	9606.ENSP00000363322	0	0	0	0	0	0.976	0.900	0.431	0.998
ANAPC7	RING1	9606.ENSP00000394394	9606.ENSP00000363787	0	0	0	0	0.067	0	0.900	0	0.902
ANAPC7	CCNB3	9606.ENSP00000394394	9606.ENSP00000365210	0	0	0	0	0.074	0	0.650	0.175	0.709
ANAPC7	BMI1	9606.ENSP00000394394	9606.ENSP00000365851	0	0	0	0	0	0	0.900	0.081	0.904
ANAPC7	CDC23	9606.ENSP00000394394	9606.ENSP00000378350	0	0	0	0	0.255	0.984	0.900	0.933	0.999
ANAPC7	FZR1	9606.ENSP00000394394	9606.ENSP00000378529	0	0	0	0	0.049	0.998	0.800	0.331	0.999
ANAPC7	CDK1	9606.ENSP00000394394	9606.ENSP00000378699	0	0	0	0	0.061	0	0.650	0.116	0.684
ANAPC7	EHMT2	9606.ENSP00000394394	9606.ENSP00000379078	0	0	0	0	0.099	0	0.500	0	0.530
ANAPC7	RELA	9606.ENSP00000394394	9606.ENSP00000384273	0	0	0	0	0.075	0	0.500	0	0.517
ANAPC7	CDKN1A	9606.ENSP00000394394	9606.ENSP00000384849	0	0	0	0	0	0	0.400	0.060	0.411
ANAPC7	IL6	9606.ENSP00000394394	9606.ENSP00000385675	0	0	0	0	0	0	0.400	0	0.400
ANAPC7	UBA52	9606.ENSP00000394394	9606.ENSP00000388107	0	0	0	0	0	0	0.500	0	0.499
ANAPC7	EHMT1	9606.ENSP00000394394	9606.ENSP00000417980	0	0	0	0	0.125	0	0.500	0	0.543
ANAPC7	CCNE2	9606.ENSP00000394394	9606.ENSP00000429089	0	0	0	0	0.061	0	0.650	0.193	0.711
ANAPC7	UBB	9606.ENSP00000394394	9606.ENSP00000478771	0	0	0	0	0	0.800	0.500	0	0.895
ANAPC7	UBC	9606.ENSP00000394394	9606.ENSP00000441543	0	0	0	0	0	0.801	0.500	0	0.896
ANAPC7	PHC3	9606.ENSP00000394394	9606.ENSP00000420294	0	0	0	0	0	0	0.900	0	0.900
ANAPC7	PHC1	9606.ENSP00000394394	9606.ENSP00000437659	0	0	0	0	0.056	0	0.900	0	0.901
ANAPC7	CCNA2	9606.ENSP00000394394	9606.ENSP00000481380	0	0	0	0	0.096	0.800	0.500	0.216	0.919
ANAPC7	CDC27	9606.ENSP00000394394	9606.ENSP00000434614	0	0	0	0.558	0.139	0.999	0.900	0.512	0.999
ASF1A	SIRT1	9606.ENSP00000229595	9606.ENSP00000212015	0	0	0	0	0.109	0.198	0	0.639	0.719
ASF1A	MYC	9606.ENSP00000229595	9606.ENSP00000478887	0	0	0	0	0.101	0.226	0	0.225	0.414
ASF1A	H2BC5	9606.ENSP00000229595	9606.ENSP00000289316	0	0	0	0	0	0.127	0	0.368	0.425
ASF1A	H2BC12	9606.ENSP00000229595	9606.ENSP00000349430	0	0	0	0	0	0.127	0	0.374	0.430
ASF1A	ATR	9606.ENSP00000229595	9606.ENSP00000343741	0	0	0	0	0.067	0.292	0	0.262	0.470
ASF1A	RB1	9606.ENSP00000229595	9606.ENSP00000267163	0	0	0	0	0.092	0	0.400	0.128	0.483
ASF1A	CCNA2	9606.ENSP00000229595	9606.ENSP00000481380	0	0	0	0	0.219	0.292	0	0.183	0.509
ASF1A	HMGA1	9606.ENSP00000229595	9606.ENSP00000399888	0	0	0	0	0.069	0	0.500	0	0.515
ASF1A	CHEK1	9606.ENSP00000229595	9606.ENSP00000391090	0	0	0	0	0.250	0.145	0	0.311	0.520
ASF1A	H1-5	9606.ENSP00000229595	9606.ENSP00000330074	0	0	0	0	0.051	0.053	0.500	0.077	0.530
ASF1A	H1-1	9606.ENSP00000229595	9606.ENSP00000244573	0	0	0	0	0.051	0.053	0.500	0.093	0.538
ASF1A	H1-4	9606.ENSP00000229595	9606.ENSP00000307705	0	0	0	0	0.051	0.053	0.500	0.095	0.539
ASF1A	RAD9A	9606.ENSP00000229595	9606.ENSP00000311360	0	0	0	0	0.055	0	0	0.552	0.558
ASF1A	TP53	9606.ENSP00000229595	9606.ENSP00000269305	0	0	0	0	0.075	0.080	0.400	0.247	0.564
ASF1A	LMNB1	9606.ENSP00000229595	9606.ENSP00000261366	0	0	0	0	0.146	0	0.400	0.222	0.567
ASF1A	HMGA2	9606.ENSP00000229595	9606.ENSP00000437621	0	0	0	0	0.043	0.091	0.500	0.125	0.568
ASF1A	H1-3	9606.ENSP00000229595	9606.ENSP00000244534	0	0	0	0	0.063	0.053	0.500	0.146	0.571
ASF1A	H2BC21	9606.ENSP00000229595	9606.ENSP00000358151	0	0	0	0	0	0.127	0	0.535	0.577
ASF1A	H1-2	9606.ENSP00000229595	9606.ENSP00000339566	0	0	0	0	0.070	0.053	0.500	0.175	0.588
ASF1A	H2AC20	9606.ENSP00000229595	9606.ENSP00000332194	0	0	0	0	0.052	0.093	0	0.569	0.597
ASF1A	H2AC18	9606.ENSP00000229595	9606.ENSP00000358155	0	0	0	0	0.054	0.093	0	0.569	0.598
ASF1A	EP400	9606.ENSP00000229595	9606.ENSP00000374212	0	0	0	0	0.062	0.190	0.400	0.254	0.614
ASF1A	H2AZ2	9606.ENSP00000229595	9606.ENSP00000308405	0	0.163	0	0	0.162	0.404	0	0.309	0.673
ASF1A	H1-0	9606.ENSP00000229595	9606.ENSP00000344504	0	0	0	0	0.055	0.064	0.500	0.393	0.696
ASF1A	CHEK2	9606.ENSP00000229595	9606.ENSP00000372023	0	0	0	0	0.074	0.752	0	0.640	0.910
ASF1A	RBBP4	9606.ENSP00000229595	9606.ENSP00000362592	0	0	0	0	0.157	0.861	0	0.441	0.929
ASF1A	RBBP7	9606.ENSP00000229595	9606.ENSP00000369424	0	0	0	0	0.163	0.773	0	0.686	0.935
ASF1A	H3C15	9606.ENSP00000229595	9606.ENSP00000385479	0	0	0	0	0.109	0.928	0	0.131	0.939
ASF1A	H4C1	9606.ENSP00000229595	9606.ENSP00000479106	0	0	0	0	0	0.935	0	0.138	0.941
ASF1A	H3-3A	9606.ENSP00000229595	9606.ENSP00000355780	0	0	0	0	0.109	0.928	0	0.477	0.963
ASF1A	H3C1	9606.ENSP00000229595	9606.ENSP00000480826	0	0	0	0	0.109	0.989	0	0.131	0.991
ASF1A	H3-4	9606.ENSP00000229595	9606.ENSP00000355657	0	0	0	0	0.109	0.962	0	0.925	0.997
ASF1A	CABIN1	9606.ENSP00000229595	9606.ENSP00000381364	0	0	0	0	0	0.820	0.800	0.973	0.998
ASF1A	UBN1	9606.ENSP00000229595	9606.ENSP00000262376	0	0	0	0	0	0.835	0.800	0.986	0.999
ASF1A	HIRA	9606.ENSP00000229595	9606.ENSP00000263208	0	0	0	0	0	0.997	0.800	0.879	0.999
ATM	SIRT1	9606.ENSP00000278616	9606.ENSP00000212015	0	0	0	0	0.049	0	0	0.855	0.856
ATM	MAPK1	9606.ENSP00000278616	9606.ENSP00000215832	0	0	0	0	0.123	0.300	0	0.434	0.622
ATM	TSC2	9606.ENSP00000278616	9606.ENSP00000219476	0	0	0	0	0.049	0	0	0.732	0.735
ATM	TGFB1	9606.ENSP00000278616	9606.ENSP00000221930	0	0	0	0	0.042	0	0	0.619	0.619
ATM	NFKB1	9606.ENSP00000278616	9606.ENSP00000226574	0	0	0	0	0.102	0.071	0	0.720	0.746
ATM	CCND1	9606.ENSP00000278616	9606.ENSP00000227507	0	0	0	0	0	0	0	0.692	0.692
ATM	CDKN1B	9606.ENSP00000278616	9606.ENSP00000228872	0	0	0	0	0.070	0	0	0.704	0.713
ATM	MAPK14	9606.ENSP00000278616	9606.ENSP00000229795	0	0	0	0	0.063	0.516	0	0.436	0.722
ATM	TERF2	9606.ENSP00000278616	9606.ENSP00000254942	0	0	0	0	0.049	0.292	0	0.747	0.814
ATM	CCNA1	9606.ENSP00000278616	9606.ENSP00000255465	0	0	0	0	0	0	0.500	0.636	0.810
ATM	CCNB1	9606.ENSP00000278616	9606.ENSP00000256442	0	0	0	0	0.042	0.091	0	0.762	0.775
ATM	CDK4	9606.ENSP00000278616	9606.ENSP00000257904	0	0	0	0	0	0.054	0.800	0.696	0.937
ATM	MDM2	9606.ENSP00000278616	9606.ENSP00000258149	0	0	0	0	0.092	0.621	0.750	0.955	0.995
ATM	HUS1	9606.ENSP00000278616	9606.ENSP00000258774	0	0	0	0	0.049	0.108	0.500	0.852	0.928
ATM	LMNB1	9606.ENSP00000278616	9606.ENSP00000261366	0	0	0	0	0.042	0	0	0.438	0.438
ATM	SMAD2	9606.ENSP00000278616	9606.ENSP00000262160	0	0	0	0	0.214	0	0	0.353	0.470
ATM	RHEB	9606.ENSP00000278616	9606.ENSP00000262187	0	0	0	0	0.056	0.300	0	0.381	0.556
ATM	CCNE1	9606.ENSP00000278616	9606.ENSP00000262643	0	0	0	0	0	0	0	0.537	0.537
ATM	CDKN2C	9606.ENSP00000278616	9606.ENSP00000262662	0	0	0	0	0	0.300	0	0.375	0.544
ATM	E2F3	9606.ENSP00000278616	9606.ENSP00000262904	0	0	0	0	0.044	0	0	0.492	0.493
ATM	MAPK3	9606.ENSP00000278616	9606.ENSP00000263025	0	0	0	0	0.068	0.053	0	0.511	0.532
ATM	PIK3CA	9606.ENSP00000278616	9606.ENSP00000263967	0	0	0	0.548	0.109	0	0	0.404	0.446
ATM	STAT3	9606.ENSP00000278616	9606.ENSP00000264657	0	0	0	0	0.080	0	0	0.574	0.592
ATM	NBN	9606.ENSP00000278616	9606.ENSP00000265433	0	0	0	0	0.049	0.989	0.900	0.935	0.999
ATM	CDK6	9606.ENSP00000278616	9606.ENSP00000265734	0	0	0	0	0.047	0.054	0	0.612	0.619
ATM	CDK2	9606.ENSP00000278616	9606.ENSP00000266970	0	0	0	0	0.042	0.054	0.800	0.834	0.966
ATM	RB1	9606.ENSP00000278616	9606.ENSP00000267163	0	0	0	0	0.049	0	0	0.445	0.449
ATM	TINF2	9606.ENSP00000278616	9606.ENSP00000267415	0	0	0	0	0	0	0	0.608	0.608
ATM	TP53	9606.ENSP00000278616	9606.ENSP00000269305	0	0	0	0	0.103	0.928	0.900	0.975	0.999
ATM	RPS27A	9606.ENSP00000278616	9606.ENSP00000272317	0	0	0	0	0.065	0	0.500	0.148	0.567
ATM	H2BC1	9606.ENSP00000278616	9606.ENSP00000274764	0	0	0	0	0	0	0.500	0.311	0.640
ATM	TERF1	9606.ENSP00000278616	9606.ENSP00000276603	0	0	0	0	0.060	0.625	0	0.884	0.955
ATM	CDKN2B	9606.ENSP00000278616	9606.ENSP00000276925	0	0	0	0	0	0.053	0	0.512	0.518
ATM	MAPKAPK2	9606.ENSP00000278616	9606.ENSP00000356070	0	0	0	0	0.072	0	0	0.381	0.401
ATM	MTOR	9606.ENSP00000278616	9606.ENSP00000354558	0	0	0	0.551	0.135	0	0	0.343	0.408
ATM	CXCL8	9606.ENSP00000278616	9606.ENSP00000306512	0	0	0	0	0.057	0	0	0.399	0.409
ATM	MAP2K4	9606.ENSP00000278616	9606.ENSP00000410402	0	0	0	0	0.094	0	0	0.394	0.428
ATM	E2F4	9606.ENSP00000278616	9606.ENSP00000368686	0	0	0	0	0	0	0	0.432	0.432
ATM	FOXM1	9606.ENSP00000278616	9606.ENSP00000342307	0	0	0	0	0.057	0	0	0.424	0.434
ATM	E2F2	9606.ENSP00000278616	9606.ENSP00000355249	0	0	0	0	0	0	0	0.464	0.464
ATM	FOS	9606.ENSP00000278616	9606.ENSP00000306245	0	0	0	0	0.055	0	0	0.462	0.470
ATM	HMGA2	9606.ENSP00000278616	9606.ENSP00000437621	0	0	0	0	0	0.301	0	0.276	0.472
ATM	H1-0	9606.ENSP00000278616	9606.ENSP00000344504	0	0	0	0	0.055	0	0	0.475	0.482
ATM	HIPK2	9606.ENSP00000278616	9606.ENSP00000385571	0	0	0	0	0	0	0	0.492	0.492
ATM	UBA52	9606.ENSP00000278616	9606.ENSP00000388107	0	0	0	0	0	0	0.500	0.077	0.518
ATM	POT1	9606.ENSP00000278616	9606.ENSP00000350249	0	0	0	0	0.096	0	0	0.493	0.522
ATM	MAP2K1	9606.ENSP00000278616	9606.ENSP00000302486	0	0	0	0	0.092	0	0	0.500	0.527
ATM	RELA	9606.ENSP00000278616	9606.ENSP00000384273	0	0	0	0	0.061	0.250	0	0.405	0.545
ATM	IL6	9606.ENSP00000278616	9606.ENSP00000385675	0	0	0	0	0.083	0	0	0.527	0.548
ATM	EIF4EBP1	9606.ENSP00000278616	9606.ENSP00000340691	0	0	0	0	0	0.292	0	0.398	0.555
ATM	RPS6KA3	9606.ENSP00000278616	9606.ENSP00000368884	0	0	0	0	0.106	0.292	0	0.363	0.561
ATM	UBB	9606.ENSP00000278616	9606.ENSP00000478771	0	0	0	0	0.086	0	0.500	0.125	0.565
ATM	JUN	9606.ENSP00000278616	9606.ENSP00000360266	0	0	0	0	0	0	0	0.565	0.565
ATM	RPS6KA1	9606.ENSP00000278616	9606.ENSP00000435412	0	0	0	0	0.086	0.292	0	0.383	0.566
ATM	TGFBR1	9606.ENSP00000278616	9606.ENSP00000447297	0	0	0	0	0.107	0	0	0.547	0.578
ATM	EZH2	9606.ENSP00000278616	9606.ENSP00000320147	0	0	0	0	0	0.083	0	0.571	0.589
ATM	H2AZ2	9606.ENSP00000278616	9606.ENSP00000308405	0	0	0	0	0.042	0.115	0	0.598	0.629
ATM	TGFBR2	9606.ENSP00000278616	9606.ENSP00000351905	0	0	0	0	0.074	0.095	0	0.595	0.631
ATM	H2BC4	9606.ENSP00000278616	9606.ENSP00000321744	0	0	0	0	0	0	0.500	0.310	0.640
ATM	H2BC14	9606.ENSP00000278616	9606.ENSP00000477907	0	0	0	0	0	0	0.500	0.311	0.640
ATM	H2BC5	9606.ENSP00000278616	9606.ENSP00000289316	0	0	0	0	0	0	0.500	0.312	0.641
ATM	H2BC15	9606.ENSP00000278616	9606.ENSP00000483903	0	0	0	0	0	0	0.500	0.313	0.641
ATM	H2BC11	9606.ENSP00000278616	9606.ENSP00000476136	0	0	0	0	0	0	0.500	0.314	0.642
ATM	H2BC13	9606.ENSP00000278616	9606.ENSP00000366618	0	0	0	0	0	0	0.500	0.316	0.643
ATM	H2BC9	9606.ENSP00000278616	9606.ENSP00000479169	0	0	0	0	0	0	0.500	0.316	0.643
ATM	H2BC3	9606.ENSP00000278616	9606.ENSP00000482674	0	0	0	0	0	0	0.500	0.318	0.644
ATM	H2BC12	9606.ENSP00000278616	9606.ENSP00000349430	0	0	0	0	0	0	0.500	0.320	0.645
ATM	H2BC17	9606.ENSP00000278616	9606.ENSP00000477527	0	0	0	0	0.042	0	0.500	0.321	0.646
ATM	EP400	9606.ENSP00000278616	9606.ENSP00000374212	0	0	0	0	0.068	0.300	0	0.560	0.689
ATM	CDK1	9606.ENSP00000278616	9606.ENSP00000378699	0	0	0	0	0	0.054	0	0.730	0.733
ATM	UBC	9606.ENSP00000278616	9606.ENSP00000441543	0	0	0	0	0.086	0	0.500	0.464	0.733
ATM	H2BC21	9606.ENSP00000278616	9606.ENSP00000358151	0	0	0	0	0	0	0.500	0.512	0.745
ATM	GADD45A	9606.ENSP00000278616	9606.ENSP00000360025	0	0	0	0	0	0	0	0.746	0.746
ATM	FOXO1	9606.ENSP00000278616	9606.ENSP00000368880	0	0	0	0	0.070	0.226	0	0.682	0.751
ATM	E2F1	9606.ENSP00000278616	9606.ENSP00000345571	0	0	0	0	0	0.292	0	0.670	0.756
ATM	MAPK8	9606.ENSP00000278616	9606.ENSP00000378974	0	0	0	0	0.090	0.292	0.500	0.432	0.792
ATM	H2AC20	9606.ENSP00000278616	9606.ENSP00000332194	0	0	0	0	0	0.066	0	0.795	0.801
ATM	H2AC18	9606.ENSP00000278616	9606.ENSP00000358155	0	0	0	0	0	0.066	0	0.795	0.801
ATM	CDKN1A	9606.ENSP00000278616	9606.ENSP00000384849	0	0	0	0	0	0	0	0.807	0.807
ATM	CCNA2	9606.ENSP00000278616	9606.ENSP00000481380	0	0	0	0	0	0	0.500	0.645	0.815
ATM	BMI1	9606.ENSP00000278616	9606.ENSP00000365851	0	0	0	0	0.066	0.510	0	0.651	0.826
ATM	FOXO3	9606.ENSP00000278616	9606.ENSP00000339527	0	0	0	0	0.052	0.292	0	0.761	0.826
ATM	RAD9B	9606.ENSP00000278616	9606.ENSP00000376440	0	0	0	0	0	0.473	0.500	0.392	0.826
ATM	CDKN2A	9606.ENSP00000278616	9606.ENSP00000418915	0	0	0	0	0.042	0.053	0	0.845	0.847
ATM	CDC25A	9606.ENSP00000278616	9606.ENSP00000303706	0	0	0	0	0	0.071	0	0.857	0.861
ATM	RAD1	9606.ENSP00000278616	9606.ENSP00000371469	0	0	0	0	0.049	0.521	0.500	0.467	0.862
ATM	MYC	9606.ENSP00000278616	9606.ENSP00000478887	0	0	0	0	0.060	0.129	0	0.855	0.871
ATM	H3-4	9606.ENSP00000278616	9606.ENSP00000355657	0	0	0	0	0	0.066	0.500	0.747	0.871
ATM	PTEN	9606.ENSP00000278616	9606.ENSP00000361021	0	0	0	0	0.087	0	0	0.892	0.897
ATM	SQSTM1	9606.ENSP00000278616	9606.ENSP00000374455	0	0	0	0	0	0	0.900	0.358	0.933
ATM	MDM4	9606.ENSP00000278616	9606.ENSP00000356150	0	0	0	0	0.162	0	0.750	0.801	0.954
ATM	RAD9A	9606.ENSP00000278616	9606.ENSP00000311360	0	0	0	0	0	0.473	0.500	0.865	0.961
ATM	RAD50	9606.ENSP00000278616	9606.ENSP00000368100	0	0	0	0	0.105	0.730	0.900	0.635	0.990
ATM	KAT5	9606.ENSP00000278616	9606.ENSP00000340330	0	0	0	0	0.053	0.630	0.900	0.936	0.997
ATM	H2AX	9606.ENSP00000278616	9606.ENSP00000434024	0	0	0	0	0	0.876	0.500	0.984	0.998
ATM	CHEK1	9606.ENSP00000278616	9606.ENSP00000391090	0	0	0	0	0.050	0.449	0.900	0.974	0.998
ATM	CHEK2	9606.ENSP00000278616	9606.ENSP00000372023	0	0	0	0	0.044	0.836	0.500	0.999	0.999
ATM	MRE11	9606.ENSP00000278616	9606.ENSP00000325863	0	0	0	0	0.236	0.907	0.900	0.941	0.999
ATM	ATR	9606.ENSP00000278616	9606.ENSP00000343741	0	0	0	0.564	0.213	0.974	0.900	0.745	0.999
ATR	SIRT1	9606.ENSP00000343741	9606.ENSP00000212015	0	0	0	0	0.129	0.095	0	0.406	0.491
ATR	CCNB1	9606.ENSP00000343741	9606.ENSP00000256442	0	0	0	0	0.055	0.448	0	0.433	0.678
ATR	CDK4	9606.ENSP00000343741	9606.ENSP00000257904	0	0	0	0	0.042	0.430	0	0.443	0.669
ATR	MDM2	9606.ENSP00000343741	9606.ENSP00000258149	0	0	0	0	0.067	0	0	0.447	0.461
ATR	HUS1	9606.ENSP00000343741	9606.ENSP00000258774	0	0	0	0	0.163	0.401	0.900	0.871	0.992
ATR	NBN	9606.ENSP00000343741	9606.ENSP00000265433	0	0	0	0	0.095	0.724	0.500	0.749	0.964
ATR	CDK6	9606.ENSP00000343741	9606.ENSP00000265734	0	0	0	0	0.049	0.430	0	0.344	0.613
ATR	CDK2	9606.ENSP00000343741	9606.ENSP00000266970	0	0	0	0	0.054	0.473	0.500	0.549	0.872
ATR	TP53	9606.ENSP00000343741	9606.ENSP00000269305	0	0	0	0	0	0.838	0.900	0.781	0.996
ATR	RPS27A	9606.ENSP00000343741	9606.ENSP00000272317	0	0	0	0	0.058	0	0.500	0.052	0.514
ATR	H2BC1	9606.ENSP00000343741	9606.ENSP00000274764	0	0	0	0	0	0.067	0.500	0.247	0.618
ATR	TERF1	9606.ENSP00000343741	9606.ENSP00000276603	0	0	0	0	0.076	0	0	0.432	0.453
ATR	CCNB2	9606.ENSP00000343741	9606.ENSP00000288207	0	0	0	0	0.049	0.554	0	0.254	0.656
ATR	H2BC5	9606.ENSP00000343741	9606.ENSP00000289316	0	0	0	0	0	0.067	0.500	0.224	0.606
ATR	CDC25A	9606.ENSP00000343741	9606.ENSP00000303706	0	0	0	0	0	0.179	0.500	0.687	0.860
ATR	H2AZ2	9606.ENSP00000343741	9606.ENSP00000308405	0	0	0	0	0.091	0.206	0	0.328	0.473
ATR	RAD9A	9606.ENSP00000343741	9606.ENSP00000311360	0	0	0	0	0	0.362	0.900	0.921	0.994
ATR	H2BC4	9606.ENSP00000343741	9606.ENSP00000321744	0	0	0	0	0	0.067	0.500	0.233	0.611
ATR	MRE11	9606.ENSP00000343741	9606.ENSP00000325863	0	0	0	0	0.131	0.830	0.500	0.626	0.968
ATR	H2AC20	9606.ENSP00000343741	9606.ENSP00000332194	0	0	0	0	0	0.095	0	0.602	0.625
ATR	KAT5	9606.ENSP00000343741	9606.ENSP00000340330	0	0	0	0	0	0.071	0.500	0.374	0.684
ATR	POT1	9606.ENSP00000343741	9606.ENSP00000350249	0	0	0	0	0.110	0	0	0.362	0.409
ATR	CDKN1A	9606.ENSP00000343741	9606.ENSP00000384849	0	0	0	0	0	0	0	0.410	0.410
ATR	MTOR	9606.ENSP00000343741	9606.ENSP00000354558	0	0	0	0.554	0.143	0.079	0	0.342	0.436
ATR	MYC	9606.ENSP00000343741	9606.ENSP00000478887	0	0	0	0	0.042	0	0	0.448	0.448
ATR	UBA52	9606.ENSP00000343741	9606.ENSP00000388107	0	0	0	0	0	0	0.500	0	0.499
ATR	E2F1	9606.ENSP00000343741	9606.ENSP00000345571	0	0	0	0	0	0.292	0	0.337	0.511
ATR	UBB	9606.ENSP00000343741	9606.ENSP00000478771	0	0	0	0	0.054	0	0.500	0.052	0.512
ATR	UBC	9606.ENSP00000343741	9606.ENSP00000441543	0	0	0	0	0.054	0	0.500	0.095	0.534
ATR	CDKN2A	9606.ENSP00000343741	9606.ENSP00000418915	0	0	0	0	0	0.292	0	0.373	0.537
ATR	CCNB3	9606.ENSP00000343741	9606.ENSP00000365210	0	0	0	0	0	0.448	0	0.198	0.538
ATR	H2BC12	9606.ENSP00000343741	9606.ENSP00000349430	0	0	0	0	0	0.067	0.500	0.234	0.611
ATR	H2BC11	9606.ENSP00000343741	9606.ENSP00000476136	0	0	0	0	0	0.067	0.500	0.240	0.614
ATR	H2BC15	9606.ENSP00000343741	9606.ENSP00000483903	0	0	0	0	0	0.067	0.500	0.240	0.614
ATR	H2BC3	9606.ENSP00000343741	9606.ENSP00000482674	0	0	0	0	0	0.067	0.500	0.240	0.614
ATR	H2BC13	9606.ENSP00000343741	9606.ENSP00000366618	0	0	0	0	0	0.067	0.500	0.242	0.615
ATR	H2BC14	9606.ENSP00000343741	9606.ENSP00000477907	0	0	0	0	0	0.067	0.500	0.242	0.615
ATR	H2BC9	9606.ENSP00000343741	9606.ENSP00000479169	0	0	0	0	0	0.067	0.500	0.245	0.617
ATR	H2BC17	9606.ENSP00000343741	9606.ENSP00000477527	0	0	0	0	0.049	0.067	0.500	0.245	0.620
ATR	H2AC18	9606.ENSP00000343741	9606.ENSP00000358155	0	0	0	0	0.042	0.095	0	0.602	0.625
ATR	H2BC21	9606.ENSP00000343741	9606.ENSP00000358151	0	0	0	0	0	0.067	0.500	0.386	0.688
ATR	H3-4	9606.ENSP00000343741	9606.ENSP00000355657	0	0	0	0	0.046	0.067	0.500	0.512	0.754
ATR	CDK1	9606.ENSP00000343741	9606.ENSP00000378699	0	0	0	0	0.059	0.430	0	0.633	0.786
ATR	RAD50	9606.ENSP00000343741	9606.ENSP00000368100	0	0	0	0	0.171	0.508	0.500	0.590	0.905
ATR	H2AX	9606.ENSP00000343741	9606.ENSP00000434024	0	0	0	0	0	0.498	0.500	0.687	0.914
ATR	SQSTM1	9606.ENSP00000343741	9606.ENSP00000374455	0	0	0	0	0.042	0	0.900	0.185	0.915
ATR	RAD9B	9606.ENSP00000343741	9606.ENSP00000376440	0	0	0	0	0.049	0.137	0.900	0.334	0.938
ATR	RAD1	9606.ENSP00000343741	9606.ENSP00000371469	0	0	0	0	0.049	0.475	0.900	0.499	0.971
ATR	CHEK2	9606.ENSP00000343741	9606.ENSP00000372023	0	0	0	0	0.049	0.970	0	0.955	0.998
ATR	CHEK1	9606.ENSP00000343741	9606.ENSP00000391090	0	0	0	0	0.059	0.974	0.900	0.947	0.999
BMI1	SIRT1	9606.ENSP00000365851	9606.ENSP00000212015	0	0	0	0	0.127	0.292	0	0.405	0.600
BMI1	CCND1	9606.ENSP00000365851	9606.ENSP00000227507	0	0	0	0	0	0	0	0.616	0.616
BMI1	CDKN1B	9606.ENSP00000365851	9606.ENSP00000228872	0	0	0	0	0.133	0.292	0	0.370	0.579
BMI1	MAPK14	9606.ENSP00000365851	9606.ENSP00000229795	0	0	0	0	0.074	0.292	0.500	0.175	0.693
BMI1	H1-1	9606.ENSP00000365851	9606.ENSP00000244573	0	0	0	0	0	0.510	0	0.075	0.527
BMI1	KDM6B	9606.ENSP00000365851	9606.ENSP00000254846	0	0	0	0	0	0	0.500	0.463	0.720
BMI1	PHC2	9606.ENSP00000365851	9606.ENSP00000257118	0	0	0	0	0	0.906	0.900	0.963	0.999
BMI1	CDK4	9606.ENSP00000365851	9606.ENSP00000257904	0	0	0	0	0.047	0.071	0	0.519	0.537
BMI1	MDM2	9606.ENSP00000365851	9606.ENSP00000258149	0	0	0	0	0	0	0	0.775	0.775
BMI1	CCNE1	9606.ENSP00000365851	9606.ENSP00000262643	0	0	0	0	0.087	0.292	0	0.310	0.515
BMI1	UBE2S	9606.ENSP00000365851	9606.ENSP00000264552	0	0	0	0	0.055	0.071	0.900	0.176	0.917
BMI1	STAT3	9606.ENSP00000365851	9606.ENSP00000264657	0	0	0	0	0	0	0	0.548	0.548
BMI1	CDK6	9606.ENSP00000365851	9606.ENSP00000265734	0	0	0	0	0.044	0.071	0	0.660	0.672
BMI1	CDK2	9606.ENSP00000365851	9606.ENSP00000266970	0	0	0	0	0.049	0.314	0	0.402	0.575
BMI1	TP53	9606.ENSP00000365851	9606.ENSP00000269305	0	0	0	0	0	0.625	0.500	0.787	0.956
BMI1	CBX8	9606.ENSP00000365851	9606.ENSP00000269385	0	0	0	0	0	0.935	0.900	0.976	0.999
BMI1	CBX4	9606.ENSP00000365851	9606.ENSP00000269397	0	0	0	0	0.049	0.926	0.900	0.990	0.999
BMI1	RPS27A	9606.ENSP00000365851	9606.ENSP00000272317	0	0	0	0	0.047	0.510	0	0.097	0.541
BMI1	H2BC1	9606.ENSP00000365851	9606.ENSP00000274764	0	0	0	0	0	0.129	0.500	0.116	0.581
BMI1	CDKN2B	9606.ENSP00000365851	9606.ENSP00000276925	0	0	0	0	0	0	0	0.607	0.607
BMI1	H2BC5	9606.ENSP00000365851	9606.ENSP00000289316	0	0	0	0	0	0.129	0.500	0.105	0.576
BMI1	MAP2K1	9606.ENSP00000365851	9606.ENSP00000302486	0	0	0	0	0.067	0.292	0	0.211	0.433
BMI1	UBE2E1	9606.ENSP00000365851	9606.ENSP00000303709	0	0	0	0	0.162	0.071	0	0.492	0.570
BMI1	H2AZ2	9606.ENSP00000365851	9606.ENSP00000308405	0	0	0	0	0.098	0	0.500	0.094	0.555
BMI1	CBX2	9606.ENSP00000365851	9606.ENSP00000308750	0	0	0	0	0	0.863	0.900	0.995	0.999
BMI1	SUZ12	9606.ENSP00000365851	9606.ENSP00000316578	0	0	0	0	0.110	0.292	0.900	0.969	0.997
BMI1	EZH2	9606.ENSP00000365851	9606.ENSP00000320147	0	0	0	0	0.042	0.610	0.900	0.984	0.999
BMI1	H2BC4	9606.ENSP00000365851	9606.ENSP00000321744	0	0	0	0	0	0.356	0.500	0.093	0.682
BMI1	H2AC14	9606.ENSP00000365851	9606.ENSP00000328484	0	0	0	0	0	0.074	0.500	0	0.517
BMI1	H2AC20	9606.ENSP00000365851	9606.ENSP00000332194	0	0	0	0	0	0.637	0.500	0.767	0.954
BMI1	MAPK11	9606.ENSP00000365851	9606.ENSP00000333685	0	0	0	0	0.059	0	0.500	0.070	0.524
BMI1	TNRC6C	9606.ENSP00000365851	9606.ENSP00000336783	0	0	0	0	0	0	0.500	0	0.499
BMI1	EED	9606.ENSP00000365851	9606.ENSP00000338186	0	0	0	0	0.050	0.583	0.900	0.758	0.989
BMI1	FOXO3	9606.ENSP00000365851	9606.ENSP00000339527	0	0	0	0	0.049	0.297	0	0.399	0.563
BMI1	KAT5	9606.ENSP00000365851	9606.ENSP00000340330	0	0	0	0	0.067	0.301	0	0.574	0.698
BMI1	H2AC7	9606.ENSP00000365851	9606.ENSP00000341094	0	0	0	0	0	0.074	0.500	0	0.517
BMI1	FOXM1	9606.ENSP00000365851	9606.ENSP00000342307	0	0	0	0	0	0.048	0	0.414	0.418
BMI1	H1-0	9606.ENSP00000365851	9606.ENSP00000344504	0	0	0	0	0	0.292	0	0.272	0.462
BMI1	E2F1	9606.ENSP00000365851	9606.ENSP00000345571	0	0	0	0	0	0.057	0	0.444	0.453
BMI1	CDC16	9606.ENSP00000365851	9606.ENSP00000348554	0	0	0	0	0.074	0	0.900	0	0.903
BMI1	UBE2C	9606.ENSP00000365851	9606.ENSP00000348838	0	0	0	0	0	0.071	0.900	0.117	0.910
BMI1	H2BC12	9606.ENSP00000365851	9606.ENSP00000349430	0	0	0	0	0.042	0.126	0.500	0.105	0.575
BMI1	H3-4	9606.ENSP00000365851	9606.ENSP00000355657	0	0	0	0	0	0.356	0	0.709	0.805
BMI1	MAPKAPK2	9606.ENSP00000365851	9606.ENSP00000356070	0	0	0	0	0.060	0	0.500	0.076	0.527
BMI1	RNF2	9606.ENSP00000365851	9606.ENSP00000356480	0	0	0	0	0.088	0.999	0.900	0.999	0.999
BMI1	H2BC21	9606.ENSP00000365851	9606.ENSP00000358151	0	0	0	0	0.044	0.129	0.500	0.432	0.731
BMI1	H2AC18	9606.ENSP00000365851	9606.ENSP00000358155	0	0	0	0	0	0.526	0.500	0.847	0.960
BMI1	BTRC	9606.ENSP00000365851	9606.ENSP00000359206	0	0	0	0	0.067	0.292	0	0.248	0.459
BMI1	JUN	9606.ENSP00000365851	9606.ENSP00000360266	0	0	0	0	0.047	0	0.500	0.367	0.672
BMI1	PTEN	9606.ENSP00000365851	9606.ENSP00000361021	0	0	0	0	0.135	0.363	0	0.601	0.761
BMI1	RBBP4	9606.ENSP00000365851	9606.ENSP00000362592	0	0	0	0	0.094	0	0.900	0.627	0.963
BMI1	UBE2D1	9606.ENSP00000365851	9606.ENSP00000363019	0	0	0	0	0	0.113	0	0.531	0.566
BMI1	CDC26	9606.ENSP00000365851	9606.ENSP00000363322	0	0	0	0	0.042	0	0.900	0	0.900
BMI1	RING1	9606.ENSP00000365851	9606.ENSP00000363787	0	0	0	0	0.066	0.960	0.900	0.998	0.999
BMI1	TFDP1	9606.ENSP00000365851	9606.ENSP00000364519	0	0	0	0	0.060	0	0.500	0.176	0.579
BMI1	EHMT2	9606.ENSP00000365851	9606.ENSP00000379078	0	0	0	0	0	0.045	0	0.410	0.413
BMI1	HMGA2	9606.ENSP00000365851	9606.ENSP00000437621	0	0	0	0	0	0	0	0.438	0.438
BMI1	TNRC6B	9606.ENSP00000365851	9606.ENSP00000401946	0	0	0	0	0	0.048	0.500	0	0.503
BMI1	TFDP2	9606.ENSP00000365851	9606.ENSP00000420616	0	0	0	0	0	0	0.500	0.052	0.505
BMI1	GATA4	9606.ENSP00000365851	9606.ENSP00000435712	0	0	0	0	0	0.304	0	0.330	0.514
BMI1	H2AJ	9606.ENSP00000365851	9606.ENSP00000438553	0	0	0	0	0	0.074	0.500	0	0.517
BMI1	H2AC6	9606.ENSP00000365851	9606.ENSP00000367022	0	0	0	0	0.049	0.074	0.500	0	0.521
BMI1	H2AB1	9606.ENSP00000365851	9606.ENSP00000484261	0	0	0	0	0	0.074	0.500	0.092	0.542
BMI1	FZR1	9606.ENSP00000365851	9606.ENSP00000378529	0	0	0	0	0	0.052	0.540	0	0.545
BMI1	H2BC14	9606.ENSP00000365851	9606.ENSP00000477907	0	0	0	0	0	0.109	0.500	0.100	0.564
BMI1	H2BC17	9606.ENSP00000365851	9606.ENSP00000477527	0	0	0	0	0	0.126	0.500	0.101	0.572
BMI1	H2BC15	9606.ENSP00000365851	9606.ENSP00000483903	0	0	0	0	0	0.129	0.500	0.097	0.572
BMI1	H2BC9	9606.ENSP00000365851	9606.ENSP00000479169	0	0	0	0	0	0.126	0.500	0.103	0.573
BMI1	H2BC13	9606.ENSP00000365851	9606.ENSP00000366618	0	0	0	0	0	0.129	0.500	0.101	0.574
BMI1	H2BC11	9606.ENSP00000365851	9606.ENSP00000476136	0	0	0	0	0	0.126	0.500	0.108	0.576
BMI1	CDK1	9606.ENSP00000365851	9606.ENSP00000378699	0	0	0	0	0	0.071	0	0.608	0.620
BMI1	CDKN1A	9606.ENSP00000365851	9606.ENSP00000384849	0	0	0	0	0	0.292	0	0.520	0.645
BMI1	TNRC6A	9606.ENSP00000365851	9606.ENSP00000379144	0	0	0	0	0	0.292	0.500	0.091	0.650
BMI1	MAPKAPK3	9606.ENSP00000365851	9606.ENSP00000396467	0	0	0	0	0	0.292	0.500	0.246	0.709
BMI1	MOV10	9606.ENSP00000365851	9606.ENSP00000399797	0	0	0	0	0	0.510	0.500	0.054	0.748
BMI1	H2BC3	9606.ENSP00000365851	9606.ENSP00000482674	0	0	0	0	0	0.554	0.500	0.104	0.783
BMI1	H2AX	9606.ENSP00000365851	9606.ENSP00000434024	0	0	0	0	0	0.634	0.500	0.370	0.874
BMI1	MYC	9606.ENSP00000365851	9606.ENSP00000478887	0	0	0	0	0.042	0.054	0	0.877	0.878
BMI1	CDC27	9606.ENSP00000365851	9606.ENSP00000434614	0	0	0	0	0.049	0	0.900	0.063	0.903
BMI1	CDC23	9606.ENSP00000365851	9606.ENSP00000378350	0	0	0	0	0.074	0.089	0.900	0	0.908
BMI1	CDKN2A	9606.ENSP00000365851	9606.ENSP00000418915	0	0	0	0	0	0	0.500	0.835	0.913
BMI1	RBBP7	9606.ENSP00000365851	9606.ENSP00000369424	0	0	0	0	0.100	0	0.900	0.638	0.964
BMI1	PHC3	9606.ENSP00000365851	9606.ENSP00000420294	0	0	0	0	0.042	0.853	0.900	0.538	0.992
BMI1	CBX6	9606.ENSP00000365851	9606.ENSP00000384490	0	0	0	0	0.048	0.842	0.900	0.720	0.995
BMI1	PHC1	9606.ENSP00000365851	9606.ENSP00000437659	0	0	0	0	0.049	0.896	0.900	0.997	0.999
BTRC	MAPK1	9606.ENSP00000359206	9606.ENSP00000215832	0	0	0	0	0.080	0.292	0	0.209	0.440
BTRC	NFKB1	9606.ENSP00000359206	9606.ENSP00000226574	0	0	0	0	0	0.838	0.500	0.598	0.964
BTRC	CCND1	9606.ENSP00000359206	9606.ENSP00000227507	0	0	0	0	0.042	0.292	0	0.531	0.654
BTRC	MAPK14	9606.ENSP00000359206	9606.ENSP00000229795	0	0	0	0	0.065	0.679	0	0.207	0.741
BTRC	CCNA1	9606.ENSP00000359206	9606.ENSP00000255465	0	0	0	0	0	0	0	0.623	0.623
BTRC	CCNB1	9606.ENSP00000359206	9606.ENSP00000256442	0	0	0	0	0	0.292	0	0.511	0.638
BTRC	MDM2	9606.ENSP00000359206	9606.ENSP00000258149	0	0	0	0	0.059	0.292	0.900	0.477	0.960
BTRC	CCNE1	9606.ENSP00000359206	9606.ENSP00000262643	0	0	0	0	0.049	0.510	0	0.246	0.618
BTRC	UBE2S	9606.ENSP00000359206	9606.ENSP00000264552	0	0	0	0	0	0.094	0	0.381	0.415
BTRC	FBXW11	9606.ENSP00000359206	9606.ENSP00000265094	0	0	0.049	0.982	0.255	0.841	0.900	0.529	0.993
BTRC	TP53	9606.ENSP00000359206	9606.ENSP00000269305	0	0	0	0	0	0.510	0	0.527	0.758
BTRC	RPS27A	9606.ENSP00000359206	9606.ENSP00000272317	0	0	0	0	0.046	0.802	0.500	0.109	0.904
BTRC	MAP2K1	9606.ENSP00000359206	9606.ENSP00000302486	0	0	0	0	0.049	0.292	0	0.487	0.624
BTRC	CDC25A	9606.ENSP00000359206	9606.ENSP00000303706	0	0	0	0	0	0.901	0	0.705	0.969
BTRC	SUZ12	9606.ENSP00000359206	9606.ENSP00000316578	0	0	0	0	0	0.491	0	0.125	0.535
BTRC	EZH2	9606.ENSP00000359206	9606.ENSP00000320147	0	0	0	0	0.049	0.534	0	0.271	0.649
BTRC	SP1	9606.ENSP00000359206	9606.ENSP00000329357	0	0	0	0	0.085	0.535	0	0.175	0.618
BTRC	EED	9606.ENSP00000359206	9606.ENSP00000338186	0	0	0	0	0.049	0.384	0	0.067	0.405
BTRC	FOXO3	9606.ENSP00000359206	9606.ENSP00000339527	0	0	0	0	0.067	0.292	0	0.269	0.474
BTRC	FOXM1	9606.ENSP00000359206	9606.ENSP00000342307	0	0	0	0	0	0	0	0.478	0.478
BTRC	E2F1	9606.ENSP00000359206	9606.ENSP00000345571	0	0	0	0	0	0.318	0	0.256	0.471
BTRC	MTOR	9606.ENSP00000359206	9606.ENSP00000354558	0	0	0	0	0.264	0	0	0.307	0.468
BTRC	PTEN	9606.ENSP00000359206	9606.ENSP00000361021	0	0	0	0	0.049	0	0	0.416	0.421
BTRC	MAPK9	9606.ENSP00000359206	9606.ENSP00000394560	0	0	0	0	0.074	0.230	0	0.257	0.424
BTRC	HIPK2	9606.ENSP00000359206	9606.ENSP00000385571	0	0	0	0	0	0.333	0	0.259	0.485
BTRC	CHEK1	9606.ENSP00000359206	9606.ENSP00000391090	0	0	0	0	0	0.292	0	0.422	0.573
BTRC	MAPK8	9606.ENSP00000359206	9606.ENSP00000378974	0	0	0	0	0.149	0	0	0.536	0.588
BTRC	CDK1	9606.ENSP00000359206	9606.ENSP00000378699	0	0	0	0	0	0.292	0	0.450	0.594
BTRC	JUN	9606.ENSP00000359206	9606.ENSP00000360266	0	0	0	0	0	0	0	0.621	0.621
BTRC	CCNA2	9606.ENSP00000359206	9606.ENSP00000481380	0	0	0	0	0.049	0	0	0.626	0.629
BTRC	FZR1	9606.ENSP00000359206	9606.ENSP00000378529	0	0	0	0.573	0.068	0.510	0.400	0.186	0.747
BTRC	MYC	9606.ENSP00000359206	9606.ENSP00000478887	0	0	0	0	0	0.330	0	0.710	0.798
BTRC	RELA	9606.ENSP00000359206	9606.ENSP00000384273	0	0	0	0	0.067	0.600	0.500	0.390	0.871
BTRC	UBA52	9606.ENSP00000359206	9606.ENSP00000388107	0	0	0	0	0	0.800	0.500	0.127	0.905
BTRC	UBB	9606.ENSP00000359206	9606.ENSP00000478771	0	0	0	0	0.046	0.806	0.500	0.130	0.908
BTRC	UBC	9606.ENSP00000359206	9606.ENSP00000441543	0	0	0	0	0.046	0.859	0.500	0.136	0.934
BTRC	RASSF5	9606.ENSP00000359206	9606.ENSP00000462099	0	0	0	0	0	0.505	0.800	0.475	0.943
BTRC	UBE2D1	9606.ENSP00000359206	9606.ENSP00000363019	0	0	0	0	0.044	0.358	0.800	0.648	0.951
CABIN1	TSC2	9606.ENSP00000381364	9606.ENSP00000219476	0	0	0.318	0	0.216	0	0	0	0.442
CABIN1	H1-3	9606.ENSP00000381364	9606.ENSP00000244534	0	0	0	0	0	0	0.500	0	0.499
CABIN1	H1-1	9606.ENSP00000381364	9606.ENSP00000244573	0	0	0	0	0	0.080	0.500	0.103	0.551
CABIN1	LMNB1	9606.ENSP00000381364	9606.ENSP00000261366	0	0	0	0	0	0	0.400	0.098	0.435
CABIN1	UBN1	9606.ENSP00000381364	9606.ENSP00000262376	0	0	0	0	0.106	0.817	0.800	0.997	0.999
CABIN1	HIRA	9606.ENSP00000381364	9606.ENSP00000263208	0	0	0	0	0.072	0.835	0.800	0.993	0.999
CABIN1	RB1	9606.ENSP00000381364	9606.ENSP00000267163	0	0	0	0	0	0	0.400	0	0.400
CABIN1	TP53	9606.ENSP00000381364	9606.ENSP00000269305	0	0	0	0	0.054	0	0.400	0.549	0.721
CABIN1	H1-4	9606.ENSP00000381364	9606.ENSP00000307705	0	0	0	0	0	0	0.500	0.091	0.526
CABIN1	H1-5	9606.ENSP00000381364	9606.ENSP00000330074	0	0	0	0	0	0	0.500	0	0.499
CABIN1	H1-2	9606.ENSP00000381364	9606.ENSP00000339566	0	0	0	0	0	0	0.500	0	0.499
CABIN1	H1-0	9606.ENSP00000381364	9606.ENSP00000344504	0	0	0	0	0.042	0	0.500	0.141	0.552
CABIN1	EP400	9606.ENSP00000381364	9606.ENSP00000374212	0	0	0	0	0.157	0.127	0.400	0.234	0.617
CABIN1	HMGA2	9606.ENSP00000381364	9606.ENSP00000437621	0	0	0	0	0	0	0.500	0.077	0.519
CABIN1	HMGA1	9606.ENSP00000381364	9606.ENSP00000399888	0	0	0	0	0.042	0.330	0.500	0	0.651
CACNA1D	PPP1CA	9606.ENSP00000288139	9606.ENSP00000326031	0	0	0	0	0	0.051	0.900	0.076	0.904
CACNA1D	PPP1CC	9606.ENSP00000288139	9606.ENSP00000341779	0	0	0	0	0	0.051	0.900	0.078	0.904
CACNA1D	PPP1CB	9606.ENSP00000288139	9606.ENSP00000378769	0	0	0	0	0	0.051	0.900	0.099	0.907
CAPN1	TGFB1	9606.ENSP00000431984	9606.ENSP00000221930	0	0	0	0	0.132	0.162	0	0.287	0.436
CAPN1	IL1A	9606.ENSP00000431984	9606.ENSP00000263339	0	0	0	0	0.058	0	0.900	0.192	0.917
CAPN1	TP53	9606.ENSP00000431984	9606.ENSP00000269305	0	0	0	0	0.074	0.160	0.900	0.305	0.938
CAPN1	CAPN2	9606.ENSP00000431984	9606.ENSP00000295006	0	0	0.055	0.970	0.093	0.394	0.900	0.645	0.978
CAPN1	RELA	9606.ENSP00000431984	9606.ENSP00000384273	0	0	0	0	0.117	0.098	0	0.684	0.727
CAPN2	MAPK1	9606.ENSP00000295006	9606.ENSP00000215832	0	0	0	0	0.073	0.328	0	0.363	0.569
CAPN2	IL1A	9606.ENSP00000295006	9606.ENSP00000263339	0	0	0	0	0.058	0	0.900	0.147	0.912
CAPN2	TP53	9606.ENSP00000295006	9606.ENSP00000269305	0	0	0	0	0.067	0	0.900	0.254	0.924
CBX2	MAPK14	9606.ENSP00000308750	9606.ENSP00000229795	0	0	0	0	0	0	0.500	0	0.499
CBX2	KDM6B	9606.ENSP00000308750	9606.ENSP00000254846	0	0	0	0	0	0.051	0.500	0.550	0.767
CBX2	PHC2	9606.ENSP00000308750	9606.ENSP00000257118	0	0	0	0	0	0.797	0.900	0.963	0.999
CBX2	UBE2S	9606.ENSP00000308750	9606.ENSP00000264552	0	0	0	0	0.109	0.071	0.900	0	0.909
CBX2	TP53	9606.ENSP00000308750	9606.ENSP00000269305	0	0	0	0	0.074	0	0.500	0.213	0.603
CBX2	CBX8	9606.ENSP00000308750	9606.ENSP00000269385	0	0	0.096	0.663	0.084	0.316	0.900	0.980	0.998
CBX2	CBX4	9606.ENSP00000308750	9606.ENSP00000269397	0	0	0.113	0.613	0.042	0.615	0.900	0.951	0.998
CBX2	H2BC1	9606.ENSP00000308750	9606.ENSP00000274764	0	0	0	0	0	0.055	0.500	0	0.507
CBX2	H2BC5	9606.ENSP00000308750	9606.ENSP00000289316	0	0	0	0	0	0.055	0.500	0	0.507
CBX2	H2AZ2	9606.ENSP00000308750	9606.ENSP00000308405	0	0	0	0	0	0.085	0.500	0.084	0.544
CBX2	E2F1	9606.ENSP00000308750	9606.ENSP00000345571	0	0	0	0	0.146	0.063	0	0.407	0.484
CBX2	MAPKAPK3	9606.ENSP00000308750	9606.ENSP00000396467	0	0	0	0	0	0	0.500	0	0.499
CBX2	TNRC6A	9606.ENSP00000308750	9606.ENSP00000379144	0	0	0	0	0	0	0.500	0	0.499
CBX2	MAPKAPK2	9606.ENSP00000308750	9606.ENSP00000356070	0	0	0	0	0	0	0.500	0	0.499
CBX2	MAPK11	9606.ENSP00000308750	9606.ENSP00000333685	0	0	0	0	0.045	0	0.500	0	0.502
CBX2	H2BC14	9606.ENSP00000308750	9606.ENSP00000477907	0	0	0	0	0	0.055	0.500	0	0.507
CBX2	H2BC12	9606.ENSP00000308750	9606.ENSP00000349430	0	0	0	0	0	0.055	0.500	0	0.507
CBX2	H2BC17	9606.ENSP00000308750	9606.ENSP00000477527	0	0	0	0	0	0.055	0.500	0	0.507
CBX2	H2BC11	9606.ENSP00000308750	9606.ENSP00000476136	0	0	0	0	0.042	0.055	0.500	0	0.507
CBX2	H2BC15	9606.ENSP00000308750	9606.ENSP00000483903	0	0	0	0	0.044	0.055	0.500	0	0.508
CBX2	MYC	9606.ENSP00000308750	9606.ENSP00000478887	0	0	0	0	0.083	0	0	0.488	0.510
CBX2	H2AC7	9606.ENSP00000308750	9606.ENSP00000341094	0	0	0	0	0	0.053	0.500	0.051	0.511
CBX2	H2AB1	9606.ENSP00000308750	9606.ENSP00000484261	0	0	0	0	0	0.053	0.500	0.051	0.511
CBX2	H2AC6	9606.ENSP00000308750	9606.ENSP00000367022	0	0	0	0	0	0.053	0.500	0.051	0.511
CBX2	H2AJ	9606.ENSP00000308750	9606.ENSP00000438553	0	0	0	0	0	0.053	0.500	0.051	0.511
CBX2	TNRC6C	9606.ENSP00000308750	9606.ENSP00000336783	0	0	0	0	0	0.070	0.500	0	0.515
CBX2	H2BC13	9606.ENSP00000308750	9606.ENSP00000366618	0	0	0	0	0.059	0.055	0.500	0	0.516
CBX2	H2BC9	9606.ENSP00000308750	9606.ENSP00000479169	0	0	0	0	0.062	0.055	0.500	0	0.518
CBX2	JUN	9606.ENSP00000308750	9606.ENSP00000360266	0	0	0	0	0	0	0.500	0.084	0.522
CBX2	TNRC6B	9606.ENSP00000308750	9606.ENSP00000401946	0	0	0	0	0	0	0.500	0.085	0.523
CBX2	FZR1	9606.ENSP00000308750	9606.ENSP00000378529	0	0	0	0	0.047	0.054	0.540	0	0.549
CBX2	MOV10	9606.ENSP00000308750	9606.ENSP00000399797	0	0	0	0	0.058	0	0.500	0.144	0.561
CBX2	H2AC14	9606.ENSP00000308750	9606.ENSP00000328484	0	0	0	0	0.047	0.053	0.500	0.175	0.578
CBX2	CDKN2A	9606.ENSP00000308750	9606.ENSP00000418915	0	0	0	0	0.042	0	0.500	0.288	0.629
CBX2	H2BC3	9606.ENSP00000308750	9606.ENSP00000482674	0	0	0	0	0.042	0.302	0.500	0	0.636
CBX2	H2BC21	9606.ENSP00000308750	9606.ENSP00000358151	0	0	0	0	0	0.195	0.500	0.180	0.641
CBX2	H2BC4	9606.ENSP00000308750	9606.ENSP00000321744	0	0	0	0	0	0.331	0.500	0	0.651
CBX2	H2AX	9606.ENSP00000308750	9606.ENSP00000434024	0	0	0	0	0.118	0.235	0.500	0.157	0.678
CBX2	H2AC20	9606.ENSP00000308750	9606.ENSP00000332194	0	0	0	0	0	0.053	0.500	0.411	0.696
CBX2	H2AC18	9606.ENSP00000308750	9606.ENSP00000358155	0	0	0	0	0	0.053	0.500	0.412	0.697
CBX2	CDC16	9606.ENSP00000308750	9606.ENSP00000348554	0	0	0	0	0	0	0.900	0	0.900
CBX2	CDC26	9606.ENSP00000308750	9606.ENSP00000363322	0	0	0	0	0	0	0.900	0	0.900
CBX2	CDC27	9606.ENSP00000308750	9606.ENSP00000434614	0	0	0	0	0	0.046	0.900	0	0.900
CBX2	CDC23	9606.ENSP00000308750	9606.ENSP00000378350	0	0	0	0	0.062	0	0.900	0	0.902
CBX2	H3C15	9606.ENSP00000308750	9606.ENSP00000385479	0	0	0	0	0	0.907	0	0.066	0.909
CBX2	UBE2C	9606.ENSP00000308750	9606.ENSP00000348838	0	0	0	0	0.179	0.071	0.900	0.093	0.921
CBX2	H3-4	9606.ENSP00000308750	9606.ENSP00000355657	0	0	0	0	0	0.526	0	0.840	0.921
CBX2	RBBP7	9606.ENSP00000308750	9606.ENSP00000369424	0	0	0	0	0.068	0.069	0.900	0.410	0.941
CBX2	RBBP4	9606.ENSP00000308750	9606.ENSP00000362592	0	0	0	0	0.068	0.069	0.900	0.435	0.944
CBX2	H3C1	9606.ENSP00000308750	9606.ENSP00000480826	0	0	0	0	0.047	0.944	0	0.093	0.948
CBX2	EED	9606.ENSP00000308750	9606.ENSP00000338186	0	0	0	0	0	0.157	0.900	0.725	0.974
CBX2	CBX6	9606.ENSP00000308750	9606.ENSP00000384490	0	0	0.098	0.651	0	0.242	0.900	0.714	0.977
CBX2	EZH2	9606.ENSP00000308750	9606.ENSP00000320147	0	0	0	0	0.120	0.100	0.900	0.785	0.980
CBX2	SUZ12	9606.ENSP00000308750	9606.ENSP00000316578	0	0	0	0	0	0	0.900	0.828	0.982
CBX2	PHC3	9606.ENSP00000308750	9606.ENSP00000420294	0	0	0	0	0	0.641	0.900	0.903	0.996
CBX2	RING1	9606.ENSP00000308750	9606.ENSP00000363787	0	0	0	0	0	0.753	0.900	0.998	0.999
CBX2	RNF2	9606.ENSP00000308750	9606.ENSP00000356480	0	0	0	0	0	0.878	0.900	0.994	0.999
CBX2	PHC1	9606.ENSP00000308750	9606.ENSP00000437659	0	0	0	0	0.066	0.817	0.900	0.997	0.999
CBX4	MAPK14	9606.ENSP00000269397	9606.ENSP00000229795	0	0	0	0	0.049	0	0.500	0	0.504
CBX4	KDM6B	9606.ENSP00000269397	9606.ENSP00000254846	0	0	0	0	0.082	0.051	0.500	0.334	0.671
CBX4	PHC2	9606.ENSP00000269397	9606.ENSP00000257118	0	0	0	0	0.063	0.803	0.900	0.752	0.994
CBX4	UBE2S	9606.ENSP00000269397	9606.ENSP00000264552	0	0	0	0	0.056	0.071	0.900	0.059	0.906
CBX4	RB1	9606.ENSP00000269397	9606.ENSP00000267163	0	0	0	0	0	0.510	0	0.125	0.552
CBX4	TP53	9606.ENSP00000269397	9606.ENSP00000269305	0	0	0	0	0.044	0	0.500	0.271	0.621
CBX4	CBX8	9606.ENSP00000269397	9606.ENSP00000269385	0	0	0	0.691	0.128	0.746	0.900	0.965	0.999
CBX4	TNRC6A	9606.ENSP00000269397	9606.ENSP00000379144	0	0	0	0	0	0	0.500	0	0.499
CBX4	TNRC6B	9606.ENSP00000269397	9606.ENSP00000401946	0	0	0	0	0	0	0.500	0.051	0.505
CBX4	H2BC14	9606.ENSP00000269397	9606.ENSP00000477907	0	0	0	0	0	0.055	0.500	0	0.507
CBX4	H2BC1	9606.ENSP00000269397	9606.ENSP00000274764	0	0	0	0	0	0.055	0.500	0	0.507
CBX4	H2BC11	9606.ENSP00000269397	9606.ENSP00000476136	0	0	0	0	0.042	0.055	0.500	0	0.507
CBX4	H2BC17	9606.ENSP00000269397	9606.ENSP00000477527	0	0	0	0	0.042	0.055	0.500	0	0.507
CBX4	H2BC13	9606.ENSP00000269397	9606.ENSP00000366618	0	0	0	0	0	0.055	0.500	0	0.507
CBX4	H2BC9	9606.ENSP00000269397	9606.ENSP00000479169	0	0	0	0	0.044	0.055	0.500	0	0.508
CBX4	H2BC12	9606.ENSP00000269397	9606.ENSP00000349430	0	0	0	0	0.044	0.055	0.500	0	0.508
CBX4	H2BC15	9606.ENSP00000269397	9606.ENSP00000483903	0	0	0	0	0.043	0.055	0.500	0	0.508
CBX4	H2BC5	9606.ENSP00000269397	9606.ENSP00000289316	0	0	0	0	0.043	0.055	0.500	0	0.508
CBX4	H2AC14	9606.ENSP00000269397	9606.ENSP00000328484	0	0	0	0	0	0.053	0.500	0.051	0.511
CBX4	H2AB1	9606.ENSP00000269397	9606.ENSP00000484261	0	0	0	0	0	0.053	0.500	0.051	0.511
CBX4	H2AC6	9606.ENSP00000269397	9606.ENSP00000367022	0	0	0	0	0.044	0.053	0.500	0.051	0.512
CBX4	H2AC7	9606.ENSP00000269397	9606.ENSP00000341094	0	0	0	0	0.044	0.053	0.500	0.051	0.512
CBX4	H2AJ	9606.ENSP00000269397	9606.ENSP00000438553	0	0	0	0	0.054	0.053	0.500	0.051	0.518
CBX4	MYC	9606.ENSP00000269397	9606.ENSP00000478887	0	0	0	0	0.045	0	0	0.516	0.518
CBX4	TNRC6C	9606.ENSP00000269397	9606.ENSP00000336783	0	0	0	0	0.049	0.070	0.500	0	0.519
CBX4	MAPK11	9606.ENSP00000269397	9606.ENSP00000333685	0	0	0	0	0.084	0	0.500	0	0.522
CBX4	H2BC4	9606.ENSP00000269397	9606.ENSP00000321744	0	0	0	0	0.043	0.088	0.500	0	0.525
CBX4	MAPKAPK2	9606.ENSP00000269397	9606.ENSP00000356070	0	0	0	0	0.106	0	0.500	0	0.533
CBX4	H2AZ2	9606.ENSP00000269397	9606.ENSP00000308405	0	0	0	0	0.044	0.085	0.500	0.105	0.556
CBX4	MAPKAPK3	9606.ENSP00000269397	9606.ENSP00000396467	0	0	0	0	0	0	0.500	0.154	0.558
CBX4	FZR1	9606.ENSP00000269397	9606.ENSP00000378529	0	0	0	0	0.118	0.054	0.540	0	0.582
CBX4	H2AX	9606.ENSP00000269397	9606.ENSP00000434024	0	0	0	0	0.067	0.053	0.500	0.186	0.592
CBX4	H2BC3	9606.ENSP00000269397	9606.ENSP00000482674	0	0	0	0	0	0.302	0.500	0	0.636
CBX4	CDKN2A	9606.ENSP00000269397	9606.ENSP00000418915	0	0	0	0	0	0	0.500	0.304	0.637
CBX4	JUN	9606.ENSP00000269397	9606.ENSP00000360266	0	0	0	0	0.067	0.199	0.500	0.151	0.640
CBX4	H2BC21	9606.ENSP00000269397	9606.ENSP00000358151	0	0	0	0	0.072	0.201	0.500	0.162	0.648
CBX4	MOV10	9606.ENSP00000269397	9606.ENSP00000399797	0	0	0	0	0.044	0.292	0.500	0.110	0.658
CBX4	HIPK2	9606.ENSP00000269397	9606.ENSP00000385571	0	0	0	0	0	0.292	0	0.554	0.670
CBX4	H2AC20	9606.ENSP00000269397	9606.ENSP00000332194	0	0	0	0	0	0.053	0.500	0.376	0.679
CBX4	H2AC18	9606.ENSP00000269397	9606.ENSP00000358155	0	0	0	0	0.049	0.053	0.500	0.376	0.681
CBX4	H3-4	9606.ENSP00000269397	9606.ENSP00000355657	0	0	0	0	0	0.345	0	0.616	0.737
CBX4	CDC26	9606.ENSP00000269397	9606.ENSP00000363322	0	0	0	0	0	0	0.900	0	0.900
CBX4	CDC23	9606.ENSP00000269397	9606.ENSP00000378350	0	0	0	0	0	0	0.900	0	0.900
CBX4	CDC16	9606.ENSP00000269397	9606.ENSP00000348554	0	0	0	0	0	0	0.900	0	0.900
CBX4	UBE2C	9606.ENSP00000269397	9606.ENSP00000348838	0	0	0	0	0	0.071	0.900	0.075	0.906
CBX4	CDC27	9606.ENSP00000269397	9606.ENSP00000434614	0	0	0	0	0	0.046	0.900	0.123	0.909
CBX4	RBBP7	9606.ENSP00000269397	9606.ENSP00000369424	0	0	0	0	0.042	0.069	0.900	0.322	0.931
CBX4	RBBP4	9606.ENSP00000269397	9606.ENSP00000362592	0	0	0	0	0	0.069	0.900	0.354	0.934
CBX4	EED	9606.ENSP00000269397	9606.ENSP00000338186	0	0	0	0	0	0.157	0.900	0.441	0.948
CBX4	SUZ12	9606.ENSP00000269397	9606.ENSP00000316578	0	0	0	0	0.049	0	0.900	0.516	0.949
CBX4	EZH2	9606.ENSP00000269397	9606.ENSP00000320147	0	0	0	0	0	0.100	0.900	0.685	0.969
CBX4	CBX6	9606.ENSP00000269397	9606.ENSP00000384490	0	0	0	0.677	0	0.329	0.900	0.860	0.989
CBX4	PHC3	9606.ENSP00000269397	9606.ENSP00000420294	0	0	0	0	0.056	0.808	0.900	0.800	0.995
CBX4	PHC1	9606.ENSP00000269397	9606.ENSP00000437659	0	0	0	0	0	0.867	0.900	0.891	0.998
CBX4	RNF2	9606.ENSP00000269397	9606.ENSP00000356480	0	0	0	0	0	0.841	0.900	0.962	0.999
CBX4	RING1	9606.ENSP00000269397	9606.ENSP00000363787	0	0	0	0	0.072	0.886	0.900	0.973	0.999
CBX6	MAPK14	9606.ENSP00000384490	9606.ENSP00000229795	0	0	0	0	0	0	0.500	0	0.499
CBX6	KDM6B	9606.ENSP00000384490	9606.ENSP00000254846	0	0	0	0	0.044	0.051	0.500	0.192	0.584
CBX6	PHC2	9606.ENSP00000384490	9606.ENSP00000257118	0	0	0	0	0.044	0.796	0.900	0.717	0.993
CBX6	TP53	9606.ENSP00000384490	9606.ENSP00000269305	0	0	0	0	0	0	0.500	0.138	0.550
CBX6	CBX8	9606.ENSP00000384490	9606.ENSP00000269385	0	0	0	0.765	0	0.422	0.900	0.920	0.994
CBX6	H2BC1	9606.ENSP00000384490	9606.ENSP00000274764	0	0	0	0	0	0.055	0.500	0	0.507
CBX6	H2BC5	9606.ENSP00000384490	9606.ENSP00000289316	0	0	0	0	0	0.055	0.500	0	0.507
CBX6	H2AZ2	9606.ENSP00000384490	9606.ENSP00000308405	0	0	0	0	0	0.085	0.500	0.084	0.544
CBX6	SUZ12	9606.ENSP00000384490	9606.ENSP00000316578	0	0	0	0	0.043	0	0.900	0.425	0.940
CBX6	EZH2	9606.ENSP00000384490	9606.ENSP00000320147	0	0	0	0	0	0.100	0.900	0.469	0.948
CBX6	H2BC4	9606.ENSP00000384490	9606.ENSP00000321744	0	0	0	0	0	0.055	0.500	0	0.507
CBX6	H2AC14	9606.ENSP00000384490	9606.ENSP00000328484	0	0	0	0	0	0.053	0.500	0.051	0.511
CBX6	H2AC20	9606.ENSP00000384490	9606.ENSP00000332194	0	0	0	0	0	0.053	0.500	0.306	0.642
CBX6	MAPK11	9606.ENSP00000384490	9606.ENSP00000333685	0	0	0	0	0.066	0	0.500	0	0.513
CBX6	TNRC6C	9606.ENSP00000384490	9606.ENSP00000336783	0	0	0	0	0.042	0.070	0.500	0	0.515
CBX6	EED	9606.ENSP00000384490	9606.ENSP00000338186	0	0	0	0	0	0.157	0.900	0.368	0.942
CBX6	H1-2	9606.ENSP00000384490	9606.ENSP00000339566	0	0	0	0	0	0.432	0	0	0.432
CBX6	H2AC7	9606.ENSP00000384490	9606.ENSP00000341094	0	0	0	0	0	0.053	0.500	0.051	0.511
CBX6	H2BC12	9606.ENSP00000384490	9606.ENSP00000349430	0	0	0	0	0	0.055	0.500	0	0.507
CBX6	H3-4	9606.ENSP00000384490	9606.ENSP00000355657	0	0	0	0	0	0.963	0	0.564	0.983
CBX6	H3-3A	9606.ENSP00000384490	9606.ENSP00000355780	0	0	0	0	0	0.907	0	0.066	0.909
CBX6	MAPKAPK2	9606.ENSP00000384490	9606.ENSP00000356070	0	0	0	0	0.042	0	0.500	0	0.500
CBX6	RNF2	9606.ENSP00000384490	9606.ENSP00000356480	0	0	0	0	0	0.834	0.900	0.744	0.995
CBX6	H2BC21	9606.ENSP00000384490	9606.ENSP00000358151	0	0	0	0	0	0.302	0.500	0.131	0.670
CBX6	H2AC18	9606.ENSP00000384490	9606.ENSP00000358155	0	0	0	0	0	0.053	0.500	0.307	0.643
CBX6	JUN	9606.ENSP00000384490	9606.ENSP00000360266	0	0	0	0	0	0	0.500	0.057	0.508
CBX6	RBBP4	9606.ENSP00000384490	9606.ENSP00000362592	0	0	0	0	0.047	0.069	0.900	0.271	0.926
CBX6	RING1	9606.ENSP00000384490	9606.ENSP00000363787	0	0	0	0	0.060	0.768	0.900	0.899	0.997
CBX6	H2BC13	9606.ENSP00000384490	9606.ENSP00000366618	0	0	0	0	0	0.055	0.500	0	0.507
CBX6	H2AC6	9606.ENSP00000384490	9606.ENSP00000367022	0	0	0	0	0	0.053	0.500	0.103	0.538
CBX6	RBBP7	9606.ENSP00000384490	9606.ENSP00000369424	0	0	0	0	0	0.069	0.900	0.323	0.931
CBX6	TNRC6A	9606.ENSP00000384490	9606.ENSP00000379144	0	0	0	0	0	0	0.500	0	0.499
CBX6	MAPKAPK3	9606.ENSP00000384490	9606.ENSP00000396467	0	0	0	0	0.048	0	0.500	0	0.503
CBX6	H2BC15	9606.ENSP00000384490	9606.ENSP00000483903	0	0	0	0	0	0.055	0.500	0	0.507
CBX6	H2BC11	9606.ENSP00000384490	9606.ENSP00000476136	0	0	0	0	0	0.055	0.500	0	0.507
CBX6	H2BC17	9606.ENSP00000384490	9606.ENSP00000477527	0	0	0	0	0	0.055	0.500	0	0.507
CBX6	H2BC14	9606.ENSP00000384490	9606.ENSP00000477907	0	0	0	0	0	0.055	0.500	0	0.507
CBX6	H2BC9	9606.ENSP00000384490	9606.ENSP00000479169	0	0	0	0	0	0.055	0.500	0	0.507
CBX6	H2AJ	9606.ENSP00000384490	9606.ENSP00000438553	0	0	0	0	0	0.053	0.500	0.051	0.511
CBX6	H2AB1	9606.ENSP00000384490	9606.ENSP00000484261	0	0	0	0	0	0.053	0.500	0.051	0.511
CBX6	H2AX	9606.ENSP00000384490	9606.ENSP00000434024	0	0	0	0	0	0.053	0.500	0.065	0.519
CBX6	TNRC6B	9606.ENSP00000384490	9606.ENSP00000401946	0	0	0	0	0.074	0	0.500	0.051	0.522
CBX6	CDKN2A	9606.ENSP00000384490	9606.ENSP00000418915	0	0	0	0	0	0	0.500	0.219	0.592
CBX6	H2BC3	9606.ENSP00000384490	9606.ENSP00000482674	0	0	0	0	0	0.302	0.500	0	0.636
CBX6	MOV10	9606.ENSP00000384490	9606.ENSP00000399797	0	0	0	0	0	0.541	0.500	0.520	0.880
CBX6	H3C15	9606.ENSP00000384490	9606.ENSP00000385479	0	0	0	0	0	0.907	0	0.066	0.909
CBX6	H3C1	9606.ENSP00000384490	9606.ENSP00000480826	0	0	0	0	0	0.925	0	0.066	0.927
CBX6	PHC1	9606.ENSP00000384490	9606.ENSP00000437659	0	0	0	0	0	0.707	0.900	0.677	0.989
CBX6	PHC3	9606.ENSP00000384490	9606.ENSP00000420294	0	0	0	0	0	0.710	0.900	0.796	0.993
CBX8	MAPK14	9606.ENSP00000269385	9606.ENSP00000229795	0	0	0	0	0.042	0	0.500	0.074	0.517
CBX8	KDM6B	9606.ENSP00000269385	9606.ENSP00000254846	0	0	0	0	0.060	0.051	0.500	0.251	0.621
CBX8	PHC2	9606.ENSP00000269385	9606.ENSP00000257118	0	0	0	0	0.067	0.873	0.900	0.943	0.999
CBX8	RBL2	9606.ENSP00000269385	9606.ENSP00000262133	0	0	0	0	0	0	0	0.520	0.520
CBX8	UBE2S	9606.ENSP00000269385	9606.ENSP00000264552	0	0	0	0	0.072	0.071	0.900	0.105	0.912
CBX8	TP53	9606.ENSP00000269385	9606.ENSP00000269305	0	0	0	0	0.048	0	0.500	0.232	0.602
CBX8	H1-5	9606.ENSP00000269385	9606.ENSP00000330074	0	0	0	0	0	0.423	0	0	0.422
CBX8	CDKN1A	9606.ENSP00000269385	9606.ENSP00000384849	0	0	0	0	0	0.292	0	0.231	0.432
CBX8	TNRC6A	9606.ENSP00000269385	9606.ENSP00000379144	0	0	0	0	0	0	0.500	0	0.499
CBX8	TNRC6B	9606.ENSP00000269385	9606.ENSP00000401946	0	0	0	0	0	0	0.500	0.051	0.505
CBX8	TNRC6C	9606.ENSP00000269385	9606.ENSP00000336783	0	0	0	0	0	0.070	0.500	0	0.515
CBX8	H2BC14	9606.ENSP00000269385	9606.ENSP00000477907	0	0	0	0	0	0.067	0.500	0.069	0.527
CBX8	H2BC9	9606.ENSP00000269385	9606.ENSP00000479169	0	0	0	0	0	0.067	0.500	0.069	0.527
CBX8	MAPKAPK2	9606.ENSP00000269385	9606.ENSP00000356070	0	0	0	0	0.067	0	0.500	0.073	0.529
CBX8	H2BC13	9606.ENSP00000269385	9606.ENSP00000366618	0	0	0	0	0.044	0.067	0.500	0.069	0.529
CBX8	H2BC15	9606.ENSP00000269385	9606.ENSP00000483903	0	0	0	0	0.047	0.067	0.500	0.069	0.530
CBX8	H2BC17	9606.ENSP00000269385	9606.ENSP00000477527	0	0	0	0	0.047	0.067	0.500	0.069	0.530
CBX8	MAPK11	9606.ENSP00000269385	9606.ENSP00000333685	0	0	0	0	0.074	0	0.500	0.074	0.533
CBX8	H2BC11	9606.ENSP00000269385	9606.ENSP00000476136	0	0	0	0	0.059	0.067	0.500	0.069	0.536
CBX8	H2BC5	9606.ENSP00000269385	9606.ENSP00000289316	0	0	0	0	0	0.067	0.500	0.094	0.540
CBX8	H2AC14	9606.ENSP00000269385	9606.ENSP00000328484	0	0	0	0	0.052	0.067	0.500	0.090	0.543
CBX8	MAPKAPK3	9606.ENSP00000269385	9606.ENSP00000396467	0	0	0	0	0	0	0.500	0.125	0.543
CBX8	H2AC6	9606.ENSP00000269385	9606.ENSP00000367022	0	0	0	0	0.052	0.067	0.500	0.090	0.543
CBX8	H2AB1	9606.ENSP00000269385	9606.ENSP00000484261	0	0	0	0	0.052	0.067	0.500	0.090	0.543
CBX8	H2AC7	9606.ENSP00000269385	9606.ENSP00000341094	0	0	0	0	0.054	0.067	0.500	0.090	0.545
CBX8	H2BC4	9606.ENSP00000269385	9606.ENSP00000321744	0	0	0	0	0	0.100	0.500	0.073	0.546
CBX8	FZR1	9606.ENSP00000269385	9606.ENSP00000378529	0	0	0	0	0.083	0.054	0.540	0	0.566
CBX8	JUN	9606.ENSP00000269385	9606.ENSP00000360266	0	0	0	0	0	0.131	0.500	0.127	0.587
CBX8	H2AZ2	9606.ENSP00000269385	9606.ENSP00000308405	0	0	0	0	0	0.094	0.500	0.166	0.589
CBX8	H2AJ	9606.ENSP00000269385	9606.ENSP00000438553	0	0	0	0	0.052	0.186	0.500	0.090	0.602
CBX8	H2AX	9606.ENSP00000269385	9606.ENSP00000434024	0	0	0	0	0.093	0.067	0.500	0.181	0.607
CBX8	H2BC12	9606.ENSP00000269385	9606.ENSP00000349430	0	0	0	0	0.060	0.219	0.500	0.068	0.612
CBX8	H2BC21	9606.ENSP00000269385	9606.ENSP00000358151	0	0	0	0	0	0.206	0.500	0.175	0.643
CBX8	CDKN2A	9606.ENSP00000269385	9606.ENSP00000418915	0	0	0	0	0.067	0	0.500	0.301	0.645
CBX8	H2BC3	9606.ENSP00000269385	9606.ENSP00000482674	0	0	0	0	0	0.311	0.500	0.069	0.651
CBX8	H2BC1	9606.ENSP00000269385	9606.ENSP00000274764	0	0	0	0	0	0.311	0.500	0.076	0.653
CBX8	H2AC18	9606.ENSP00000269385	9606.ENSP00000358155	0	0	0	0	0.052	0.067	0.500	0.383	0.690
CBX8	H2AC20	9606.ENSP00000269385	9606.ENSP00000332194	0	0	0	0	0.054	0.067	0.500	0.382	0.691
CBX8	KAT5	9606.ENSP00000269385	9606.ENSP00000340330	0	0	0	0	0	0.366	0	0.568	0.715
CBX8	MOV10	9606.ENSP00000269385	9606.ENSP00000399797	0	0	0	0	0	0.510	0.500	0.188	0.783
CBX8	H3-4	9606.ENSP00000269385	9606.ENSP00000355657	0	0	0	0	0.042	0.540	0	0.644	0.830
CBX8	CDC26	9606.ENSP00000269385	9606.ENSP00000363322	0	0	0	0	0	0	0.900	0	0.900
CBX8	CDC16	9606.ENSP00000269385	9606.ENSP00000348554	0	0	0	0	0	0	0.900	0	0.900
CBX8	CDC27	9606.ENSP00000269385	9606.ENSP00000434614	0	0	0	0	0	0.046	0.900	0.066	0.903
CBX8	UBE2C	9606.ENSP00000269385	9606.ENSP00000348838	0	0	0	0	0.059	0.071	0.900	0	0.904
CBX8	CDC23	9606.ENSP00000269385	9606.ENSP00000378350	0	0	0	0	0	0	0.900	0.092	0.905
CBX8	RBBP7	9606.ENSP00000269385	9606.ENSP00000369424	0	0	0	0	0	0.079	0.900	0.398	0.939
CBX8	RBBP4	9606.ENSP00000269385	9606.ENSP00000362592	0	0	0	0	0	0.079	0.900	0.535	0.953
CBX8	EED	9606.ENSP00000269385	9606.ENSP00000338186	0	0	0	0	0	0.300	0.900	0.513	0.962
CBX8	EZH2	9606.ENSP00000269385	9606.ENSP00000320147	0	0	0	0	0	0.127	0.900	0.664	0.968
CBX8	SUZ12	9606.ENSP00000269385	9606.ENSP00000316578	0	0	0	0	0	0	0.900	0.759	0.974
CBX8	PHC1	9606.ENSP00000269385	9606.ENSP00000437659	0	0	0	0	0	0.858	0.900	0.796	0.996
CBX8	PHC3	9606.ENSP00000269385	9606.ENSP00000420294	0	0	0	0	0	0.807	0.900	0.921	0.998
CBX8	RNF2	9606.ENSP00000269385	9606.ENSP00000356480	0	0	0	0	0	0.918	0.900	0.824	0.998
CBX8	RING1	9606.ENSP00000269385	9606.ENSP00000363787	0	0	0	0	0.070	0.901	0.900	0.987	0.999
CCNA1	MYBL2	9606.ENSP00000255465	9606.ENSP00000217026	0	0	0.211	0	0.122	0.537	0.900	0.717	0.989
CCNA1	CCND1	9606.ENSP00000255465	9606.ENSP00000227507	0	0	0	0.672	0.107	0.051	0	0.424	0.469
CCNA1	CDKN1B	9606.ENSP00000255465	9606.ENSP00000228872	0	0	0	0	0	0.877	0.900	0.997	0.999
CCNA1	H1-1	9606.ENSP00000255465	9606.ENSP00000244573	0	0	0	0	0.055	0.644	0	0.087	0.666
CCNA1	TERF2	9606.ENSP00000255465	9606.ENSP00000254942	0	0	0	0	0	0	0.400	0.112	0.444
CCNA1	POT1	9606.ENSP00000255465	9606.ENSP00000350249	0	0	0	0	0	0	0.400	0	0.400
CCNA1	TSC1	9606.ENSP00000255465	9606.ENSP00000298552	0	0	0	0	0	0	0	0.412	0.412
CCNA1	MTOR	9606.ENSP00000255465	9606.ENSP00000354558	0	0	0	0	0	0	0	0.419	0.419
CCNA1	GADD45A	9606.ENSP00000255465	9606.ENSP00000360025	0	0	0	0	0.058	0	0	0.415	0.425
CCNA1	TINF2	9606.ENSP00000255465	9606.ENSP00000267415	0	0	0	0	0.051	0	0.400	0.081	0.431
CCNA1	TERF2IP	9606.ENSP00000255465	9606.ENSP00000300086	0	0	0	0	0.067	0	0.400	0.072	0.435
CCNA1	LMNB1	9606.ENSP00000255465	9606.ENSP00000261366	0	0	0	0	0.116	0	0	0.388	0.436
CCNA1	SP1	9606.ENSP00000255465	9606.ENSP00000329357	0	0	0	0	0.051	0.292	0	0.259	0.459
CCNA1	PTEN	9606.ENSP00000255465	9606.ENSP00000361021	0	0	0	0	0	0	0	0.482	0.482
CCNA1	TERF1	9606.ENSP00000255465	9606.ENSP00000276603	0	0	0	0	0	0	0.400	0.187	0.491
CCNA1	STAT3	9606.ENSP00000255465	9606.ENSP00000264657	0	0	0	0	0	0	0	0.493	0.493
CCNA1	CDKN2B	9606.ENSP00000255465	9606.ENSP00000276925	0	0	0	0	0	0	0	0.509	0.509
CCNA1	FOS	9606.ENSP00000255465	9606.ENSP00000306245	0	0	0	0	0.102	0	0	0.475	0.509
CCNA1	RAD50	9606.ENSP00000255465	9606.ENSP00000368100	0	0	0	0	0.067	0	0.500	0	0.513
CCNA1	CDKN2C	9606.ENSP00000255465	9606.ENSP00000262662	0	0	0	0	0	0	0	0.514	0.514
CCNA1	RPS27A	9606.ENSP00000255465	9606.ENSP00000272317	0	0	0	0	0	0.049	0.500	0.071	0.519
CCNA1	JUN	9606.ENSP00000255465	9606.ENSP00000360266	0	0	0	0	0	0	0	0.520	0.520
CCNA1	CDKN2D	9606.ENSP00000255465	9606.ENSP00000377224	0	0	0	0	0.042	0	0	0.527	0.528
CCNA1	FOXO1	9606.ENSP00000255465	9606.ENSP00000368880	0	0	0	0	0	0	0	0.529	0.529
CCNA1	MAPK3	9606.ENSP00000255465	9606.ENSP00000263025	0	0	0	0	0.057	0	0	0.525	0.533
CCNA1	UBB	9606.ENSP00000255465	9606.ENSP00000478771	0	0	0	0	0	0.049	0.500	0.105	0.537
CCNA1	UBA52	9606.ENSP00000255465	9606.ENSP00000388107	0	0	0	0	0	0	0.500	0.114	0.538
CCNA1	FOXO3	9606.ENSP00000255465	9606.ENSP00000339527	0	0	0	0	0	0	0	0.544	0.544
CCNA1	PIK3CA	9606.ENSP00000255465	9606.ENSP00000263967	0	0	0	0	0	0	0	0.545	0.545
CCNA1	MRE11	9606.ENSP00000255465	9606.ENSP00000325863	0	0	0	0	0.074	0	0.500	0.103	0.548
CCNA1	EP400	9606.ENSP00000255465	9606.ENSP00000374212	0	0	0	0	0.074	0	0.500	0.125	0.559
CCNA1	UBC	9606.ENSP00000255465	9606.ENSP00000441543	0	0	0	0	0	0.049	0.500	0.147	0.559
CCNA1	UBE2E1	9606.ENSP00000255465	9606.ENSP00000303709	0	0	0	0	0.051	0.086	0.500	0.105	0.560
CCNA1	H1-5	9606.ENSP00000255465	9606.ENSP00000330074	0	0	0	0	0.055	0.536	0	0.087	0.564
CCNA1	EIF4EBP1	9606.ENSP00000255465	9606.ENSP00000340691	0	0	0	0	0	0	0	0.567	0.567
CCNA1	CDC26	9606.ENSP00000255465	9606.ENSP00000363322	0	0	0	0	0	0	0.500	0.182	0.573
CCNA1	CCNB3	9606.ENSP00000255465	9606.ENSP00000365210	0	0	0	0.693	0.329	0.215	0	0.262	0.577
CCNA1	LIN37	9606.ENSP00000255465	9606.ENSP00000301159	0	0	0	0	0	0	0.500	0.191	0.578
CCNA1	NBN	9606.ENSP00000255465	9606.ENSP00000265433	0	0	0	0	0	0	0.500	0.193	0.579
CCNA1	LIN54	9606.ENSP00000255465	9606.ENSP00000341947	0	0	0	0	0	0	0.500	0.211	0.588
CCNA1	LIN9	9606.ENSP00000255465	9606.ENSP00000329102	0	0	0	0	0.055	0	0.500	0.216	0.597
CCNA1	TFDP2	9606.ENSP00000255465	9606.ENSP00000420616	0	0	0	0	0.098	0.059	0.500	0.170	0.600
CCNA1	RBBP4	9606.ENSP00000255465	9606.ENSP00000362592	0	0	0	0	0.105	0	0.500	0.178	0.600
CCNA1	LIN52	9606.ENSP00000255465	9606.ENSP00000451812	0	0	0	0	0	0	0.500	0.234	0.600
CCNA1	H2BC5	9606.ENSP00000255465	9606.ENSP00000289316	0	0	0	0	0	0	0.500	0.269	0.619
CCNA1	H2BC4	9606.ENSP00000255465	9606.ENSP00000321744	0	0	0	0	0.044	0	0.500	0.268	0.619
CCNA1	H2BC15	9606.ENSP00000255465	9606.ENSP00000483903	0	0	0	0	0	0	0.500	0.270	0.619
CCNA1	H2BC13	9606.ENSP00000255465	9606.ENSP00000366618	0	0	0	0	0	0	0.500	0.271	0.620
CCNA1	H2BC11	9606.ENSP00000255465	9606.ENSP00000476136	0	0	0	0	0.042	0	0.500	0.271	0.620
CCNA1	H2BC12	9606.ENSP00000255465	9606.ENSP00000349430	0	0	0	0	0	0	0.500	0.271	0.620
CCNA1	H2BC9	9606.ENSP00000255465	9606.ENSP00000479169	0	0	0	0	0	0	0.500	0.271	0.620
CCNA1	H2BC3	9606.ENSP00000255465	9606.ENSP00000482674	0	0	0	0	0	0	0.500	0.271	0.620
CCNA1	H2BC14	9606.ENSP00000255465	9606.ENSP00000477907	0	0	0	0	0	0	0.500	0.271	0.620
CCNA1	H2BC17	9606.ENSP00000255465	9606.ENSP00000477527	0	0	0	0	0.042	0	0.500	0.273	0.621
CCNA1	KAT5	9606.ENSP00000255465	9606.ENSP00000340330	0	0	0	0	0	0	0.500	0.285	0.627
CCNA1	H1-0	9606.ENSP00000255465	9606.ENSP00000344504	0	0	0	0	0.060	0.094	0	0.616	0.644
CCNA1	UBE2D1	9606.ENSP00000255465	9606.ENSP00000363019	0	0	0	0	0.051	0.101	0.500	0.270	0.646
CCNA1	CDKN2A	9606.ENSP00000255465	9606.ENSP00000418915	0	0	0	0	0.044	0	0	0.670	0.671
CCNA1	CDC23	9606.ENSP00000255465	9606.ENSP00000378350	0	0	0	0	0	0	0.500	0.371	0.672
CCNA1	H2BC21	9606.ENSP00000255465	9606.ENSP00000358151	0	0	0	0	0.042	0	0.500	0.378	0.676
CCNA1	CHEK2	9606.ENSP00000255465	9606.ENSP00000372023	0	0	0	0	0.242	0	0	0.612	0.693
CCNA1	MYC	9606.ENSP00000255465	9606.ENSP00000478887	0	0	0	0	0.043	0	0	0.693	0.694
CCNA1	UBE2S	9606.ENSP00000255465	9606.ENSP00000264552	0	0	0	0	0.118	0.081	0.500	0.350	0.701
CCNA1	CDC16	9606.ENSP00000255465	9606.ENSP00000348554	0	0	0	0	0.070	0	0.500	0.412	0.702
CCNA1	H2AX	9606.ENSP00000255465	9606.ENSP00000434024	0	0	0	0	0.045	0	0.500	0.428	0.703
CCNA1	H2BC1	9606.ENSP00000255465	9606.ENSP00000274764	0	0	0	0	0	0.292	0.500	0.271	0.719
CCNA1	CHEK1	9606.ENSP00000255465	9606.ENSP00000391090	0	0	0	0	0.165	0	0	0.679	0.721
CCNA1	RBL1	9606.ENSP00000255465	9606.ENSP00000362768	0	0	0	0	0.095	0.295	0.500	0.250	0.729
CCNA1	CCNB2	9606.ENSP00000255465	9606.ENSP00000288207	0	0	0.088	0.779	0.341	0.215	0	0.511	0.739
CCNA1	E2F5	9606.ENSP00000255465	9606.ENSP00000398124	0	0	0	0	0.055	0.111	0.500	0.455	0.740
CCNA1	FOXM1	9606.ENSP00000255465	9606.ENSP00000342307	0	0	0	0	0.245	0	0.500	0.460	0.778
CCNA1	CDC27	9606.ENSP00000255465	9606.ENSP00000434614	0	0	0	0	0	0.045	0.500	0.584	0.784
CCNA1	TFDP1	9606.ENSP00000255465	9606.ENSP00000364519	0	0	0	0	0.098	0.059	0.500	0.556	0.786
CCNA1	E2F4	9606.ENSP00000255465	9606.ENSP00000368686	0	0	0	0	0.055	0.111	0.500	0.597	0.808
CCNA1	MDM2	9606.ENSP00000255465	9606.ENSP00000258149	0	0	0	0	0.056	0	0.400	0.692	0.810
CCNA1	RBL2	9606.ENSP00000255465	9606.ENSP00000262133	0	0	0	0	0.095	0.294	0.500	0.484	0.813
CCNA1	H3-4	9606.ENSP00000255465	9606.ENSP00000355657	0	0	0	0	0.131	0	0.500	0.609	0.815
CCNA1	CCNE2	9606.ENSP00000255465	9606.ENSP00000429089	0	0	0.118	0.635	0.198	0.176	0.400	0.568	0.821
CCNA1	CCNB1	9606.ENSP00000255465	9606.ENSP00000256442	0	0	0	0.737	0.344	0.215	0.400	0.562	0.847
CCNA1	CCNE1	9606.ENSP00000255465	9606.ENSP00000262643	0	0	0	0.639	0.196	0.176	0.400	0.793	0.907
CCNA1	CDC25A	9606.ENSP00000255465	9606.ENSP00000303706	0	0	0	0	0.201	0.325	0.500	0.716	0.913
CCNA1	UBE2C	9606.ENSP00000255465	9606.ENSP00000348838	0	0	0	0	0.373	0.081	0.500	0.810	0.938
CCNA1	E2F3	9606.ENSP00000255465	9606.ENSP00000262904	0	0	0	0	0.055	0.146	0.900	0.537	0.957
CCNA1	E2F2	9606.ENSP00000255465	9606.ENSP00000355249	0	0	0	0	0.055	0.146	0.900	0.607	0.964
CCNA1	FZR1	9606.ENSP00000255465	9606.ENSP00000378529	0	0	0	0	0.294	0.837	0.500	0.499	0.967
CCNA1	TP53	9606.ENSP00000255465	9606.ENSP00000269305	0	0	0	0	0.074	0	0.500	0.948	0.974
CCNA1	CCNA2	9606.ENSP00000255465	9606.ENSP00000481380	0	0	0.069	0.912	0.044	0.620	0.900	0.438	0.977
CCNA1	CDK4	9606.ENSP00000255465	9606.ENSP00000257904	0	0	0	0	0.292	0.288	0	0.978	0.988
CCNA1	CDK6	9606.ENSP00000255465	9606.ENSP00000265734	0	0	0	0	0.292	0.288	0	0.987	0.993
CCNA1	RB1	9606.ENSP00000255465	9606.ENSP00000267163	0	0	0	0	0.140	0.510	0.900	0.907	0.995
CCNA1	CDKN1A	9606.ENSP00000255465	9606.ENSP00000384849	0	0	0	0	0.042	0.894	0.900	0.995	0.999
CCNA1	CDK2	9606.ENSP00000255465	9606.ENSP00000266970	0	0	0	0	0.292	0.942	0.900	0.999	0.999
CCNA1	CDK1	9606.ENSP00000255465	9606.ENSP00000378699	0	0	0	0	0.297	0.803	0.900	0.998	0.999
CCNA1	E2F1	9606.ENSP00000255465	9606.ENSP00000345571	0	0	0	0	0.107	0.545	0.900	0.984	0.999
CCNA2	SIRT1	9606.ENSP00000481380	9606.ENSP00000212015	0	0	0	0	0.074	0.045	0	0.376	0.400
CCNA2	MAPK1	9606.ENSP00000481380	9606.ENSP00000215832	0	0.001	0	0	0.063	0	0	0.393	0.408
CCNA2	MYBL2	9606.ENSP00000481380	9606.ENSP00000217026	0	0	0	0	0.456	0.095	0.900	0.855	0.991
CCNA2	CCND1	9606.ENSP00000481380	9606.ENSP00000227507	0	0	0	0.688	0.126	0.051	0	0.612	0.650
CCNA2	CDKN1B	9606.ENSP00000481380	9606.ENSP00000228872	0	0	0	0	0	0.999	0.900	0.997	0.999
CCNA2	H1-1	9606.ENSP00000481380	9606.ENSP00000244573	0	0	0	0	0.071	0.841	0	0.083	0.853
CCNA2	TERF2	9606.ENSP00000481380	9606.ENSP00000254942	0	0	0	0	0	0	0.400	0.137	0.460
CCNA2	CCNB1	9606.ENSP00000481380	9606.ENSP00000256442	0	0	0	0.731	0.855	0.588	0.400	0.889	0.995
CCNA2	CDK4	9606.ENSP00000481380	9606.ENSP00000257904	0	0.002	0	0	0.348	0.995	0	0.995	0.999
CCNA2	MDM2	9606.ENSP00000481380	9606.ENSP00000258149	0	0	0	0	0.056	0	0.400	0.735	0.837
CCNA2	LMNB1	9606.ENSP00000481380	9606.ENSP00000261366	0	0	0	0	0.382	0	0	0.415	0.623
CCNA2	RBL2	9606.ENSP00000481380	9606.ENSP00000262133	0	0	0	0	0.095	0.830	0.500	0.504	0.956
CCNA2	RHEB	9606.ENSP00000481380	9606.ENSP00000262187	0	0	0	0	0.059	0	0	0.453	0.463
CCNA2	CCNE1	9606.ENSP00000481380	9606.ENSP00000262643	0	0	0	0.641	0.344	0.176	0.400	0.737	0.903
CCNA2	CDKN2C	9606.ENSP00000481380	9606.ENSP00000262662	0	0	0	0	0.098	0	0	0.551	0.577
CCNA2	E2F3	9606.ENSP00000481380	9606.ENSP00000262904	0	0	0	0	0.097	0.146	0.900	0.606	0.965
CCNA2	MAPK3	9606.ENSP00000481380	9606.ENSP00000263025	0	0	0	0	0.057	0	0	0.536	0.543
CCNA2	PIK3CA	9606.ENSP00000481380	9606.ENSP00000263967	0	0	0	0	0	0	0	0.587	0.587
CCNA2	UBE2S	9606.ENSP00000481380	9606.ENSP00000264552	0	0	0	0	0.276	0.081	0.500	0.556	0.832
CCNA2	STAT3	9606.ENSP00000481380	9606.ENSP00000264657	0	0	0	0	0	0	0	0.519	0.519
CCNA2	NBN	9606.ENSP00000481380	9606.ENSP00000265433	0	0	0	0	0.056	0	0.500	0.214	0.596
CCNA2	CDK6	9606.ENSP00000481380	9606.ENSP00000265734	0	0.001	0	0	0.342	0.995	0	0.994	0.999
CCNA2	CDK2	9606.ENSP00000481380	9606.ENSP00000266970	0	0.003	0	0	0.453	0.999	0.900	0.999	0.999
CCNA2	RB1	9606.ENSP00000481380	9606.ENSP00000267163	0	0	0	0	0.162	0.847	0.900	0.911	0.998
CCNA2	TINF2	9606.ENSP00000481380	9606.ENSP00000267415	0	0	0	0	0.051	0	0.400	0.095	0.439
CCNA2	TP53	9606.ENSP00000481380	9606.ENSP00000269305	0	0	0	0	0.099	0.292	0.500	0.994	0.997
CCNA2	RPS27A	9606.ENSP00000481380	9606.ENSP00000272317	0	0	0	0	0.074	0.801	0.500	0.085	0.904
CCNA2	H2BC1	9606.ENSP00000481380	9606.ENSP00000274764	0	0	0	0	0	0	0.500	0.280	0.624
CCNA2	TERF1	9606.ENSP00000481380	9606.ENSP00000276603	0	0	0	0	0.047	0	0.400	0.213	0.510
CCNA2	CDKN2B	9606.ENSP00000481380	9606.ENSP00000276925	0	0	0	0	0	0	0	0.519	0.519
CCNA2	CCNB2	9606.ENSP00000481380	9606.ENSP00000288207	0	0	0.108	0.735	0.856	0.215	0	0.696	0.965
CCNA2	H2BC5	9606.ENSP00000481380	9606.ENSP00000289316	0	0	0	0	0.058	0	0.500	0.318	0.651
CCNA2	TSC1	9606.ENSP00000481380	9606.ENSP00000298552	0	0	0	0	0	0	0	0.409	0.409
CCNA2	TERF2IP	9606.ENSP00000481380	9606.ENSP00000300086	0	0	0	0	0.067	0	0.400	0.072	0.435
CCNA2	LIN37	9606.ENSP00000481380	9606.ENSP00000301159	0	0	0	0	0	0	0.500	0.276	0.622
CCNA2	MAP2K1	9606.ENSP00000481380	9606.ENSP00000302486	0	0	0	0	0.078	0	0	0.381	0.405
CCNA2	CDC25A	9606.ENSP00000481380	9606.ENSP00000303706	0	0	0	0	0.515	0.079	0.500	0.741	0.934
CCNA2	UBE2E1	9606.ENSP00000481380	9606.ENSP00000303709	0	0	0	0	0.071	0.086	0.500	0.115	0.574
CCNA2	FOS	9606.ENSP00000481380	9606.ENSP00000306245	0	0	0	0	0.095	0	0	0.506	0.533
CCNA2	EZH2	9606.ENSP00000481380	9606.ENSP00000320147	0	0	0	0	0.408	0	0	0.431	0.649
CCNA2	H2BC4	9606.ENSP00000481380	9606.ENSP00000321744	0	0	0	0	0.042	0.075	0.500	0.297	0.647
CCNA2	MRE11	9606.ENSP00000481380	9606.ENSP00000325863	0	0	0	0	0.109	0.292	0.500	0.166	0.702
CCNA2	LIN9	9606.ENSP00000481380	9606.ENSP00000329102	0	0	0	0	0.221	0	0.500	0.306	0.706
CCNA2	SP1	9606.ENSP00000481380	9606.ENSP00000329357	0	0	0	0	0.058	0.625	0	0.266	0.718
CCNA2	H1-5	9606.ENSP00000481380	9606.ENSP00000330074	0	0	0	0	0.122	0.536	0	0.121	0.611
CCNA2	FOXO3	9606.ENSP00000481380	9606.ENSP00000339527	0	0	0	0	0	0	0	0.564	0.564
CCNA2	KAT5	9606.ENSP00000481380	9606.ENSP00000340330	0	0	0	0	0	0	0.500	0.286	0.627
CCNA2	EIF4EBP1	9606.ENSP00000481380	9606.ENSP00000340691	0	0	0	0	0.086	0	0	0.583	0.602
CCNA2	LIN54	9606.ENSP00000481380	9606.ENSP00000341947	0	0	0	0	0.068	0	0.500	0.320	0.655
CCNA2	FOXM1	9606.ENSP00000481380	9606.ENSP00000342307	0	0	0	0	0.725	0	0.500	0.901	0.985
CCNA2	H1-0	9606.ENSP00000481380	9606.ENSP00000344504	0	0	0	0	0.065	0.092	0	0.715	0.737
CCNA2	E2F1	9606.ENSP00000481380	9606.ENSP00000345571	0	0	0	0	0.244	0.813	0.900	0.989	0.999
CCNA2	CDC16	9606.ENSP00000481380	9606.ENSP00000348554	0	0	0	0	0.077	0.800	0.500	0.432	0.940
CCNA2	UBE2C	9606.ENSP00000481380	9606.ENSP00000348838	0	0	0	0	0.926	0.081	0.500	0.858	0.994
CCNA2	H2BC12	9606.ENSP00000481380	9606.ENSP00000349430	0	0	0	0	0.063	0	0.500	0.293	0.640
CCNA2	POT1	9606.ENSP00000481380	9606.ENSP00000350249	0	0	0	0	0.063	0	0.400	0	0.413
CCNA2	MTOR	9606.ENSP00000481380	9606.ENSP00000354558	0	0	0	0	0.049	0	0	0.437	0.442
CCNA2	E2F2	9606.ENSP00000481380	9606.ENSP00000355249	0	0	0	0	0.151	0.146	0.900	0.674	0.973
CCNA2	H3-4	9606.ENSP00000481380	9606.ENSP00000355657	0	0	0	0	0.131	0	0.500	0.631	0.826
CCNA2	H2BC21	9606.ENSP00000481380	9606.ENSP00000358151	0	0	0	0	0	0	0.500	0.396	0.685
CCNA2	GADD45A	9606.ENSP00000481380	9606.ENSP00000360025	0	0	0	0	0.042	0	0	0.448	0.448
CCNA2	JUN	9606.ENSP00000481380	9606.ENSP00000360266	0	0	0	0	0	0	0	0.553	0.553
CCNA2	PTEN	9606.ENSP00000481380	9606.ENSP00000361021	0	0	0	0	0	0	0	0.511	0.511
CCNA2	RBBP4	9606.ENSP00000481380	9606.ENSP00000362592	0	0	0	0	0.130	0	0.500	0.220	0.631
CCNA2	RBL1	9606.ENSP00000481380	9606.ENSP00000362768	0	0	0	0	0.202	0.852	0.500	0.307	0.953
CCNA2	UBE2D1	9606.ENSP00000481380	9606.ENSP00000363019	0	0	0	0	0.051	0.101	0.500	0.262	0.643
CCNA2	CDC26	9606.ENSP00000481380	9606.ENSP00000363322	0	0	0	0	0	0.800	0.500	0.220	0.915
CCNA2	TFDP1	9606.ENSP00000481380	9606.ENSP00000364519	0	0	0	0	0.229	0.180	0.500	0.615	0.862
CCNA2	CCNB3	9606.ENSP00000481380	9606.ENSP00000365210	0	0	0	0.688	0.329	0.215	0	0.264	0.579
CCNA2	H2BC13	9606.ENSP00000481380	9606.ENSP00000366618	0	0	0	0	0.074	0	0.500	0.290	0.643
CCNA2	RAD50	9606.ENSP00000481380	9606.ENSP00000368100	0	0	0	0	0.074	0	0.500	0.060	0.527
CCNA2	E2F4	9606.ENSP00000481380	9606.ENSP00000368686	0	0	0	0	0.073	0.620	0.500	0.634	0.927
CCNA2	CHEK2	9606.ENSP00000481380	9606.ENSP00000372023	0	0	0	0	0.351	0	0	0.624	0.746
CCNA2	EP400	9606.ENSP00000481380	9606.ENSP00000374212	0	0	0	0	0.074	0	0.500	0.138	0.566
CCNA2	CDKN2D	9606.ENSP00000481380	9606.ENSP00000377224	0	0	0	0	0	0	0	0.575	0.575
CCNA2	CDC23	9606.ENSP00000481380	9606.ENSP00000378350	0	0	0	0	0.080	0.800	0.500	0.446	0.942
CCNA2	FZR1	9606.ENSP00000481380	9606.ENSP00000378529	0	0	0	0	0.294	0.851	0.500	0.698	0.982
CCNA2	CDK1	9606.ENSP00000481380	9606.ENSP00000378699	0	0.007	0	0	0.993	0.939	0.900	0.998	0.999
CCNA2	MAPK8	9606.ENSP00000481380	9606.ENSP00000378974	0	0	0	0	0.049	0	0	0.611	0.614
CCNA2	CDKN1A	9606.ENSP00000481380	9606.ENSP00000384849	0	0	0	0	0	0.924	0.900	0.995	0.999
CCNA2	IL6	9606.ENSP00000481380	9606.ENSP00000385675	0	0	0	0	0	0	0	0.400	0.400
CCNA2	UBA52	9606.ENSP00000481380	9606.ENSP00000388107	0	0	0	0	0	0.800	0.500	0.117	0.904
CCNA2	CHEK1	9606.ENSP00000481380	9606.ENSP00000391090	0	0	0	0	0.790	0	0	0.721	0.939
CCNA2	E2F5	9606.ENSP00000481380	9606.ENSP00000398124	0	0	0	0	0.081	0.111	0.500	0.515	0.775
CCNA2	CDKN2A	9606.ENSP00000481380	9606.ENSP00000418915	0	0	0	0	0.056	0	0	0.692	0.696
CCNA2	TFDP2	9606.ENSP00000481380	9606.ENSP00000420616	0	0	0	0	0.119	0.181	0.500	0.216	0.680
CCNA2	CCNE2	9606.ENSP00000481380	9606.ENSP00000429089	0	0	0	0.637	0.378	0.176	0.400	0.617	0.866
CCNA2	H2AX	9606.ENSP00000481380	9606.ENSP00000434024	0	0	0	0	0.248	0	0.500	0.456	0.777
CCNA2	CDC27	9606.ENSP00000481380	9606.ENSP00000434614	0	0	0	0	0.062	0.879	0.500	0.746	0.983
CCNA2	HMGA2	9606.ENSP00000481380	9606.ENSP00000437621	0	0	0	0	0.125	0	0	0.370	0.425
CCNA2	UBC	9606.ENSP00000481380	9606.ENSP00000441543	0	0	0	0	0	0.801	0.500	0.164	0.909
CCNA2	LIN52	9606.ENSP00000481380	9606.ENSP00000451812	0	0	0	0	0.042	0	0.500	0.301	0.636
CCNA2	H2BC11	9606.ENSP00000481380	9606.ENSP00000476136	0	0	0	0	0.078	0	0.500	0.291	0.645
CCNA2	H2BC17	9606.ENSP00000481380	9606.ENSP00000477527	0	0	0	0	0.074	0	0.500	0.450	0.723
CCNA2	H2BC14	9606.ENSP00000481380	9606.ENSP00000477907	0	0	0	0	0.062	0	0.500	0.287	0.636
CCNA2	UBB	9606.ENSP00000481380	9606.ENSP00000478771	0	0	0	0	0	0.801	0.500	0.105	0.903
CCNA2	MYC	9606.ENSP00000481380	9606.ENSP00000478887	0	0	0	0	0.087	0	0	0.720	0.734
CCNA2	H2BC9	9606.ENSP00000481380	9606.ENSP00000479169	0	0	0	0	0.083	0	0.500	0.294	0.648
CCNA2	H2BC3	9606.ENSP00000481380	9606.ENSP00000482674	0	0	0	0	0.044	0	0.500	0.292	0.632
CCNA2	H2BC15	9606.ENSP00000481380	9606.ENSP00000483903	0	0	0	0	0.061	0	0.500	0.288	0.637
CCNB1	SIRT1	9606.ENSP00000256442	9606.ENSP00000212015	0	0	0	0	0	0.394	0	0.355	0.592
CCNB1	GADD45B	9606.ENSP00000256442	9606.ENSP00000215631	0	0	0	0	0	0.292	0.900	0.615	0.970
CCNB1	MAPK1	9606.ENSP00000256442	9606.ENSP00000215832	0	0	0	0	0.056	0.094	0	0.396	0.439
CCNB1	MYBL2	9606.ENSP00000256442	9606.ENSP00000217026	0	0	0	0	0.412	0.091	0.500	0.773	0.931
CCNB1	ERF	9606.ENSP00000256442	9606.ENSP00000222329	0	0	0	0	0	0	0	0.504	0.504
CCNB1	NFKB1	9606.ENSP00000256442	9606.ENSP00000226574	0	0	0	0	0.049	0.091	0	0.378	0.415
CCNB1	CCND1	9606.ENSP00000256442	9606.ENSP00000227507	0	0	0	0.646	0.143	0.048	0	0.771	0.797
CCNB1	CDKN1B	9606.ENSP00000256442	9606.ENSP00000228872	0	0	0	0	0	0.826	0	0.849	0.972
CCNB1	MAPK14	9606.ENSP00000256442	9606.ENSP00000229795	0	0	0	0	0.062	0.094	0	0.357	0.406
CCNB1	H1-1	9606.ENSP00000256442	9606.ENSP00000244573	0	0	0	0	0.063	0.791	0	0.095	0.807
CCNB1	GADD45G	9606.ENSP00000256442	9606.ENSP00000252506	0	0	0	0	0	0.292	0.900	0.829	0.986
CCNB1	E2F5	9606.ENSP00000256442	9606.ENSP00000398124	0	0	0	0	0.087	0	0	0.380	0.410
CCNB1	H2AB1	9606.ENSP00000256442	9606.ENSP00000484261	0	0	0	0	0	0.051	0.400	0.054	0.414
CCNB1	H2AJ	9606.ENSP00000256442	9606.ENSP00000438553	0	0	0	0	0	0.051	0.400	0.054	0.414
CCNB1	MAP2K1	9606.ENSP00000256442	9606.ENSP00000302486	0	0	0	0	0.056	0.045	0	0.406	0.417
CCNB1	PPP1CA	9606.ENSP00000256442	9606.ENSP00000326031	0	0	0	0	0.074	0.216	0	0.265	0.420
CCNB1	H2AC7	9606.ENSP00000256442	9606.ENSP00000341094	0	0	0	0	0.056	0.051	0.400	0.054	0.423
CCNB1	TFDP1	9606.ENSP00000256442	9606.ENSP00000364519	0	0	0	0	0.132	0.053	0	0.361	0.429
CCNB1	H2AC14	9606.ENSP00000256442	9606.ENSP00000328484	0	0	0	0	0.067	0.051	0.400	0.054	0.430
CCNB1	FOS	9606.ENSP00000256442	9606.ENSP00000306245	0	0	0	0	0	0.062	0	0.420	0.432
CCNB1	CDKN2B	9606.ENSP00000256442	9606.ENSP00000276925	0	0	0	0	0	0.091	0	0.402	0.433
CCNB1	EIF4EBP1	9606.ENSP00000256442	9606.ENSP00000340691	0	0	0	0	0.108	0	0	0.392	0.434
CCNB1	CDKN2D	9606.ENSP00000256442	9606.ENSP00000377224	0	0	0	0	0	0.091	0	0.407	0.437
CCNB1	FOXO3	9606.ENSP00000256442	9606.ENSP00000339527	0	0	0	0	0	0.091	0	0.411	0.442
CCNB1	PHC3	9606.ENSP00000256442	9606.ENSP00000420294	0	0	0	0	0	0	0	0.446	0.446
CCNB1	SQSTM1	9606.ENSP00000256442	9606.ENSP00000374455	0	0	0	0	0.042	0.292	0	0.265	0.458
CCNB1	H2AC6	9606.ENSP00000256442	9606.ENSP00000367022	0	0	0	0	0.049	0.051	0.400	0.120	0.459
CCNB1	CDKN2C	9606.ENSP00000256442	9606.ENSP00000262662	0	0	0	0	0.068	0.091	0	0.448	0.491
CCNB1	E2F4	9606.ENSP00000256442	9606.ENSP00000368686	0	0	0	0	0.077	0	0	0.483	0.503
CCNB1	RBL2	9606.ENSP00000256442	9606.ENSP00000262133	0	0	0	0	0.087	0.216	0	0.366	0.506
CCNB1	MTOR	9606.ENSP00000256442	9606.ENSP00000354558	0	0	0	0	0.049	0.091	0	0.475	0.507
CCNB1	NBN	9606.ENSP00000256442	9606.ENSP00000265433	0	0	0	0	0.055	0	0	0.502	0.510
CCNB1	E2F2	9606.ENSP00000256442	9606.ENSP00000355249	0	0	0	0	0.090	0	0	0.489	0.515
CCNB1	MRE11	9606.ENSP00000256442	9606.ENSP00000325863	0	0	0	0	0.077	0.072	0	0.484	0.520
CCNB1	UBE2E1	9606.ENSP00000256442	9606.ENSP00000303709	0	0	0	0	0.075	0.072	0.500	0.052	0.539
CCNB1	H2AC20	9606.ENSP00000256442	9606.ENSP00000332194	0	0	0	0	0.042	0.051	0.400	0.260	0.542
CCNB1	H2AC18	9606.ENSP00000256442	9606.ENSP00000358155	0	0	0	0	0.044	0.051	0.400	0.260	0.543
CCNB1	JUN	9606.ENSP00000256442	9606.ENSP00000360266	0	0	0	0	0	0.131	0	0.516	0.561
CCNB1	H1-5	9606.ENSP00000256442	9606.ENSP00000330074	0	0	0	0	0.094	0.523	0	0.103	0.579
CCNB1	H2BC1	9606.ENSP00000256442	9606.ENSP00000274764	0	0	0	0	0	0.052	0.400	0.326	0.583
CCNB1	PTEN	9606.ENSP00000256442	9606.ENSP00000361021	0	0	0	0	0.107	0.108	0	0.521	0.585
CCNB1	H2BC4	9606.ENSP00000256442	9606.ENSP00000321744	0	0	0	0	0.049	0.052	0.400	0.329	0.588
CCNB1	H2BC15	9606.ENSP00000256442	9606.ENSP00000483903	0	0	0	0	0.060	0.052	0.400	0.329	0.593
CCNB1	MAPK3	9606.ENSP00000256442	9606.ENSP00000263025	0	0	0	0	0.056	0.094	0	0.562	0.593
CCNB1	RPS27A	9606.ENSP00000256442	9606.ENSP00000272317	0	0	0	0	0.082	0.110	0.500	0.123	0.593
CCNB1	H2BC3	9606.ENSP00000256442	9606.ENSP00000482674	0	0	0	0	0.043	0.052	0.400	0.341	0.593
CCNB1	H2BC5	9606.ENSP00000256442	9606.ENSP00000289316	0	0	0	0	0.061	0.052	0.400	0.330	0.594
CCNB1	EZH2	9606.ENSP00000256442	9606.ENSP00000320147	0	0	0	0	0.336	0.045	0	0.413	0.595
CCNB1	H2AZ2	9606.ENSP00000256442	9606.ENSP00000308405	0	0	0	0	0.247	0.071	0.400	0.151	0.596
CCNB1	H2BC12	9606.ENSP00000256442	9606.ENSP00000349430	0	0	0	0	0.063	0.052	0.400	0.331	0.596
CCNB1	H2BC11	9606.ENSP00000256442	9606.ENSP00000476136	0	0	0	0	0.073	0.052	0.400	0.327	0.598
CCNB1	H2BC14	9606.ENSP00000256442	9606.ENSP00000477907	0	0	0	0	0.060	0.052	0.400	0.337	0.598
CCNB1	H2BC13	9606.ENSP00000256442	9606.ENSP00000366618	0	0	0	0	0.074	0.052	0.400	0.329	0.599
CCNB1	H2BC17	9606.ENSP00000256442	9606.ENSP00000477527	0	0	0	0	0.067	0.052	0.400	0.341	0.603
CCNB1	UBB	9606.ENSP00000256442	9606.ENSP00000478771	0	0	0	0	0.055	0.126	0.500	0.163	0.608
CCNB1	IL6	9606.ENSP00000256442	9606.ENSP00000385675	0	0	0	0	0	0	0	0.609	0.609
CCNB1	E2F3	9606.ENSP00000256442	9606.ENSP00000262904	0	0	0	0	0.097	0.292	0	0.439	0.610
CCNB1	H2BC9	9606.ENSP00000256442	9606.ENSP00000479169	0	0	0	0	0.084	0.052	0.400	0.341	0.611
CCNB1	STAT3	9606.ENSP00000256442	9606.ENSP00000264657	0	0	0	0	0.042	0	0	0.613	0.613
CCNB1	UBC	9606.ENSP00000256442	9606.ENSP00000441543	0	0	0	0	0.055	0.126	0.500	0.179	0.615
CCNB1	PPP1CC	9606.ENSP00000256442	9606.ENSP00000341779	0	0	0	0	0.084	0.216	0.400	0.225	0.621
CCNB1	SP1	9606.ENSP00000256442	9606.ENSP00000329357	0	0	0	0	0.080	0.496	0	0.259	0.627
CCNB1	UBE2D1	9606.ENSP00000256442	9606.ENSP00000363019	0	0	0	0	0.083	0.072	0.500	0.230	0.629
CCNB1	LIN52	9606.ENSP00000256442	9606.ENSP00000451812	0	0	0	0	0.044	0	0.500	0.301	0.637
CCNB1	RBBP4	9606.ENSP00000256442	9606.ENSP00000362592	0	0	0	0	0.132	0.058	0.500	0.230	0.643
CCNB1	H2BC21	9606.ENSP00000256442	9606.ENSP00000358151	0	0	0	0	0	0.052	0.400	0.423	0.643
CCNB1	LIN37	9606.ENSP00000256442	9606.ENSP00000301159	0	0	0	0	0	0.063	0.500	0.341	0.664
CCNB1	LIN54	9606.ENSP00000256442	9606.ENSP00000341947	0	0	0	0	0.101	0	0.500	0.329	0.672
CCNB1	TGFBR2	9606.ENSP00000256442	9606.ENSP00000351905	0	0	0	0	0.055	0.334	0	0.531	0.679
CCNB1	UBA52	9606.ENSP00000256442	9606.ENSP00000388107	0	0	0	0	0.060	0.328	0.500	0.135	0.690
CCNB1	H1-0	9606.ENSP00000256442	9606.ENSP00000344504	0	0	0	0	0.066	0.071	0	0.695	0.713
CCNB1	LIN9	9606.ENSP00000256442	9606.ENSP00000329102	0	0	0	0	0.146	0	0.500	0.402	0.722
CCNB1	LMNB1	9606.ENSP00000256442	9606.ENSP00000261366	0	0	0	0	0.291	0	0.400	0.406	0.725
CCNB1	RELA	9606.ENSP00000256442	9606.ENSP00000384273	0	0	0	0	0.057	0.314	0	0.624	0.735
CCNB1	CCNE1	9606.ENSP00000256442	9606.ENSP00000262643	0	0	0	0.633	0.467	0	0	0.544	0.746
CCNB1	MDM2	9606.ENSP00000256442	9606.ENSP00000258149	0	0	0	0	0.054	0.073	0	0.735	0.748
CCNB1	CCNE2	9606.ENSP00000256442	9606.ENSP00000429089	0	0	0	0.628	0.456	0	0	0.569	0.755
CCNB1	UBE2S	9606.ENSP00000256442	9606.ENSP00000264552	0	0	0	0	0.249	0.072	0.500	0.410	0.767
CCNB1	RB1	9606.ENSP00000256442	9606.ENSP00000267163	0	0	0	0	0.075	0.510	0	0.529	0.768
CCNB1	CDKN2A	9606.ENSP00000256442	9606.ENSP00000418915	0	0	0	0	0.058	0.091	0	0.756	0.772
CCNB1	FOXO1	9606.ENSP00000256442	9606.ENSP00000368880	0	0	0	0	0	0.693	0	0.372	0.799
CCNB1	H3-4	9606.ENSP00000256442	9606.ENSP00000355657	0	0	0	0	0.111	0.047	0.400	0.672	0.810
CCNB1	CHEK2	9606.ENSP00000256442	9606.ENSP00000372023	0	0	0	0	0.201	0.283	0	0.706	0.817
CCNB1	E2F1	9606.ENSP00000256442	9606.ENSP00000345571	0	0	0	0	0.235	0	0	0.792	0.834
CCNB1	MYC	9606.ENSP00000256442	9606.ENSP00000478887	0	0	0	0	0.085	0.292	0	0.818	0.872
CCNB1	TP53	9606.ENSP00000256442	9606.ENSP00000269305	0	0	0	0	0.095	0.053	0	0.908	0.914
CCNB1	CDC26	9606.ENSP00000256442	9606.ENSP00000363322	0	0	0	0	0.045	0	0.900	0.285	0.925
CCNB1	CDK6	9606.ENSP00000256442	9606.ENSP00000265734	0	0	0	0	0.404	0.306	0	0.838	0.927
CCNB1	CCNB3	9606.ENSP00000256442	9606.ENSP00000365210	0	0	0	0.744	0.199	0	0.900	0.242	0.934
CCNB1	CHEK1	9606.ENSP00000256442	9606.ENSP00000391090	0	0	0	0	0.449	0.069	0	0.885	0.935
CCNB1	CDK4	9606.ENSP00000256442	9606.ENSP00000257904	0	0	0	0	0.419	0.306	0	0.864	0.940
CCNB1	H2AX	9606.ENSP00000256442	9606.ENSP00000434024	0	0	0	0	0.210	0.051	0.400	0.949	0.974
CCNB1	CDC23	9606.ENSP00000256442	9606.ENSP00000378350	0	0	0	0	0.140	0.294	0.900	0.623	0.974
CCNB1	CDC16	9606.ENSP00000256442	9606.ENSP00000348554	0	0	0	0	0.070	0.313	0.900	0.667	0.975
CCNB1	CDKN1A	9606.ENSP00000256442	9606.ENSP00000384849	0	0	0	0	0	0.866	0	0.837	0.977
CCNB1	GADD45A	9606.ENSP00000256442	9606.ENSP00000360025	0	0	0	0	0	0.292	0.900	0.782	0.983
CCNB1	FOXM1	9606.ENSP00000256442	9606.ENSP00000342307	0	0	0	0	0.683	0.535	0.500	0.863	0.988
CCNB1	UBE2C	9606.ENSP00000256442	9606.ENSP00000348838	0	0	0	0	0.859	0.072	0.500	0.877	0.990
CCNB1	CDC25A	9606.ENSP00000256442	9606.ENSP00000303706	0	0	0	0	0.399	0.659	0.900	0.804	0.995
CCNB1	CCNB2	9606.ENSP00000256442	9606.ENSP00000288207	0	0	0.067	0.942	0.785	0.803	0.900	0.741	0.998
CCNB1	FZR1	9606.ENSP00000256442	9606.ENSP00000378529	0	0	0	0	0.395	0.981	0.750	0.681	0.998
CCNB1	CDK2	9606.ENSP00000256442	9606.ENSP00000266970	0	0	0	0	0.442	0.990	0.400	0.992	0.999
CCNB1	CDK1	9606.ENSP00000256442	9606.ENSP00000378699	0	0	0	0	0.895	0.999	0.900	0.999	0.999
CCNB1	CDC27	9606.ENSP00000256442	9606.ENSP00000434614	0	0	0	0	0.099	0.994	0.900	0.750	0.999
CCNB2	GADD45B	9606.ENSP00000288207	9606.ENSP00000215631	0	0	0	0	0	0	0.900	0.298	0.926
CCNB2	MYBL2	9606.ENSP00000288207	9606.ENSP00000217026	0	0	0	0	0.493	0.091	0.500	0.496	0.868
CCNB2	CCND1	9606.ENSP00000288207	9606.ENSP00000227507	0	0	0	0.639	0.135	0.048	0	0.640	0.678
CCNB2	CDKN1B	9606.ENSP00000288207	9606.ENSP00000228872	0	0	0	0	0	0.781	0	0.387	0.860
CCNB2	GADD45G	9606.ENSP00000288207	9606.ENSP00000252506	0	0	0	0	0	0	0.900	0.248	0.921
CCNB2	CDK4	9606.ENSP00000288207	9606.ENSP00000257904	0	0	0	0	0.418	0.306	0	0.504	0.782
CCNB2	CCNE1	9606.ENSP00000288207	9606.ENSP00000262643	0	0	0	0.622	0.483	0	0	0.548	0.757
CCNB2	CDKN2C	9606.ENSP00000288207	9606.ENSP00000262662	0	0	0	0	0.072	0.091	0	0.409	0.458
CCNB2	E2F3	9606.ENSP00000288207	9606.ENSP00000262904	0	0	0	0	0.098	0	0	0.386	0.423
CCNB2	CDK6	9606.ENSP00000288207	9606.ENSP00000265734	0	0	0	0	0.406	0.306	0	0.568	0.806
CCNB2	CDK2	9606.ENSP00000288207	9606.ENSP00000266970	0	0	0	0	0.462	0.995	0	0.797	0.999
CCNB2	TP53	9606.ENSP00000288207	9606.ENSP00000269305	0	0	0	0	0.110	0.053	0	0.526	0.566
CCNB2	TFDP1	9606.ENSP00000288207	9606.ENSP00000364519	0	0	0	0	0.137	0.053	0	0.344	0.417
CCNB2	CDKN2A	9606.ENSP00000288207	9606.ENSP00000418915	0	0	0	0	0.056	0.091	0	0.380	0.421
CCNB2	MAPK9	9606.ENSP00000288207	9606.ENSP00000394560	0	0	0	0	0.058	0	0	0.412	0.423
CCNB2	TGFBR2	9606.ENSP00000288207	9606.ENSP00000351905	0	0	0	0	0.055	0.334	0	0.160	0.425
CCNB2	MYC	9606.ENSP00000288207	9606.ENSP00000478887	0	0	0	0	0.099	0	0	0.402	0.438
CCNB2	E2F4	9606.ENSP00000288207	9606.ENSP00000368686	0	0	0	0	0.081	0	0	0.431	0.455
CCNB2	MAPK8	9606.ENSP00000288207	9606.ENSP00000378974	0	0	0	0	0.067	0	0	0.461	0.475
CCNB2	PPP1CC	9606.ENSP00000288207	9606.ENSP00000341779	0	0	0	0	0.072	0.099	0.400	0.129	0.505
CCNB2	E2F2	9606.ENSP00000288207	9606.ENSP00000355249	0	0	0	0	0.151	0	0	0.464	0.525
CCNB2	FOS	9606.ENSP00000288207	9606.ENSP00000306245	0	0	0	0	0	0.062	0	0.516	0.527
CCNB2	EZH2	9606.ENSP00000288207	9606.ENSP00000320147	0	0	0	0	0.347	0.045	0	0.305	0.529
CCNB2	LIN52	9606.ENSP00000288207	9606.ENSP00000451812	0	0	0	0	0	0	0.500	0.264	0.616
CCNB2	CHEK2	9606.ENSP00000288207	9606.ENSP00000372023	0	0	0	0	0.179	0.283	0	0.426	0.633
CCNB2	RBBP4	9606.ENSP00000288207	9606.ENSP00000362592	0	0	0	0	0.135	0.058	0.500	0.215	0.638
CCNB2	LIN37	9606.ENSP00000288207	9606.ENSP00000301159	0	0	0	0	0	0.063	0.500	0.344	0.666
CCNB2	LIN54	9606.ENSP00000288207	9606.ENSP00000341947	0	0	0	0	0.094	0	0.500	0.353	0.681
CCNB2	LIN9	9606.ENSP00000288207	9606.ENSP00000329102	0	0	0	0	0.127	0	0.500	0.373	0.702
CCNB2	E2F1	9606.ENSP00000288207	9606.ENSP00000345571	0	0	0	0	0.233	0	0	0.730	0.785
CCNB2	CHEK1	9606.ENSP00000288207	9606.ENSP00000391090	0	0	0	0	0.534	0.069	0	0.647	0.833
CCNB2	FOXM1	9606.ENSP00000288207	9606.ENSP00000342307	0	0	0	0	0.504	0.091	0.500	0.590	0.895
CCNB2	CCNE2	9606.ENSP00000288207	9606.ENSP00000429089	0	0	0	0.632	0.444	0.616	0	0.565	0.899
CCNB2	CDC26	9606.ENSP00000288207	9606.ENSP00000363322	0	0	0	0	0	0	0.900	0.209	0.917
CCNB2	FZR1	9606.ENSP00000288207	9606.ENSP00000378529	0	0	0	0	0.395	0.312	0.650	0.546	0.925
CCNB2	CDKN1A	9606.ENSP00000288207	9606.ENSP00000384849	0	0	0	0	0	0.781	0	0.679	0.927
CCNB2	CCNB3	9606.ENSP00000288207	9606.ENSP00000365210	0	0	0	0.743	0.199	0	0.900	0.195	0.929
CCNB2	GADD45A	9606.ENSP00000288207	9606.ENSP00000360025	0	0	0	0	0	0	0.900	0.423	0.939
CCNB2	CDC16	9606.ENSP00000288207	9606.ENSP00000348554	0	0	0	0	0.055	0.070	0.900	0.394	0.939
CCNB2	CDC27	9606.ENSP00000288207	9606.ENSP00000434614	0	0	0	0	0.083	0.109	0.900	0.429	0.947
CCNB2	CDC23	9606.ENSP00000288207	9606.ENSP00000378350	0	0	0	0	0.096	0.294	0.900	0.350	0.953
CCNB2	UBE2C	9606.ENSP00000288207	9606.ENSP00000348838	0	0	0	0	0.861	0.072	0	0.774	0.968
CCNB2	CDC25A	9606.ENSP00000288207	9606.ENSP00000303706	0	0	0	0	0.394	0.114	0.900	0.570	0.973
CCNB2	CDK1	9606.ENSP00000288207	9606.ENSP00000378699	0	0	0	0	0.899	0.882	0.900	0.996	0.999
CCNB3	GADD45B	9606.ENSP00000365210	9606.ENSP00000215631	0	0	0	0	0	0	0.900	0.140	0.910
CCNB3	CDKN1B	9606.ENSP00000365210	9606.ENSP00000228872	0	0	0	0	0	0.196	0	0.481	0.565
CCNB3	GADD45G	9606.ENSP00000365210	9606.ENSP00000252506	0	0	0	0	0	0	0.900	0.198	0.916
CCNB3	CDK4	9606.ENSP00000365210	9606.ENSP00000257904	0	0	0	0	0.343	0.306	0	0.311	0.658
CCNB3	CCNE1	9606.ENSP00000365210	9606.ENSP00000262643	0	0	0	0.594	0.394	0	0	0.173	0.477
CCNB3	CDK6	9606.ENSP00000365210	9606.ENSP00000265734	0	0	0	0	0.343	0.306	0	0.323	0.664
CCNB3	CDK2	9606.ENSP00000365210	9606.ENSP00000266970	0	0	0	0	0.343	0.487	0	0.876	0.954
CCNB3	CDC25A	9606.ENSP00000365210	9606.ENSP00000303706	0	0	0	0	0.132	0.114	0.900	0.287	0.937
CCNB3	H1-0	9606.ENSP00000365210	9606.ENSP00000344504	0	0	0	0	0.059	0.071	0	0.605	0.624
CCNB3	CDC16	9606.ENSP00000365210	9606.ENSP00000348554	0	0	0	0	0.055	0.070	0.650	0.280	0.749
CCNB3	UBE2C	9606.ENSP00000365210	9606.ENSP00000348838	0	0	0	0	0.292	0.072	0	0.212	0.437
CCNB3	GADD45A	9606.ENSP00000365210	9606.ENSP00000360025	0	0	0	0	0	0	0.900	0.113	0.907
CCNB3	CDC26	9606.ENSP00000365210	9606.ENSP00000363322	0	0	0	0	0	0	0.650	0.315	0.750
CCNB3	CHEK2	9606.ENSP00000365210	9606.ENSP00000372023	0	0	0	0	0.098	0.283	0	0.273	0.489
CCNB3	CCNE2	9606.ENSP00000365210	9606.ENSP00000429089	0	0	0	0.595	0.394	0	0	0.237	0.518
CCNB3	CDC27	9606.ENSP00000365210	9606.ENSP00000434614	0	0	0	0	0.063	0.109	0.650	0.320	0.774
CCNB3	CDC23	9606.ENSP00000365210	9606.ENSP00000378350	0	0	0	0	0.086	0.294	0.650	0.218	0.799
CCNB3	FZR1	9606.ENSP00000365210	9606.ENSP00000378529	0	0	0	0	0.395	0.312	0.650	0.428	0.905
CCNB3	CDK1	9606.ENSP00000365210	9606.ENSP00000378699	0	0	0	0	0.343	0.306	0.900	0.801	0.989
CCND1	SIRT1	9606.ENSP00000227507	9606.ENSP00000212015	0	0	0	0	0	0	0	0.721	0.721
CCND1	MAPK1	9606.ENSP00000227507	9606.ENSP00000215832	0	0	0	0	0.060	0.292	0	0.562	0.683
CCND1	MYBL2	9606.ENSP00000227507	9606.ENSP00000217026	0	0	0	0	0.067	0.095	0	0.676	0.702
CCND1	TSC2	9606.ENSP00000227507	9606.ENSP00000219476	0	0	0	0	0.042	0.535	0	0.543	0.779
CCND1	TGFB1	9606.ENSP00000227507	9606.ENSP00000221930	0	0	0	0	0.107	0	0	0.619	0.645
CCND1	SERPINE1	9606.ENSP00000227507	9606.ENSP00000223095	0	0	0	0	0.107	0	0	0.627	0.652
CCND1	NFKB1	9606.ENSP00000227507	9606.ENSP00000226574	0	0	0	0	0.060	0	0	0.661	0.668
CCND1	PPP1CA	9606.ENSP00000227507	9606.ENSP00000326031	0	0	0	0	0.055	0	0	0.407	0.415
CCND1	TGFBR1	9606.ENSP00000227507	9606.ENSP00000447297	0	0	0	0	0.068	0	0	0.404	0.421
CCND1	UBE2D1	9606.ENSP00000227507	9606.ENSP00000363019	0	0	0	0	0	0.324	0	0.180	0.422
CCND1	ETS1	9606.ENSP00000227507	9606.ENSP00000376436	0	0	0	0	0.056	0	0	0.422	0.432
CCND1	RPS6KA3	9606.ENSP00000227507	9606.ENSP00000368884	0	0	0	0	0.067	0	0	0.419	0.434
CCND1	MAPK7	9606.ENSP00000227507	9606.ENSP00000311005	0	0	0	0	0.060	0	0	0.424	0.435
CCND1	GATA4	9606.ENSP00000227507	9606.ENSP00000435712	0	0	0	0	0	0	0	0.438	0.438
CCND1	H1-0	9606.ENSP00000227507	9606.ENSP00000344504	0	0	0	0	0.100	0	0	0.404	0.440
CCND1	ID1	9606.ENSP00000227507	9606.ENSP00000365280	0	0	0	0	0.115	0	0	0.399	0.445
CCND1	TGFB2	9606.ENSP00000227507	9606.ENSP00000355896	0	0	0	0	0.101	0	0	0.413	0.450
CCND1	IL1A	9606.ENSP00000227507	9606.ENSP00000263339	0	0	0	0	0.072	0	0	0.445	0.463
CCND1	CDC27	9606.ENSP00000227507	9606.ENSP00000434614	0	0	0	0	0.051	0.294	0	0.284	0.479
CCND1	NBN	9606.ENSP00000227507	9606.ENSP00000265433	0	0	0	0	0	0	0	0.486	0.485
CCND1	RPS6KA1	9606.ENSP00000227507	9606.ENSP00000435412	0	0	0	0	0.067	0	0	0.479	0.493
CCND1	FZR1	9606.ENSP00000227507	9606.ENSP00000378529	0	0	0	0	0.074	0.292	0	0.291	0.494
CCND1	MOV10	9606.ENSP00000227507	9606.ENSP00000399797	0	0	0	0	0	0	0.500	0	0.499
CCND1	H2AB1	9606.ENSP00000227507	9606.ENSP00000484261	0	0	0	0	0	0	0.500	0	0.499
CCND1	H2AC7	9606.ENSP00000227507	9606.ENSP00000341094	0	0	0	0	0	0	0.500	0	0.499
CCND1	H2AZ2	9606.ENSP00000227507	9606.ENSP00000308405	0	0	0	0	0	0	0.500	0	0.499
CCND1	H2AC6	9606.ENSP00000227507	9606.ENSP00000367022	0	0	0	0	0	0	0.500	0	0.499
CCND1	TGFBR2	9606.ENSP00000227507	9606.ENSP00000351905	0	0	0	0	0.107	0	0	0.477	0.513
CCND1	VENTX	9606.ENSP00000227507	9606.ENSP00000357556	0	0	0	0	0	0	0.500	0.073	0.516
CCND1	TNRC6B	9606.ENSP00000227507	9606.ENSP00000401946	0	0	0	0	0	0	0.500	0.077	0.519
CCND1	H2AJ	9606.ENSP00000227507	9606.ENSP00000438553	0	0	0	0	0	0	0.500	0.081	0.520
CCND1	CXCL8	9606.ENSP00000227507	9606.ENSP00000306512	0	0	0	0	0.055	0	0	0.514	0.521
CCND1	RBBP4	9606.ENSP00000227507	9606.ENSP00000362592	0	0	0	0	0	0.424	0	0.203	0.521
CCND1	GADD45A	9606.ENSP00000227507	9606.ENSP00000360025	0	0	0	0	0.044	0	0	0.520	0.521
CCND1	UBA52	9606.ENSP00000227507	9606.ENSP00000388107	0	0	0	0	0	0	0.500	0.085	0.522
CCND1	MAPK11	9606.ENSP00000227507	9606.ENSP00000333685	0	0	0	0	0.059	0.292	0	0.342	0.523
CCND1	UBB	9606.ENSP00000227507	9606.ENSP00000478771	0	0	0	0	0.060	0	0.500	0.072	0.525
CCND1	TNRC6C	9606.ENSP00000227507	9606.ENSP00000336783	0	0	0	0	0.067	0	0.500	0.071	0.528
CCND1	H2AC14	9606.ENSP00000227507	9606.ENSP00000328484	0	0	0	0	0	0	0.500	0.102	0.531
CCND1	HMGA2	9606.ENSP00000227507	9606.ENSP00000437621	0	0	0	0	0.084	0	0	0.510	0.532
CCND1	IGFBP3	9606.ENSP00000227507	9606.ENSP00000370473	0	0	0	0	0.113	0.164	0	0.444	0.551
CCND1	UBE2C	9606.ENSP00000227507	9606.ENSP00000348838	0	0	0	0	0.074	0.092	0	0.524	0.564
CCND1	TNRC6A	9606.ENSP00000227507	9606.ENSP00000379144	0	0	0	0	0	0	0.500	0.167	0.565
CCND1	SQSTM1	9606.ENSP00000227507	9606.ENSP00000374455	0	0	0	0	0.053	0.380	0	0.327	0.570
CCND1	H2BC1	9606.ENSP00000227507	9606.ENSP00000274764	0	0	0	0	0	0	0.500	0.182	0.573
CCND1	H2BC14	9606.ENSP00000227507	9606.ENSP00000477907	0	0	0	0	0	0	0.500	0.184	0.574
CCND1	H2BC17	9606.ENSP00000227507	9606.ENSP00000477527	0	0	0	0	0	0	0.500	0.183	0.574
CCND1	H2BC15	9606.ENSP00000227507	9606.ENSP00000483903	0	0	0	0	0	0	0.500	0.183	0.574
CCND1	H2BC13	9606.ENSP00000227507	9606.ENSP00000366618	0	0	0	0	0	0	0.500	0.185	0.575
CCND1	H2BC4	9606.ENSP00000227507	9606.ENSP00000321744	0	0	0	0	0	0	0.500	0.185	0.575
CCND1	MAPK14	9606.ENSP00000227507	9606.ENSP00000229795	0	0	0	0	0.059	0	0	0.568	0.576
CCND1	H2BC9	9606.ENSP00000227507	9606.ENSP00000479169	0	0	0	0	0	0	0.500	0.193	0.579
CCND1	H2BC3	9606.ENSP00000227507	9606.ENSP00000482674	0	0	0	0	0	0	0.500	0.198	0.581
CCND1	RAF1	9606.ENSP00000227507	9606.ENSP00000401888	0	0	0	0	0	0	0	0.581	0.581
CCND1	H2BC5	9606.ENSP00000227507	9606.ENSP00000289316	0	0	0	0	0	0	0.500	0.199	0.582
CCND1	H2BC11	9606.ENSP00000227507	9606.ENSP00000476136	0	0	0	0	0	0	0.500	0.199	0.582
CCND1	H2BC12	9606.ENSP00000227507	9606.ENSP00000349430	0	0	0	0	0	0	0.500	0.207	0.586
CCND1	UBC	9606.ENSP00000227507	9606.ENSP00000441543	0	0	0	0	0.060	0	0.500	0.201	0.591
CCND1	EIF4EBP1	9606.ENSP00000227507	9606.ENSP00000340691	0	0	0	0	0.062	0	0	0.583	0.592
CCND1	CHEK1	9606.ENSP00000227507	9606.ENSP00000391090	0	0	0	0	0.044	0	0	0.592	0.593
CCND1	LMNB1	9606.ENSP00000227507	9606.ENSP00000261366	0	0	0	0	0.074	0.163	0	0.525	0.599
CCND1	RHEB	9606.ENSP00000227507	9606.ENSP00000262187	0	0	0	0	0.055	0.046	0	0.593	0.601
CCND1	CHEK2	9606.ENSP00000227507	9606.ENSP00000372023	0	0	0	0	0.100	0	0	0.575	0.601
CCND1	SP1	9606.ENSP00000227507	9606.ENSP00000329357	0	0	0	0	0	0.292	0	0.474	0.611
CCND1	CEBPB	9606.ENSP00000227507	9606.ENSP00000305422	0	0	0	0	0	0	0	0.621	0.621
CCND1	EZH2	9606.ENSP00000227507	9606.ENSP00000320147	0	0	0	0	0.067	0	0	0.613	0.623
CCND1	H2AC18	9606.ENSP00000227507	9606.ENSP00000358155	0	0	0	0	0	0	0.500	0.305	0.637
CCND1	H2AC20	9606.ENSP00000227507	9606.ENSP00000332194	0	0	0	0	0	0	0.500	0.305	0.637
CCND1	MDM4	9606.ENSP00000227507	9606.ENSP00000356150	0	0	0	0	0	0	0	0.651	0.651
CCND1	H3-4	9606.ENSP00000227507	9606.ENSP00000355657	0	0	0	0	0.062	0	0	0.646	0.654
CCND1	H2BC21	9606.ENSP00000227507	9606.ENSP00000358151	0	0	0	0	0	0	0.500	0.348	0.660
CCND1	CCNE2	9606.ENSP00000227507	9606.ENSP00000429089	0	0	0	0.666	0.102	0	0	0.644	0.667
CCND1	RPS27A	9606.ENSP00000227507	9606.ENSP00000272317	0	0	0	0	0.058	0.292	0.500	0.153	0.679
CCND1	TFDP1	9606.ENSP00000227507	9606.ENSP00000364519	0	0	0	0	0.074	0.060	0.500	0.394	0.701
CCND1	PIK3CA	9606.ENSP00000227507	9606.ENSP00000263967	0	0	0	0	0	0	0	0.704	0.704
CCND1	MAPK8	9606.ENSP00000227507	9606.ENSP00000378974	0	0	0	0	0.078	0	0	0.713	0.724
CCND1	FOXM1	9606.ENSP00000227507	9606.ENSP00000342307	0	0	0	0	0.075	0	0	0.715	0.725
CCND1	H2AX	9606.ENSP00000227507	9606.ENSP00000434024	0	0	0	0	0.066	0	0.500	0.479	0.735
CCND1	SMAD2	9606.ENSP00000227507	9606.ENSP00000262160	0	0	0	0	0.067	0	0	0.736	0.743
CCND1	MAPK3	9606.ENSP00000227507	9606.ENSP00000263025	0	0	0	0	0.060	0	0	0.739	0.744
CCND1	MAP2K1	9606.ENSP00000227507	9606.ENSP00000302486	0	0	0	0	0.059	0	0	0.746	0.751
CCND1	FOXO3	9606.ENSP00000227507	9606.ENSP00000339527	0	0	0	0	0	0	0.400	0.610	0.756
CCND1	TFDP2	9606.ENSP00000227507	9606.ENSP00000420616	0	0	0	0	0.074	0.060	0.500	0.508	0.757
CCND1	IL6	9606.ENSP00000227507	9606.ENSP00000385675	0	0	0	0	0.074	0	0	0.754	0.763
CCND1	RELA	9606.ENSP00000227507	9606.ENSP00000384273	0	0	0	0	0.066	0.510	0	0.579	0.791
CCND1	MTOR	9606.ENSP00000227507	9606.ENSP00000354558	0	0	0	0	0	0	0	0.802	0.802
CCND1	E2F5	9606.ENSP00000227507	9606.ENSP00000398124	0	0	0	0	0	0.068	0.500	0.617	0.806
CCND1	E2F4	9606.ENSP00000227507	9606.ENSP00000368686	0	0	0	0	0	0.068	0.500	0.675	0.835
CCND1	FOXO1	9606.ENSP00000227507	9606.ENSP00000368880	0	0	0	0	0	0	0.400	0.738	0.836
CCND1	CCNE1	9606.ENSP00000227507	9606.ENSP00000262643	0	0	0	0.665	0.104	0	0.500	0.674	0.841
CCND1	PTEN	9606.ENSP00000227507	9606.ENSP00000361021	0	0	0	0	0.070	0	0	0.850	0.855
CCND1	E2F2	9606.ENSP00000227507	9606.ENSP00000355249	0	0	0	0	0	0.068	0.500	0.746	0.871
CCND1	E2F3	9606.ENSP00000227507	9606.ENSP00000262904	0	0	0	0	0	0.068	0.500	0.764	0.880
CCND1	JUN	9606.ENSP00000227507	9606.ENSP00000360266	0	0	0	0	0.042	0.292	0.500	0.790	0.919
CCND1	MDM2	9606.ENSP00000227507	9606.ENSP00000258149	0	0	0	0	0.055	0.292	0	0.898	0.926
CCND1	RBL1	9606.ENSP00000227507	9606.ENSP00000362768	0	0	0	0	0	0.157	0.900	0.293	0.935
CCND1	E2F1	9606.ENSP00000227507	9606.ENSP00000345571	0	0	0	0	0.062	0.068	0.500	0.876	0.938
CCND1	FOS	9606.ENSP00000227507	9606.ENSP00000306245	0	0	0	0	0.055	0.469	0.500	0.799	0.942
CCND1	TP53	9606.ENSP00000227507	9606.ENSP00000269305	0	0	0	0	0	0.292	0	0.928	0.946
CCND1	CDKN2D	9606.ENSP00000227507	9606.ENSP00000377224	0	0	0	0	0	0	0.900	0.547	0.952
CCND1	RBL2	9606.ENSP00000227507	9606.ENSP00000262133	0	0	0	0	0	0.323	0.900	0.546	0.966
CCND1	MYC	9606.ENSP00000227507	9606.ENSP00000478887	0	0	0	0	0.067	0	0.400	0.950	0.969
CCND1	CDC25A	9606.ENSP00000227507	9606.ENSP00000303706	0	0	0	0	0.075	0	0.900	0.704	0.970
CCND1	CDKN2B	9606.ENSP00000227507	9606.ENSP00000276925	0	0	0	0	0	0	0.900	0.758	0.974
CCND1	STAT3	9606.ENSP00000227507	9606.ENSP00000264657	0	0	0	0	0.054	0.644	0.500	0.898	0.980
CCND1	CDKN2C	9606.ENSP00000227507	9606.ENSP00000262662	0	0	0	0	0	0.627	0.900	0.740	0.989
CCND1	RB1	9606.ENSP00000227507	9606.ENSP00000267163	0	0	0	0	0	0.932	0.900	0.831	0.998
CCND1	CDK1	9606.ENSP00000227507	9606.ENSP00000378699	0	0	0	0	0.137	0.866	0	0.984	0.998
CCND1	CDKN2A	9606.ENSP00000227507	9606.ENSP00000418915	0	0	0	0	0	0.726	0.900	0.946	0.998
CCND1	CDK2	9606.ENSP00000227507	9606.ENSP00000266970	0	0	0	0	0.135	0.901	0.800	0.998	0.999
CCND1	CDKN1B	9606.ENSP00000227507	9606.ENSP00000228872	0	0	0	0	0.098	0.991	0.900	0.992	0.999
CCND1	CDK4	9606.ENSP00000227507	9606.ENSP00000257904	0	0	0	0	0.131	0.999	0.900	0.999	0.999
CCND1	CDK6	9606.ENSP00000227507	9606.ENSP00000265734	0	0	0	0	0.112	0.995	0.900	0.998	0.999
CCND1	CDKN1A	9606.ENSP00000227507	9606.ENSP00000384849	0	0	0	0	0.118	0.996	0.900	0.995	0.999
CCNE1	MYBL2	9606.ENSP00000262643	9606.ENSP00000217026	0	0	0	0	0.274	0.312	0	0.389	0.669
CCNE1	SERPINE1	9606.ENSP00000262643	9606.ENSP00000223095	0	0	0	0	0.044	0	0	0.418	0.419
CCNE1	CDKN1B	9606.ENSP00000262643	9606.ENSP00000228872	0	0	0	0	0.105	0.996	0.900	0.842	0.999
CCNE1	MAPK14	9606.ENSP00000262643	9606.ENSP00000229795	0	0	0	0	0	0	0	0.465	0.465
CCNE1	H1-1	9606.ENSP00000262643	9606.ENSP00000244573	0	0	0	0	0.050	0.877	0	0.054	0.880
CCNE1	CDK4	9606.ENSP00000262643	9606.ENSP00000257904	0	0	0	0	0.087	0.995	0.800	0.896	0.999
CCNE1	MDM2	9606.ENSP00000262643	9606.ENSP00000258149	0	0	0	0	0	0	0	0.585	0.585
CCNE1	RBL2	9606.ENSP00000262643	9606.ENSP00000262133	0	0	0	0	0.110	0.585	0.900	0.770	0.990
CCNE1	RHEB	9606.ENSP00000262643	9606.ENSP00000262187	0	0	0	0	0.044	0.091	0	0.425	0.456
CCNE1	MINK1	9606.ENSP00000262643	9606.ENSP00000347427	0	0	0	0	0	0	0	0.403	0.403
CCNE1	UBE2C	9606.ENSP00000262643	9606.ENSP00000348838	0	0	0	0	0.191	0	0	0.297	0.408
CCNE1	FZR1	9606.ENSP00000262643	9606.ENSP00000378529	0	0	0	0	0.087	0.215	0	0.257	0.421
CCNE1	JUN	9606.ENSP00000262643	9606.ENSP00000360266	0	0	0	0	0	0	0	0.433	0.433
CCNE1	H1-0	9606.ENSP00000262643	9606.ENSP00000344504	0	0	0	0	0	0.305	0	0.247	0.454
CCNE1	CDKN2D	9606.ENSP00000262643	9606.ENSP00000377224	0	0	0	0	0	0	0	0.462	0.462
CCNE1	MRE11	9606.ENSP00000262643	9606.ENSP00000325863	0	0	0	0	0.087	0.292	0	0.289	0.500
CCNE1	UBA52	9606.ENSP00000262643	9606.ENSP00000388107	0	0	0	0	0.043	0	0.500	0	0.501
CCNE1	EZH2	9606.ENSP00000262643	9606.ENSP00000320147	0	0	0	0	0.158	0.051	0	0.448	0.520
CCNE1	EP400	9606.ENSP00000262643	9606.ENSP00000374212	0	0	0	0	0.046	0	0.500	0.082	0.524
CCNE1	UBB	9606.ENSP00000262643	9606.ENSP00000478771	0	0	0	0	0	0.069	0.500	0.067	0.528
CCNE1	LIN52	9606.ENSP00000262643	9606.ENSP00000451812	0	0	0	0	0	0	0.500	0.101	0.531
CCNE1	RBBP4	9606.ENSP00000262643	9606.ENSP00000362592	0	0	0	0	0	0	0.500	0.122	0.542
CCNE1	RPS27A	9606.ENSP00000262643	9606.ENSP00000272317	0	0	0	0	0.062	0.052	0.500	0.094	0.543
CCNE1	CDKN2C	9606.ENSP00000262643	9606.ENSP00000262662	0	0	0	0	0.057	0.193	0	0.468	0.559
CCNE1	LIN54	9606.ENSP00000262643	9606.ENSP00000341947	0	0	0	0	0.139	0	0.500	0.102	0.579
CCNE1	CDKN2B	9606.ENSP00000262643	9606.ENSP00000276925	0	0	0	0	0	0.166	0	0.535	0.596
CCNE1	LIN9	9606.ENSP00000262643	9606.ENSP00000329102	0	0	0	0	0.151	0	0.500	0.131	0.599
CCNE1	CHEK2	9606.ENSP00000262643	9606.ENSP00000372023	0	0	0	0	0.264	0	0	0.481	0.602
CCNE1	PTEN	9606.ENSP00000262643	9606.ENSP00000361021	0	0	0	0	0.082	0	0	0.597	0.615
CCNE1	PIK3CA	9606.ENSP00000262643	9606.ENSP00000263967	0	0	0	0	0	0.071	0	0.620	0.631
CCNE1	STAT3	9606.ENSP00000262643	9606.ENSP00000264657	0	0	0	0	0	0	0.400	0.437	0.647
CCNE1	UBC	9606.ENSP00000262643	9606.ENSP00000441543	0	0	0	0	0	0.312	0.500	0.082	0.657
CCNE1	CDC26	9606.ENSP00000262643	9606.ENSP00000363322	0	0	0	0	0	0	0.650	0.081	0.664
CCNE1	TFDP1	9606.ENSP00000262643	9606.ENSP00000364519	0	0	0	0	0.125	0.071	0.500	0.324	0.688
CCNE1	CHEK1	9606.ENSP00000262643	9606.ENSP00000391090	0	0	0	0	0.205	0	0	0.643	0.704
CCNE1	CDC27	9606.ENSP00000262643	9606.ENSP00000434614	0	0	0	0	0.042	0	0.650	0.229	0.718
CCNE1	CDC16	9606.ENSP00000262643	9606.ENSP00000348554	0	0	0	0	0.042	0	0.650	0.230	0.719
CCNE1	CDC23	9606.ENSP00000262643	9606.ENSP00000378350	0	0	0	0	0.062	0.103	0.650	0.185	0.727
CCNE1	H1-5	9606.ENSP00000262643	9606.ENSP00000330074	0	0	0	0	0.048	0.742	0	0.049	0.746
CCNE1	LIN37	9606.ENSP00000262643	9606.ENSP00000301159	0	0	0	0	0	0.482	0.500	0.137	0.757
CCNE1	FOXM1	9606.ENSP00000262643	9606.ENSP00000342307	0	0	0	0	0.167	0.510	0	0.496	0.776
CCNE1	E2F5	9606.ENSP00000262643	9606.ENSP00000398124	0	0	0	0	0.054	0.189	0.500	0.560	0.808
CCNE1	CDKN2A	9606.ENSP00000262643	9606.ENSP00000418915	0	0	0	0	0.072	0.167	0	0.779	0.814
CCNE1	E2F4	9606.ENSP00000262643	9606.ENSP00000368686	0	0	0	0	0.067	0.401	0.500	0.429	0.819
CCNE1	E2F3	9606.ENSP00000262643	9606.ENSP00000262904	0	0	0	0	0.080	0.306	0.400	0.611	0.831
CCNE1	TFDP2	9606.ENSP00000262643	9606.ENSP00000420616	0	0	0	0	0.098	0.440	0.500	0.533	0.866
CCNE1	MYC	9606.ENSP00000262643	9606.ENSP00000478887	0	0	0	0	0.089	0.185	0.500	0.783	0.908
CCNE1	E2F2	9606.ENSP00000262643	9606.ENSP00000355249	0	0	0	0	0.062	0.306	0.400	0.793	0.908
CCNE1	TP53	9606.ENSP00000262643	9606.ENSP00000269305	0	0	0	0	0	0	0.400	0.882	0.926
CCNE1	E2F1	9606.ENSP00000262643	9606.ENSP00000345571	0	0	0	0	0.202	0.401	0.500	0.788	0.942
CCNE1	CCNE2	9606.ENSP00000262643	9606.ENSP00000429089	0	0	0.076	0.926	0.147	0	0.900	0.518	0.956
CCNE1	RBL1	9606.ENSP00000262643	9606.ENSP00000362768	0	0	0	0	0.129	0.400	0.900	0.446	0.967
CCNE1	CDK1	9606.ENSP00000262643	9606.ENSP00000378699	0	0	0	0	0.193	0.812	0	0.834	0.972
CCNE1	CDC25A	9606.ENSP00000262643	9606.ENSP00000303706	0	0	0	0	0.401	0.646	0.900	0.657	0.991
CCNE1	RB1	9606.ENSP00000262643	9606.ENSP00000267163	0	0	0	0	0.189	0.863	0.900	0.584	0.994
CCNE1	CDK6	9606.ENSP00000262643	9606.ENSP00000265734	0	0	0	0	0.077	0.995	0.800	0.885	0.999
CCNE1	CDKN1A	9606.ENSP00000262643	9606.ENSP00000384849	0	0	0	0	0.105	0.996	0.900	0.888	0.999
CCNE1	CDK2	9606.ENSP00000262643	9606.ENSP00000266970	0	0	0	0	0.100	0.999	0.900	0.999	0.999
CCNE2	MYBL2	9606.ENSP00000429089	9606.ENSP00000217026	0	0	0	0	0.175	0.069	0	0.356	0.463
CCNE2	CDKN1B	9606.ENSP00000429089	9606.ENSP00000228872	0	0	0	0	0.105	0.908	0.900	0.814	0.998
CCNE2	CDK4	9606.ENSP00000429089	9606.ENSP00000257904	0	0	0	0	0.070	0.322	0.800	0.922	0.988
CCNE2	LMNB1	9606.ENSP00000429089	9606.ENSP00000261366	0	0	0	0	0.144	0	0	0.371	0.438
CCNE2	RBL2	9606.ENSP00000429089	9606.ENSP00000262133	0	0	0	0	0.110	0.400	0.900	0.402	0.963
CCNE2	CDKN2C	9606.ENSP00000429089	9606.ENSP00000262662	0	0	0	0	0.084	0	0	0.442	0.467
CCNE2	E2F3	9606.ENSP00000429089	9606.ENSP00000262904	0	0	0	0	0.067	0.306	0.400	0.650	0.846
CCNE2	STAT3	9606.ENSP00000429089	9606.ENSP00000264657	0	0	0	0	0	0	0.400	0.297	0.560
CCNE2	CDK6	9606.ENSP00000429089	9606.ENSP00000265734	0	0	0	0	0.082	0.322	0.800	0.716	0.959
CCNE2	CDK2	9606.ENSP00000429089	9606.ENSP00000266970	0	0	0	0	0.200	0.995	0.900	0.996	0.999
CCNE2	RB1	9606.ENSP00000429089	9606.ENSP00000267163	0	0	0	0	0.195	0.142	0.900	0.460	0.957
CCNE2	TP53	9606.ENSP00000429089	9606.ENSP00000269305	0	0	0	0	0	0.292	0.400	0.762	0.890
CCNE2	RPS27A	9606.ENSP00000429089	9606.ENSP00000272317	0	0	0	0	0	0.052	0.500	0.074	0.523
CCNE2	LIN37	9606.ENSP00000429089	9606.ENSP00000301159	0	0	0	0	0	0.052	0.500	0.179	0.576
CCNE2	CDC25A	9606.ENSP00000429089	9606.ENSP00000303706	0	0	0	0	0.385	0.097	0.900	0.759	0.984
CCNE2	EZH2	9606.ENSP00000429089	9606.ENSP00000320147	0	0	0	0	0.182	0.051	0	0.384	0.480
CCNE2	LIN9	9606.ENSP00000429089	9606.ENSP00000329102	0	0	0	0	0.124	0	0.500	0.222	0.629
CCNE2	LIN54	9606.ENSP00000429089	9606.ENSP00000341947	0	0	0	0	0.157	0	0.500	0.167	0.618
CCNE2	FOXM1	9606.ENSP00000429089	9606.ENSP00000342307	0	0	0	0	0.184	0	0	0.626	0.681
CCNE2	E2F1	9606.ENSP00000429089	9606.ENSP00000345571	0	0	0	0	0.140	0.189	0.400	0.754	0.883
CCNE2	CDC16	9606.ENSP00000429089	9606.ENSP00000348554	0	0	0	0	0.044	0	0.650	0.214	0.714
CCNE2	E2F2	9606.ENSP00000429089	9606.ENSP00000355249	0	0	0	0	0.072	0.306	0.400	0.648	0.845
CCNE2	PTEN	9606.ENSP00000429089	9606.ENSP00000361021	0	0	0	0	0.082	0.174	0	0.378	0.487
CCNE2	RBBP4	9606.ENSP00000429089	9606.ENSP00000362592	0	0	0	0	0.058	0	0.500	0.142	0.560
CCNE2	RBL1	9606.ENSP00000429089	9606.ENSP00000362768	0	0	0	0	0.218	0.188	0.900	0.249	0.945
CCNE2	CDC26	9606.ENSP00000429089	9606.ENSP00000363322	0	0	0	0	0	0	0.650	0.132	0.683
CCNE2	TFDP1	9606.ENSP00000429089	9606.ENSP00000364519	0	0	0	0	0.126	0.071	0.500	0.340	0.696
CCNE2	E2F4	9606.ENSP00000429089	9606.ENSP00000368686	0	0	0	0	0	0.189	0.500	0.447	0.756
CCNE2	CHEK2	9606.ENSP00000429089	9606.ENSP00000372023	0	0	0	0	0.262	0	0	0.349	0.499
CCNE2	EP400	9606.ENSP00000429089	9606.ENSP00000374212	0	0	0	0	0.046	0	0.500	0.075	0.520
CCNE2	CDC23	9606.ENSP00000429089	9606.ENSP00000378350	0	0	0	0	0.068	0.103	0.650	0.163	0.722
CCNE2	CDK1	9606.ENSP00000429089	9606.ENSP00000378699	0	0	0	0	0.356	0.722	0	0.657	0.933
CCNE2	CDKN1A	9606.ENSP00000429089	9606.ENSP00000384849	0	0	0	0	0.105	0.957	0.900	0.791	0.999
CCNE2	UBA52	9606.ENSP00000429089	9606.ENSP00000388107	0	0	0	0	0	0	0.500	0	0.499
CCNE2	CHEK1	9606.ENSP00000429089	9606.ENSP00000391090	0	0	0	0	0.249	0	0	0.677	0.747
CCNE2	E2F5	9606.ENSP00000429089	9606.ENSP00000398124	0	0	0	0	0.072	0.189	0.500	0.625	0.840
CCNE2	CDKN2A	9606.ENSP00000429089	9606.ENSP00000418915	0	0	0	0	0.049	0	0	0.479	0.483
CCNE2	TFDP2	9606.ENSP00000429089	9606.ENSP00000420616	0	0	0	0	0.092	0.382	0.500	0.535	0.852
CCNE2	UBB	9606.ENSP00000429089	9606.ENSP00000478771	0	0	0	0	0	0.069	0.500	0.053	0.520
CCNE2	UBC	9606.ENSP00000429089	9606.ENSP00000441543	0	0	0	0	0	0.069	0.500	0.069	0.529
CCNE2	LIN52	9606.ENSP00000429089	9606.ENSP00000451812	0	0	0	0	0.043	0	0.500	0.144	0.555
CCNE2	CDC27	9606.ENSP00000429089	9606.ENSP00000434614	0	0	0	0	0.054	0	0.650	0.244	0.727
CCNE2	MYC	9606.ENSP00000429089	9606.ENSP00000478887	0	0	0	0	0.072	0	0.500	0.529	0.762
CDC16	TSC2	9606.ENSP00000348554	9606.ENSP00000219476	0	0	0	0	0.076	0	0	0.381	0.404
CDC16	NFKB1	9606.ENSP00000348554	9606.ENSP00000226574	0	0	0	0	0.083	0.091	0.500	0.054	0.552
CDC16	CDKN1B	9606.ENSP00000348554	9606.ENSP00000228872	0	0	0	0	0.113	0	0.400	0.150	0.508
CDC16	PHC2	9606.ENSP00000348554	9606.ENSP00000257118	0	0	0	0	0.049	0	0.900	0	0.900
CDC16	CDK4	9606.ENSP00000348554	9606.ENSP00000257904	0	0	0	0	0.077	0.417	0	0.324	0.604
CDC16	UBE2S	9606.ENSP00000348554	9606.ENSP00000264552	0	0	0	0	0.044	0.872	0.900	0.382	0.991
CDC16	CDK6	9606.ENSP00000348554	9606.ENSP00000265734	0	0	0	0	0.064	0.417	0	0.313	0.593
CDC16	CDK2	9606.ENSP00000348554	9606.ENSP00000266970	0	0	0	0	0.069	0.417	0.650	0.343	0.858
CDC16	RB1	9606.ENSP00000348554	9606.ENSP00000267163	0	0	0	0	0.144	0.292	0.500	0.116	0.696
CDC16	RPS27A	9606.ENSP00000348554	9606.ENSP00000272317	0	0	0	0	0.062	0.071	0.500	0.051	0.531
CDC16	UBE2E1	9606.ENSP00000348554	9606.ENSP00000303709	0	0	0	0	0.070	0.171	0.800	0.148	0.851
CDC16	CEBPB	9606.ENSP00000348554	9606.ENSP00000305422	0	0	0	0	0.049	0	0.500	0	0.504
CDC16	CXCL8	9606.ENSP00000348554	9606.ENSP00000306512	0	0	0	0	0	0	0.400	0	0.400
CDC16	IL6	9606.ENSP00000348554	9606.ENSP00000385675	0	0	0	0	0	0	0.400	0	0.400
CDC16	TFDP1	9606.ENSP00000348554	9606.ENSP00000364519	0	0	0	0	0.239	0	0	0.319	0.461
CDC16	CDKN1A	9606.ENSP00000348554	9606.ENSP00000384849	0	0	0	0	0	0	0.400	0.203	0.501
CDC16	EHMT2	9606.ENSP00000348554	9606.ENSP00000379078	0	0	0	0	0.068	0	0.500	0.046	0.517
CDC16	EHMT1	9606.ENSP00000348554	9606.ENSP00000417980	0	0	0	0	0.080	0	0.500	0.046	0.523
CDC16	UBA52	9606.ENSP00000348554	9606.ENSP00000388107	0	0	0	0	0.062	0	0.500	0.092	0.536
CDC16	RELA	9606.ENSP00000348554	9606.ENSP00000384273	0	0	0	0	0.067	0.059	0.500	0.070	0.537
CDC16	UBE2D1	9606.ENSP00000348554	9606.ENSP00000363019	0	0	0	0	0.074	0.171	0.800	0.301	0.878
CDC16	CDK1	9606.ENSP00000348554	9606.ENSP00000378699	0	0	0	0	0.071	0.417	0.650	0.437	0.879
CDC16	UBC	9606.ENSP00000348554	9606.ENSP00000441543	0	0	0	0	0.042	0.806	0.500	0.051	0.900
CDC16	RNF2	9606.ENSP00000348554	9606.ENSP00000356480	0	0	0	0	0	0	0.900	0	0.900
CDC16	PHC3	9606.ENSP00000348554	9606.ENSP00000420294	0	0	0	0	0	0	0.900	0.069	0.902
CDC16	UBB	9606.ENSP00000348554	9606.ENSP00000478771	0	0	0	0	0.062	0.806	0.500	0.051	0.902
CDC16	PHC1	9606.ENSP00000348554	9606.ENSP00000437659	0	0	0	0	0.073	0	0.900	0	0.903
CDC16	RING1	9606.ENSP00000348554	9606.ENSP00000363787	0	0	0	0	0.078	0	0.900	0	0.903
CDC16	UBE2C	9606.ENSP00000348554	9606.ENSP00000348838	0	0	0	0	0.100	0.827	0.900	0.590	0.992
CDC16	CDC27	9606.ENSP00000348554	9606.ENSP00000434614	0	0	0	0.562	0.097	0.999	0.900	0.993	0.999
CDC16	FZR1	9606.ENSP00000348554	9606.ENSP00000378529	0	0	0	0	0.085	0.994	0.800	0.740	0.999
CDC16	CDC23	9606.ENSP00000348554	9606.ENSP00000378350	0	0	0	0	0.295	0.997	0.900	0.999	0.999
CDC16	CDC26	9606.ENSP00000348554	9606.ENSP00000363322	0	0	0	0	0.064	0.991	0.900	0.989	0.999
CDC23	NFKB1	9606.ENSP00000378350	9606.ENSP00000226574	0	0	0	0	0.075	0.096	0.500	0.045	0.547
CDC23	CDKN1B	9606.ENSP00000378350	9606.ENSP00000228872	0	0	0	0	0.048	0	0.400	0.142	0.467
CDC23	PHC2	9606.ENSP00000378350	9606.ENSP00000257118	0	0	0	0	0	0	0.900	0	0.900
CDC23	CDK4	9606.ENSP00000378350	9606.ENSP00000257904	0	0	0	0	0.072	0.433	0	0.267	0.581
CDC23	UBE2S	9606.ENSP00000378350	9606.ENSP00000264552	0	0	0	0	0.047	0.928	0.900	0.438	0.995
CDC23	CDK6	9606.ENSP00000378350	9606.ENSP00000265734	0	0	0	0	0.054	0.433	0	0.268	0.573
CDC23	CDK2	9606.ENSP00000378350	9606.ENSP00000266970	0	0	0	0	0.068	0.433	0.650	0.362	0.866
CDC23	RB1	9606.ENSP00000378350	9606.ENSP00000267163	0	0	0	0	0.050	0	0.500	0.071	0.520
CDC23	RPS27A	9606.ENSP00000378350	9606.ENSP00000272317	0	0	0	0	0.056	0.091	0.500	0	0.533
CDC23	UBE2E1	9606.ENSP00000378350	9606.ENSP00000303709	0	0	0	0	0.049	0.136	0.800	0.144	0.840
CDC23	CEBPB	9606.ENSP00000378350	9606.ENSP00000305422	0	0	0	0	0	0	0.500	0	0.499
CDC23	CXCL8	9606.ENSP00000378350	9606.ENSP00000306512	0	0	0	0	0	0	0.400	0	0.400
CDC23	UBE2C	9606.ENSP00000378350	9606.ENSP00000348838	0	0	0	0	0.072	0.819	0.900	0.561	0.991
CDC23	RNF2	9606.ENSP00000378350	9606.ENSP00000356480	0	0	0	0	0.082	0	0.900	0.053	0.905
CDC23	UBE2D1	9606.ENSP00000378350	9606.ENSP00000363019	0	0	0	0	0.064	0.136	0.800	0.322	0.875
CDC23	CDC26	9606.ENSP00000378350	9606.ENSP00000363322	0	0	0	0	0.049	0.975	0.900	0.972	0.999
CDC23	RING1	9606.ENSP00000378350	9606.ENSP00000363787	0	0	0	0	0.067	0	0.900	0.044	0.903
CDC23	IL6	9606.ENSP00000378350	9606.ENSP00000385675	0	0	0	0	0	0	0.400	0.064	0.414
CDC23	CDKN1A	9606.ENSP00000378350	9606.ENSP00000384849	0	0	0	0	0	0	0.400	0.210	0.505
CDC23	EHMT2	9606.ENSP00000378350	9606.ENSP00000379078	0	0	0	0	0.058	0	0.500	0.055	0.516
CDC23	EHMT1	9606.ENSP00000378350	9606.ENSP00000417980	0	0	0	0	0.065	0	0.500	0.055	0.519
CDC23	UBA52	9606.ENSP00000378350	9606.ENSP00000388107	0	0	0	0	0	0	0.500	0.085	0.523
CDC23	RELA	9606.ENSP00000378350	9606.ENSP00000384273	0	0	0	0	0.097	0.045	0.500	0	0.531
CDC23	CDK1	9606.ENSP00000378350	9606.ENSP00000378699	0	0	0	0	0.086	0.433	0.650	0.491	0.895
CDC23	PHC3	9606.ENSP00000378350	9606.ENSP00000420294	0	0	0	0	0	0	0.900	0	0.900
CDC23	PHC1	9606.ENSP00000378350	9606.ENSP00000437659	0	0	0	0	0.049	0	0.900	0	0.900
CDC23	UBB	9606.ENSP00000378350	9606.ENSP00000478771	0	0	0	0	0	0.810	0.500	0	0.901
CDC23	UBC	9606.ENSP00000378350	9606.ENSP00000441543	0	0	0	0	0	0.810	0.500	0	0.901
CDC23	FZR1	9606.ENSP00000378350	9606.ENSP00000378529	0	0	0	0	0.063	0.993	0.800	0.764	0.999
CDC23	CDC27	9606.ENSP00000378350	9606.ENSP00000434614	0.044	0	0	0.605	0.158	0.998	0.900	0.992	0.999
CDC25A	MYBL2	9606.ENSP00000303706	9606.ENSP00000217026	0	0	0	0	0.438	0.098	0	0.507	0.728
CDC25A	NFKB1	9606.ENSP00000303706	9606.ENSP00000226574	0	0	0	0	0	0	0	0.541	0.541
CDC25A	CDKN1B	9606.ENSP00000303706	9606.ENSP00000228872	0	0	0	0	0.110	0	0.500	0.622	0.817
CDC25A	MAPK14	9606.ENSP00000303706	9606.ENSP00000229795	0	0	0	0	0.045	0.399	0	0.227	0.518
CDC25A	CDK4	9606.ENSP00000303706	9606.ENSP00000257904	0	0	0	0	0.142	0.304	0.900	0.696	0.979
CDC25A	MDM2	9606.ENSP00000303706	9606.ENSP00000258149	0	0	0	0	0.055	0	0	0.480	0.487
CDC25A	HUS1	9606.ENSP00000303706	9606.ENSP00000258774	0	0	0	0	0	0	0	0.621	0.621
CDC25A	LMNB1	9606.ENSP00000303706	9606.ENSP00000261366	0	0	0	0	0.263	0	0	0.579	0.677
CDC25A	RBL2	9606.ENSP00000303706	9606.ENSP00000262133	0	0	0	0	0.055	0	0.500	0.254	0.617
CDC25A	E2F3	9606.ENSP00000303706	9606.ENSP00000262904	0	0	0	0	0.110	0	0	0.509	0.545
CDC25A	MAPK3	9606.ENSP00000303706	9606.ENSP00000263025	0	0	0	0	0	0.186	0	0.349	0.447
CDC25A	FBXW11	9606.ENSP00000303706	9606.ENSP00000265094	0	0	0	0	0	0.877	0	0.279	0.907
CDC25A	NBN	9606.ENSP00000303706	9606.ENSP00000265433	0	0	0	0	0.048	0	0	0.639	0.641
CDC25A	CDK6	9606.ENSP00000303706	9606.ENSP00000265734	0	0	0	0	0.118	0.304	0.900	0.805	0.986
CDC25A	CDK2	9606.ENSP00000303706	9606.ENSP00000266970	0	0	0	0	0.198	0.742	0.900	0.933	0.998
CDC25A	RB1	9606.ENSP00000303706	9606.ENSP00000267163	0	0	0	0	0.074	0	0	0.406	0.426
CDC25A	TP53	9606.ENSP00000303706	9606.ENSP00000269305	0	0	0	0	0.067	0	0	0.858	0.861
CDC25A	RPS27A	9606.ENSP00000303706	9606.ENSP00000272317	0	0	0	0	0.070	0.058	0.500	0.049	0.527
CDC25A	CDKN2B	9606.ENSP00000303706	9606.ENSP00000276925	0	0	0	0	0	0	0	0.402	0.402
CDC25A	LIN37	9606.ENSP00000303706	9606.ENSP00000301159	0	0	0	0	0	0.071	0.500	0.213	0.602
CDC25A	MAP2K1	9606.ENSP00000303706	9606.ENSP00000302486	0	0	0	0	0	0.199	0	0.285	0.402
CDC25A	EZH2	9606.ENSP00000303706	9606.ENSP00000320147	0	0	0	0	0.213	0	0	0.294	0.421
CDC25A	H3-4	9606.ENSP00000303706	9606.ENSP00000355657	0	0	0	0	0.055	0	0	0.415	0.424
CDC25A	HMGA2	9606.ENSP00000303706	9606.ENSP00000437621	0	0	0	0	0.117	0	0	0.394	0.442
CDC25A	RELA	9606.ENSP00000303706	9606.ENSP00000384273	0	0	0	0	0	0.141	0	0.402	0.464
CDC25A	MAPKAPK2	9606.ENSP00000303706	9606.ENSP00000356070	0	0	0	0	0	0.292	0	0.292	0.477
CDC25A	UBE2C	9606.ENSP00000303706	9606.ENSP00000348838	0	0	0	0	0.376	0.048	0	0.204	0.486
CDC25A	CDKN2A	9606.ENSP00000303706	9606.ENSP00000418915	0	0	0	0	0.053	0	0	0.481	0.487
CDC25A	UBA52	9606.ENSP00000303706	9606.ENSP00000388107	0	0	0	0	0	0	0.500	0.064	0.511
CDC25A	UBB	9606.ENSP00000303706	9606.ENSP00000478771	0	0	0	0	0.062	0.067	0.500	0	0.524
CDC25A	UBC	9606.ENSP00000303706	9606.ENSP00000441543	0	0	0	0	0.062	0.067	0.500	0.068	0.537
CDC25A	PTEN	9606.ENSP00000303706	9606.ENSP00000361021	0	0	0	0	0.082	0.114	0	0.498	0.556
CDC25A	LIN52	9606.ENSP00000303706	9606.ENSP00000451812	0	0	0	0	0.049	0	0.500	0.170	0.570
CDC25A	RBBP4	9606.ENSP00000303706	9606.ENSP00000362592	0	0	0	0	0.067	0	0.500	0.160	0.574
CDC25A	LIN54	9606.ENSP00000303706	9606.ENSP00000341947	0	0	0	0	0.074	0	0.500	0.190	0.592
CDC25A	E2F2	9606.ENSP00000303706	9606.ENSP00000355249	0	0	0	0	0.165	0	0	0.548	0.606
CDC25A	TFDP2	9606.ENSP00000303706	9606.ENSP00000420616	0	0	0	0	0.082	0.086	0.500	0.194	0.616
CDC25A	CDC27	9606.ENSP00000303706	9606.ENSP00000434614	0	0	0	0	0.044	0.127	0	0.588	0.626
CDC25A	LIN9	9606.ENSP00000303706	9606.ENSP00000329102	0	0	0	0	0.124	0	0.500	0.218	0.627
CDC25A	RAD9A	9606.ENSP00000303706	9606.ENSP00000311360	0	0	0	0	0.056	0	0	0.626	0.631
CDC25A	MAP3K5	9606.ENSP00000303706	9606.ENSP00000351908	0	0	0	0	0	0.292	0	0.527	0.650
CDC25A	E2F5	9606.ENSP00000303706	9606.ENSP00000398124	0	0	0	0	0.070	0	0.500	0.402	0.698
CDC25A	FZR1	9606.ENSP00000303706	9606.ENSP00000378529	0	0	0	0	0.102	0.571	0	0.289	0.703
CDC25A	E2F4	9606.ENSP00000303706	9606.ENSP00000368686	0	0	0	0	0.081	0	0.500	0.409	0.705
CDC25A	RAF1	9606.ENSP00000303706	9606.ENSP00000401888	0	0	0	0	0	0.643	0	0.211	0.706
CDC25A	H2AX	9606.ENSP00000303706	9606.ENSP00000434024	0	0	0	0	0.229	0.052	0	0.706	0.766
CDC25A	TFDP1	9606.ENSP00000303706	9606.ENSP00000364519	0	0	0	0	0.132	0.086	0.500	0.507	0.778
CDC25A	CDKN1A	9606.ENSP00000303706	9606.ENSP00000384849	0	0	0	0	0.110	0.115	0.500	0.657	0.847
CDC25A	E2F1	9606.ENSP00000303706	9606.ENSP00000345571	0	0	0	0	0.284	0	0.500	0.762	0.907
CDC25A	FOXM1	9606.ENSP00000303706	9606.ENSP00000342307	0	0	0	0	0.396	0.314	0.750	0.459	0.936
CDC25A	MYC	9606.ENSP00000303706	9606.ENSP00000478887	0	0	0	0	0.088	0.053	0.750	0.797	0.950
CDC25A	CDK1	9606.ENSP00000303706	9606.ENSP00000378699	0	0	0	0	0.410	0.326	0.900	0.858	0.993
CDC25A	CHEK2	9606.ENSP00000303706	9606.ENSP00000372023	0	0	0	0	0.160	0.849	0.750	0.949	0.998
CDC25A	CHEK1	9606.ENSP00000303706	9606.ENSP00000391090	0	0	0	0	0.473	0.903	0.900	0.944	0.999
CDC26	NFKB1	9606.ENSP00000363322	9606.ENSP00000226574	0	0	0	0	0.053	0	0.500	0	0.506
CDC26	CDKN1B	9606.ENSP00000363322	9606.ENSP00000228872	0	0	0	0	0.048	0	0.400	0.095	0.438
CDC26	PHC2	9606.ENSP00000363322	9606.ENSP00000257118	0	0	0	0	0	0	0.900	0	0.900
CDC26	UBE2S	9606.ENSP00000363322	9606.ENSP00000264552	0	0	0	0	0	0.819	0.900	0.296	0.986
CDC26	CDK2	9606.ENSP00000363322	9606.ENSP00000266970	0	0	0	0	0	0	0.650	0.156	0.692
CDC26	RB1	9606.ENSP00000363322	9606.ENSP00000267163	0	0	0	0	0	0	0.500	0	0.499
CDC26	RPS27A	9606.ENSP00000363322	9606.ENSP00000272317	0	0	0	0	0.067	0	0.500	0.050	0.518
CDC26	UBE2E1	9606.ENSP00000363322	9606.ENSP00000303709	0	0	0	0	0.058	0.135	0.800	0.130	0.839
CDC26	CEBPB	9606.ENSP00000363322	9606.ENSP00000305422	0	0	0	0	0.047	0	0.500	0	0.503
CDC26	CXCL8	9606.ENSP00000363322	9606.ENSP00000306512	0	0	0	0	0.042	0	0.400	0	0.400
CDC26	UBE2C	9606.ENSP00000363322	9606.ENSP00000348838	0	0	0	0	0	0.819	0.900	0.379	0.987
CDC26	RNF2	9606.ENSP00000363322	9606.ENSP00000356480	0	0	0	0	0	0	0.900	0	0.900
CDC26	UBE2D1	9606.ENSP00000363322	9606.ENSP00000363019	0	0	0	0	0.042	0.135	0.800	0.255	0.860
CDC26	IL6	9606.ENSP00000363322	9606.ENSP00000385675	0	0	0	0	0	0	0.400	0	0.400
CDC26	CDKN1A	9606.ENSP00000363322	9606.ENSP00000384849	0	0	0	0	0	0	0.400	0.129	0.455
CDC26	RELA	9606.ENSP00000363322	9606.ENSP00000384273	0	0	0	0	0	0	0.500	0	0.499
CDC26	EHMT1	9606.ENSP00000363322	9606.ENSP00000417980	0	0	0	0	0	0	0.500	0.046	0.502
CDC26	EHMT2	9606.ENSP00000363322	9606.ENSP00000379078	0	0	0	0	0	0	0.500	0.046	0.502
CDC26	UBA52	9606.ENSP00000363322	9606.ENSP00000388107	0	0	0	0	0.080	0	0.500	0.090	0.544
CDC26	CDK1	9606.ENSP00000363322	9606.ENSP00000378699	0	0	0	0	0	0	0.650	0.248	0.725
CDC26	UBC	9606.ENSP00000363322	9606.ENSP00000441543	0	0	0	0	0	0.800	0.500	0.050	0.896
CDC26	UBB	9606.ENSP00000363322	9606.ENSP00000478771	0	0	0	0	0.044	0.800	0.500	0.050	0.897
CDC26	RING1	9606.ENSP00000363322	9606.ENSP00000363787	0	0	0	0	0.047	0	0.900	0	0.900
CDC26	PHC3	9606.ENSP00000363322	9606.ENSP00000420294	0	0	0	0	0	0	0.900	0	0.900
CDC26	PHC1	9606.ENSP00000363322	9606.ENSP00000437659	0	0	0	0	0	0	0.900	0	0.900
CDC26	FZR1	9606.ENSP00000363322	9606.ENSP00000378529	0	0	0	0	0	0.972	0.800	0.399	0.996
CDC26	CDC27	9606.ENSP00000363322	9606.ENSP00000434614	0	0	0	0	0.049	0.998	0.900	0.873	0.999
CDC27	NFKB1	9606.ENSP00000434614	9606.ENSP00000226574	0	0	0	0	0.072	0.106	0.500	0.111	0.582
CDC27	CDKN1B	9606.ENSP00000434614	9606.ENSP00000228872	0	0	0	0	0.054	0	0.400	0.258	0.542
CDC27	PHC2	9606.ENSP00000434614	9606.ENSP00000257118	0	0	0	0	0	0.047	0.900	0.046	0.901
CDC27	CDK4	9606.ENSP00000434614	9606.ENSP00000257904	0	0	0	0	0.047	0.417	0	0.365	0.616
CDC27	SMAD2	9606.ENSP00000434614	9606.ENSP00000262160	0	0	0	0	0.123	0.412	0	0.416	0.673
CDC27	UBE2S	9606.ENSP00000434614	9606.ENSP00000264552	0	0	0	0	0.067	0.998	0.900	0.643	0.999
CDC27	CDK6	9606.ENSP00000434614	9606.ENSP00000265734	0	0	0	0	0.056	0.417	0	0.386	0.633
CDC27	CDK2	9606.ENSP00000434614	9606.ENSP00000266970	0	0	0	0	0.063	0.417	0.650	0.441	0.879
CDC27	RB1	9606.ENSP00000434614	9606.ENSP00000267163	0	0	0	0	0.056	0.512	0.500	0.094	0.763
CDC27	RPS27A	9606.ENSP00000434614	9606.ENSP00000272317	0	0	0	0	0.074	0.109	0.500	0.070	0.565
CDC27	UBE2E1	9606.ENSP00000434614	9606.ENSP00000303709	0	0	0	0	0	0.108	0.800	0.064	0.818
CDC27	CEBPB	9606.ENSP00000434614	9606.ENSP00000305422	0	0	0	0	0	0	0.500	0.077	0.519
CDC27	CXCL8	9606.ENSP00000434614	9606.ENSP00000306512	0	0	0	0	0.049	0	0.400	0.086	0.432
CDC27	FOXM1	9606.ENSP00000434614	9606.ENSP00000342307	0	0	0	0	0.056	0.430	0	0.192	0.528
CDC27	H1-0	9606.ENSP00000434614	9606.ENSP00000344504	0	0	0	0	0.042	0.209	0	0.324	0.443
CDC27	E2F1	9606.ENSP00000434614	9606.ENSP00000345571	0	0	0	0	0.044	0.292	0	0.249	0.447
CDC27	UBE2C	9606.ENSP00000434614	9606.ENSP00000348838	0	0	0	0	0.060	0.815	0.900	0.665	0.993
CDC27	H3-4	9606.ENSP00000434614	9606.ENSP00000355657	0	0	0	0	0.052	0.139	0	0.339	0.413
CDC27	RNF2	9606.ENSP00000434614	9606.ENSP00000356480	0	0	0	0	0.056	0	0.900	0.100	0.907
CDC27	H2BC21	9606.ENSP00000434614	9606.ENSP00000358151	0	0	0	0	0	0.250	0	0.319	0.468
CDC27	GADD45A	9606.ENSP00000434614	9606.ENSP00000360025	0	0	0	0	0	0	0	0.425	0.425
CDC27	PTEN	9606.ENSP00000434614	9606.ENSP00000361021	0	0	0	0	0.103	0.294	0	0.226	0.468
CDC27	UBE2D1	9606.ENSP00000434614	9606.ENSP00000363019	0	0	0	0	0.062	0.108	0.800	0.288	0.865
CDC27	RING1	9606.ENSP00000434614	9606.ENSP00000363787	0	0	0	0	0.063	0	0.900	0	0.902
CDC27	TFDP1	9606.ENSP00000434614	9606.ENSP00000364519	0	0	0	0	0.114	0.292	0	0.185	0.444
CDC27	FZR1	9606.ENSP00000434614	9606.ENSP00000378529	0	0	0	0	0.127	0.999	0.800	0.942	0.999
CDC27	CDK1	9606.ENSP00000434614	9606.ENSP00000378699	0	0	0	0	0.070	0.417	0.650	0.734	0.942
CDC27	EHMT2	9606.ENSP00000434614	9606.ENSP00000379078	0	0	0	0	0.060	0.079	0.500	0.089	0.553
CDC27	RELA	9606.ENSP00000434614	9606.ENSP00000384273	0	0	0	0	0.102	0.099	0.500	0.056	0.567
CDC27	CDKN1A	9606.ENSP00000434614	9606.ENSP00000384849	0	0	0	0	0.054	0.292	0.400	0.260	0.663
CDC27	IL6	9606.ENSP00000434614	9606.ENSP00000385675	0	0	0	0	0.055	0	0.400	0.158	0.481
CDC27	UBA52	9606.ENSP00000434614	9606.ENSP00000388107	0	0	0	0	0.054	0	0.500	0.181	0.579
CDC27	EHMT1	9606.ENSP00000434614	9606.ENSP00000417980	0	0	0	0	0.073	0.079	0.500	0.052	0.541
CDC27	PHC3	9606.ENSP00000434614	9606.ENSP00000420294	0	0	0	0	0	0.047	0.900	0.106	0.907
CDC27	H2BC3	9606.ENSP00000434614	9606.ENSP00000482674	0	0	0	0	0.042	0.229	0	0.267	0.411
CDC27	MYC	9606.ENSP00000434614	9606.ENSP00000478887	0	0	0	0	0	0.133	0	0.552	0.595
CDC27	PHC1	9606.ENSP00000434614	9606.ENSP00000437659	0	0	0	0	0.045	0	0.900	0.050	0.901
CDC27	UBC	9606.ENSP00000434614	9606.ENSP00000441543	0	0	0	0	0.064	0.814	0.500	0.066	0.907
CDC27	UBB	9606.ENSP00000434614	9606.ENSP00000478771	0	0	0	0	0.062	0.814	0.500	0.084	0.909
CDK1	SIRT1	9606.ENSP00000378699	9606.ENSP00000212015	0	0.006	0	0	0.044	0.404	0	0.441	0.654
CDK1	GADD45B	9606.ENSP00000378699	9606.ENSP00000215631	0	0	0	0	0	0.625	0.900	0.548	0.981
CDK1	MAPK1	9606.ENSP00000378699	9606.ENSP00000215832	0	0	0.071	0.848	0.042	0.131	0	0.649	0.693
CDK1	MYBL2	9606.ENSP00000378699	9606.ENSP00000217026	0	0	0	0	0.494	0.095	0	0.484	0.743
CDK1	TSC2	9606.ENSP00000378699	9606.ENSP00000219476	0	0	0	0	0.049	0.103	0	0.569	0.600
CDK1	NFKB1	9606.ENSP00000378699	9606.ENSP00000226574	0	0	0	0	0.064	0.229	0	0.420	0.546
CDK1	CDKN1B	9606.ENSP00000378699	9606.ENSP00000228872	0	0	0	0	0.090	0.903	0	0.776	0.978
CDK1	MAPK14	9606.ENSP00000378699	9606.ENSP00000229795	0	0	0.095	0.823	0.060	0.131	0	0.465	0.552
CDK1	H1-3	9606.ENSP00000378699	9606.ENSP00000244534	0	0	0	0	0.091	0.401	0	0.111	0.474
CDK1	H1-1	9606.ENSP00000378699	9606.ENSP00000244573	0	0	0	0	0.086	0.919	0	0.142	0.931
CDK1	GADD45G	9606.ENSP00000378699	9606.ENSP00000252506	0	0	0	0	0	0.510	0.900	0.664	0.982
CDK1	MDM2	9606.ENSP00000378699	9606.ENSP00000258149	0	0	0	0	0	0	0.400	0.728	0.829
CDK1	HUS1	9606.ENSP00000378699	9606.ENSP00000258774	0	0	0	0	0.044	0	0	0.401	0.402
CDK1	LMNB1	9606.ENSP00000378699	9606.ENSP00000261366	0	0	0	0	0.370	0.292	0.400	0.662	0.897
CDK1	RBL2	9606.ENSP00000378699	9606.ENSP00000262133	0	0	0	0	0.067	0.139	0.500	0.378	0.716
CDK1	SMAD2	9606.ENSP00000378699	9606.ENSP00000262160	0	0	0	0	0.045	0	0	0.577	0.579
CDK1	CDKN2C	9606.ENSP00000378699	9606.ENSP00000262662	0	0	0	0	0.169	0.094	0	0.476	0.571
CDK1	E2F3	9606.ENSP00000378699	9606.ENSP00000262904	0	0	0	0	0.084	0.091	0	0.461	0.512
CDK1	UBE2S	9606.ENSP00000378699	9606.ENSP00000264552	0	0	0	0	0.224	0.091	0.500	0.357	0.743
CDK1	STAT3	9606.ENSP00000378699	9606.ENSP00000264657	0	0	0	0	0.055	0.093	0	0.521	0.554
CDK1	CDK6	9606.ENSP00000378699	9606.ENSP00000265734	0	0	0.075	0.920	0.163	0	0	0.500	0.579
CDK1	CDK2	9606.ENSP00000378699	9606.ENSP00000266970	0	0	0.056	0.968	0.349	0.470	0.400	0.977	0.994
CDK1	RB1	9606.ENSP00000378699	9606.ENSP00000267163	0	0	0	0	0.090	0.853	0.900	0.730	0.995
CDK1	TINF2	9606.ENSP00000378699	9606.ENSP00000267415	0	0	0	0	0	0.091	0	0.390	0.421
CDK1	TP53	9606.ENSP00000378699	9606.ENSP00000269305	0	0	0	0	0.095	0.626	0	0.899	0.962
CDK1	RPS27A	9606.ENSP00000378699	9606.ENSP00000272317	0	0	0	0	0.099	0.320	0.500	0.131	0.698
CDK1	H2BC1	9606.ENSP00000378699	9606.ENSP00000274764	0	0	0	0	0.055	0.045	0.400	0.392	0.627
CDK1	TERF1	9606.ENSP00000378699	9606.ENSP00000276603	0	0	0	0	0.070	0	0	0.530	0.544
CDK1	CDKN2B	9606.ENSP00000378699	9606.ENSP00000276925	0	0	0	0	0	0.094	0	0.471	0.500
CDK1	H2BC5	9606.ENSP00000378699	9606.ENSP00000289316	0	0	0	0	0.075	0.045	0.400	0.396	0.637
CDK1	TSC1	9606.ENSP00000378699	9606.ENSP00000298552	0	0	0	0	0.069	0.358	0	0.554	0.710
CDK1	MAP2K1	9606.ENSP00000378699	9606.ENSP00000302486	0	0	0.122	0.691	0.111	0.091	0.750	0.222	0.837
CDK1	UBE2E1	9606.ENSP00000378699	9606.ENSP00000303709	0	0	0	0	0.093	0.091	0.500	0.082	0.571
CDK1	FOS	9606.ENSP00000378699	9606.ENSP00000306245	0	0	0	0	0.051	0.079	0	0.620	0.639
CDK1	H2AZ2	9606.ENSP00000378699	9606.ENSP00000308405	0	0	0	0	0.200	0.052	0.400	0.241	0.609
CDK1	RAD9A	9606.ENSP00000378699	9606.ENSP00000311360	0	0	0	0	0.057	0.102	0	0.447	0.491
CDK1	EZH2	9606.ENSP00000378699	9606.ENSP00000320147	0	0	0	0	0.371	0.823	0	0.716	0.965
CDK1	H2BC4	9606.ENSP00000378699	9606.ENSP00000321744	0	0	0	0	0.060	0.045	0.400	0.395	0.631
CDK1	PPP1CA	9606.ENSP00000378699	9606.ENSP00000326031	0	0	0	0	0.097	0.219	0	0.422	0.557
CDK1	H2AC14	9606.ENSP00000378699	9606.ENSP00000328484	0	0	0	0	0.100	0.071	0.400	0.070	0.471
CDK1	LIN9	9606.ENSP00000378699	9606.ENSP00000329102	0	0	0	0	0.181	0	0	0.335	0.432
CDK1	SP1	9606.ENSP00000378699	9606.ENSP00000329357	0	0	0	0	0.060	0.535	0	0.275	0.656
CDK1	H1-5	9606.ENSP00000378699	9606.ENSP00000330074	0	0	0	0	0.128	0.858	0	0.181	0.890
CDK1	H2AC20	9606.ENSP00000378699	9606.ENSP00000332194	0	0	0	0	0.074	0.071	0.400	0.392	0.645
CDK1	FOXO3	9606.ENSP00000378699	9606.ENSP00000339527	0	0	0	0	0	0.117	0	0.881	0.890
CDK1	KAT5	9606.ENSP00000378699	9606.ENSP00000340330	0	0	0	0	0	0.292	0	0.298	0.481
CDK1	EIF4EBP1	9606.ENSP00000378699	9606.ENSP00000340691	0	0	0	0	0.109	0	0	0.366	0.410
CDK1	H2AC7	9606.ENSP00000378699	9606.ENSP00000341094	0	0	0	0	0.090	0.071	0.400	0.118	0.493
CDK1	PPP1CC	9606.ENSP00000378699	9606.ENSP00000341779	0	0	0	0	0.121	0.219	0.400	0.420	0.729
CDK1	FOXM1	9606.ENSP00000378699	9606.ENSP00000342307	0	0	0	0	0.661	0.558	0.500	0.896	0.991
CDK1	H1-0	9606.ENSP00000378699	9606.ENSP00000344504	0	0	0	0	0.062	0.728	0	0.820	0.950
CDK1	E2F1	9606.ENSP00000378699	9606.ENSP00000345571	0	0	0	0	0.234	0.328	0.500	0.688	0.909
CDK1	UBE2C	9606.ENSP00000378699	9606.ENSP00000348838	0	0	0	0	0.860	0.091	0.500	0.758	0.982
CDK1	H2BC12	9606.ENSP00000378699	9606.ENSP00000349430	0	0	0	0	0.080	0.045	0.400	0.396	0.639
CDK1	POT1	9606.ENSP00000378699	9606.ENSP00000350249	0	0	0	0	0.072	0.070	0	0.390	0.427
CDK1	MTOR	9606.ENSP00000378699	9606.ENSP00000354558	0	0	0	0	0.055	0.068	0	0.495	0.517
CDK1	E2F2	9606.ENSP00000378699	9606.ENSP00000355249	0	0	0	0	0.105	0.091	0	0.545	0.597
CDK1	H3-4	9606.ENSP00000378699	9606.ENSP00000355657	0	0	0	0	0.084	0.071	0.400	0.665	0.806
CDK1	MDM4	9606.ENSP00000378699	9606.ENSP00000356150	0	0	0	0	0	0.510	0	0.346	0.666
CDK1	H2BC21	9606.ENSP00000378699	9606.ENSP00000358151	0	0	0	0	0.055	0.045	0.400	0.673	0.799
CDK1	H2AC18	9606.ENSP00000378699	9606.ENSP00000358155	0	0	0	0	0.078	0.071	0.400	0.390	0.644
CDK1	GADD45A	9606.ENSP00000378699	9606.ENSP00000360025	0	0	0	0	0.049	0.820	0.900	0.851	0.997
CDK1	JUN	9606.ENSP00000378699	9606.ENSP00000360266	0	0	0	0	0	0.264	0	0.711	0.778
CDK1	PTEN	9606.ENSP00000378699	9606.ENSP00000361021	0	0	0	0	0.078	0.126	0	0.561	0.616
CDK1	RBBP4	9606.ENSP00000378699	9606.ENSP00000362592	0	0	0	0	0.180	0.071	0	0.523	0.605
CDK1	RBL1	9606.ENSP00000378699	9606.ENSP00000362768	0	0	0	0	0.152	0.139	0.500	0.185	0.663
CDK1	UBE2D1	9606.ENSP00000378699	9606.ENSP00000363019	0	0	0	0	0.081	0.091	0.500	0.243	0.641
CDK1	TXN	9606.ENSP00000378699	9606.ENSP00000363641	0	0	0	0	0.163	0.142	0	0.242	0.409
CDK1	TFDP1	9606.ENSP00000378699	9606.ENSP00000364519	0	0	0	0	0.162	0.301	0.500	0.325	0.776
CDK1	H2BC13	9606.ENSP00000378699	9606.ENSP00000366618	0	0	0	0	0.093	0.045	0.400	0.395	0.644
CDK1	H2AC6	9606.ENSP00000378699	9606.ENSP00000367022	0	0	0	0	0.078	0.071	0.400	0.097	0.474
CDK1	E2F4	9606.ENSP00000378699	9606.ENSP00000368686	0	0	0	0	0.061	0.091	0.500	0.490	0.753
CDK1	FOXO1	9606.ENSP00000378699	9606.ENSP00000368880	0	0	0	0	0	0.348	0	0.448	0.625
CDK1	RPS6KA3	9606.ENSP00000378699	9606.ENSP00000368884	0	0	0	0.686	0.050	0	0	0.470	0.474
CDK1	CHEK2	9606.ENSP00000378699	9606.ENSP00000372023	0	0	0.089	0.713	0.157	0.305	0	0.470	0.679
CDK1	SQSTM1	9606.ENSP00000378699	9606.ENSP00000374455	0	0	0	0	0.042	0.510	0	0.534	0.762
CDK1	CDKN2D	9606.ENSP00000378699	9606.ENSP00000377224	0	0	0	0	0.042	0.094	0	0.483	0.512
CDK1	VDAC1	9606.ENSP00000378699	9606.ENSP00000378487	0	0	0	0	0.127	0.292	0	0.222	0.477
CDK1	FZR1	9606.ENSP00000378699	9606.ENSP00000378529	0	0	0	0	0.370	0.723	0.750	0.670	0.983
CDK1	PPP1CB	9606.ENSP00000378699	9606.ENSP00000378769	0	0	0	0	0.069	0.143	0	0.335	0.423
CDK1	H2AJ	9606.ENSP00000378699	9606.ENSP00000438553	0	0	0	0	0.072	0.071	0.400	0.070	0.454
CDK1	H2AB1	9606.ENSP00000378699	9606.ENSP00000484261	0	0	0	0	0.072	0.071	0.400	0.070	0.454
CDK1	UBA52	9606.ENSP00000378699	9606.ENSP00000388107	0	0	0	0	0	0	0.500	0.138	0.550
CDK1	RELA	9606.ENSP00000378699	9606.ENSP00000384273	0	0	0	0	0.069	0.092	0	0.549	0.586
CDK1	HMGA2	9606.ENSP00000378699	9606.ENSP00000437621	0	0	0	0	0.127	0	0	0.548	0.588
CDK1	UBC	9606.ENSP00000378699	9606.ENSP00000441543	0	0	0	0	0.060	0.079	0.500	0.176	0.595
CDK1	UBB	9606.ENSP00000378699	9606.ENSP00000478771	0	0	0	0	0.060	0.079	0.500	0.186	0.600
CDK1	IL6	9606.ENSP00000378699	9606.ENSP00000385675	0	0	0	0	0.084	0	0	0.595	0.613
CDK1	TFDP2	9606.ENSP00000378699	9606.ENSP00000420616	0	0	0	0	0.079	0.054	0.500	0.236	0.622
CDK1	H2BC14	9606.ENSP00000378699	9606.ENSP00000477907	0	0	0	0	0.077	0.045	0.400	0.395	0.637
CDK1	H2BC15	9606.ENSP00000378699	9606.ENSP00000483903	0	0	0	0	0.075	0.045	0.400	0.395	0.637
CDK1	H2BC17	9606.ENSP00000378699	9606.ENSP00000477527	0	0	0	0	0.085	0.045	0.400	0.395	0.640
CDK1	H2BC11	9606.ENSP00000378699	9606.ENSP00000476136	0	0	0	0	0.087	0.045	0.400	0.397	0.642
CDK1	H2BC9	9606.ENSP00000378699	9606.ENSP00000479169	0	0	0	0	0.098	0.045	0.400	0.395	0.645
CDK1	HMGA1	9606.ENSP00000378699	9606.ENSP00000399888	0	0	0	0	0.123	0.625	0	0.145	0.694
CDK1	E2F5	9606.ENSP00000378699	9606.ENSP00000398124	0	0	0	0	0.091	0.091	0.500	0.399	0.718
CDK1	H2BC3	9606.ENSP00000378699	9606.ENSP00000482674	0	0	0	0	0.057	0.294	0.400	0.395	0.726
CDK1	MYC	9606.ENSP00000378699	9606.ENSP00000478887	0	0	0	0	0.120	0.219	0	0.672	0.755
CDK1	CDKN2A	9606.ENSP00000378699	9606.ENSP00000418915	0	0	0	0	0.060	0.094	0	0.803	0.818
CDK1	H2AX	9606.ENSP00000378699	9606.ENSP00000434024	0	0	0	0	0.238	0.071	0.400	0.756	0.882
CDK1	CHEK1	9606.ENSP00000378699	9606.ENSP00000391090	0	0	0	0.638	0.786	0.361	0	0.403	0.911
CDK1	CDKN1A	9606.ENSP00000378699	9606.ENSP00000384849	0	0	0	0	0.085	0.900	0	0.986	0.998
CDK2	SIRT1	9606.ENSP00000266970	9606.ENSP00000212015	0	0.006	0	0	0	0.312	0	0.472	0.621
CDK2	MYBL2	9606.ENSP00000266970	9606.ENSP00000217026	0	0	0	0	0.281	0.646	0.900	0.538	0.986
CDK2	TSC2	9606.ENSP00000266970	9606.ENSP00000219476	0	0	0	0	0.055	0.103	0	0.387	0.435
CDK2	TGFB1	9606.ENSP00000266970	9606.ENSP00000221930	0	0	0	0	0.081	0	0	0.446	0.469
CDK2	NFKB1	9606.ENSP00000266970	9606.ENSP00000226574	0	0	0	0	0.071	0.116	0	0.466	0.523
CDK2	CDKN1B	9606.ENSP00000266970	9606.ENSP00000228872	0	0	0	0	0.085	0.999	0.900	0.999	0.999
CDK2	MAPK14	9606.ENSP00000266970	9606.ENSP00000229795	0	0	0.082	0.852	0.062	0.131	0	0.462	0.543
CDK2	H1-3	9606.ENSP00000266970	9606.ENSP00000244534	0	0	0	0	0.087	0.401	0	0.128	0.482
CDK2	H1-1	9606.ENSP00000266970	9606.ENSP00000244573	0	0	0	0	0.074	0.994	0	0.138	0.995
CDK2	TERF2	9606.ENSP00000266970	9606.ENSP00000254942	0	0	0	0	0.062	0	0.400	0.191	0.505
CDK2	CDK4	9606.ENSP00000266970	9606.ENSP00000257904	0	0	0.084	0.908	0.138	0	0.900	0.983	0.998
CDK2	MDM2	9606.ENSP00000266970	9606.ENSP00000258149	0	0	0	0	0	0	0.400	0.759	0.849
CDK2	HUS1	9606.ENSP00000266970	9606.ENSP00000258774	0	0	0	0	0	0	0	0.424	0.424
CDK2	LMNB1	9606.ENSP00000266970	9606.ENSP00000261366	0	0	0	0	0.204	0	0	0.550	0.626
CDK2	RBL2	9606.ENSP00000266970	9606.ENSP00000262133	0	0	0	0	0.067	0.902	0.900	0.872	0.998
CDK2	SMAD2	9606.ENSP00000266970	9606.ENSP00000262160	0	0	0	0	0.050	0.292	0	0.419	0.575
CDK2	CDKN2C	9606.ENSP00000266970	9606.ENSP00000262662	0	0	0	0	0.104	0.094	0	0.624	0.669
CDK2	E2F3	9606.ENSP00000266970	9606.ENSP00000262904	0	0	0	0	0.083	0.091	0.900	0.721	0.973
CDK2	PIK3CA	9606.ENSP00000266970	9606.ENSP00000263967	0	0	0	0	0	0	0	0.448	0.448
CDK2	UBE2S	9606.ENSP00000266970	9606.ENSP00000264552	0	0	0	0	0.128	0.091	0.500	0.312	0.691
CDK2	STAT3	9606.ENSP00000266970	9606.ENSP00000264657	0	0	0	0	0.070	0.093	0	0.594	0.627
CDK2	NBN	9606.ENSP00000266970	9606.ENSP00000265433	0	0	0	0	0.067	0.292	0.500	0.529	0.823
CDK2	CDK6	9606.ENSP00000266970	9606.ENSP00000265734	0	0	0.075	0.925	0.085	0.676	0.900	0.963	0.998
CDK2	PPP1CB	9606.ENSP00000266970	9606.ENSP00000378769	0	0	0	0	0.067	0.227	0	0.236	0.402
CDK2	EIF4EBP1	9606.ENSP00000266970	9606.ENSP00000340691	0	0	0	0	0.085	0	0	0.390	0.417
CDK2	CEBPB	9606.ENSP00000266970	9606.ENSP00000305422	0	0	0	0	0.070	0.091	0	0.374	0.424
CDK2	PPP1CC	9606.ENSP00000266970	9606.ENSP00000341779	0	0	0	0	0.085	0.219	0	0.260	0.426
CDK2	RELA	9606.ENSP00000266970	9606.ENSP00000384273	0	0	0	0	0.087	0.092	0	0.373	0.435
CDK2	TERF2IP	9606.ENSP00000266970	9606.ENSP00000300086	0	0	0	0	0.064	0.091	0.400	0.059	0.456
CDK2	MAPK8	9606.ENSP00000266970	9606.ENSP00000378974	0	0	0.085	0.830	0.049	0.065	0	0.422	0.467
CDK2	IL6	9606.ENSP00000266970	9606.ENSP00000385675	0	0	0	0	0.084	0	0	0.448	0.473
CDK2	POT1	9606.ENSP00000266970	9606.ENSP00000350249	0	0	0	0	0.060	0.070	0.400	0.125	0.479
CDK2	RAD9A	9606.ENSP00000266970	9606.ENSP00000311360	0	0	0	0	0.062	0.102	0	0.432	0.480
CDK2	MAPK11	9606.ENSP00000266970	9606.ENSP00000333685	0	0	0.084	0.850	0	0.131	0	0.415	0.494
CDK2	TINF2	9606.ENSP00000266970	9606.ENSP00000267415	0	0	0	0	0.042	0.091	0.400	0.155	0.500
CDK2	PPP1CA	9606.ENSP00000266970	9606.ENSP00000326031	0	0	0	0	0.107	0.219	0	0.349	0.508
CDK2	TGFBR2	9606.ENSP00000266970	9606.ENSP00000351905	0	0	0	0	0	0.098	0	0.479	0.510
CDK2	H1-2	9606.ENSP00000266970	9606.ENSP00000339566	0	0	0	0	0.089	0.189	0	0.418	0.533
CDK2	TERF1	9606.ENSP00000266970	9606.ENSP00000276603	0	0	0	0	0.056	0	0.400	0.276	0.554
CDK2	KIR2DL4	9606.ENSP00000266970	9606.ENSP00000339634	0	0	0	0	0	0	0	0.563	0.563
CDK2	SP1	9606.ENSP00000266970	9606.ENSP00000329357	0	0	0	0	0.081	0.328	0	0.353	0.566
CDK2	UBE2E1	9606.ENSP00000266970	9606.ENSP00000303709	0	0	0	0	0.090	0.091	0.500	0.097	0.576
CDK2	MTOR	9606.ENSP00000266970	9606.ENSP00000354558	0	0	0	0	0.062	0.068	0	0.563	0.585
CDK2	CHEK2	9606.ENSP00000266970	9606.ENSP00000372023	0	0	0.103	0.677	0.102	0.305	0	0.352	0.589
CDK2	EP400	9606.ENSP00000266970	9606.ENSP00000374212	0	0	0	0	0.113	0.107	0.500	0.147	0.617
CDK2	H2BC1	9606.ENSP00000266970	9606.ENSP00000274764	0	0	0	0	0.055	0.045	0.500	0.254	0.618
CDK2	H2BC4	9606.ENSP00000266970	9606.ENSP00000321744	0	0	0	0	0.055	0.045	0.500	0.260	0.621
CDK2	H2BC14	9606.ENSP00000266970	9606.ENSP00000477907	0	0	0	0	0.062	0.045	0.500	0.256	0.622
CDK2	GADD45A	9606.ENSP00000266970	9606.ENSP00000360025	0	0	0	0	0.047	0	0	0.620	0.622
CDK2	UBE2D1	9606.ENSP00000266970	9606.ENSP00000363019	0	0	0	0	0.081	0.091	0.500	0.204	0.623
CDK2	H2BC15	9606.ENSP00000266970	9606.ENSP00000483903	0	0	0	0	0.063	0.045	0.500	0.257	0.623
CDK2	H2BC13	9606.ENSP00000266970	9606.ENSP00000366618	0	0	0	0	0.058	0.045	0.500	0.261	0.623
CDK2	H2BC9	9606.ENSP00000266970	9606.ENSP00000479169	0	0	0	0	0.073	0.045	0.500	0.257	0.627
CDK2	H2BC5	9606.ENSP00000266970	9606.ENSP00000289316	0	0	0	0	0.057	0.045	0.500	0.274	0.630
CDK2	H2BC12	9606.ENSP00000266970	9606.ENSP00000349430	0	0	0	0	0.086	0.045	0.500	0.263	0.635
CDK2	H2BC17	9606.ENSP00000266970	9606.ENSP00000477527	0	0	0	0	0.072	0.045	0.500	0.273	0.635
CDK2	H2BC11	9606.ENSP00000266970	9606.ENSP00000476136	0	0	0	0	0.085	0.045	0.500	0.264	0.635
CDK2	KAT5	9606.ENSP00000266970	9606.ENSP00000340330	0	0	0	0	0.042	0	0.500	0.313	0.642
CDK2	FOS	9606.ENSP00000266970	9606.ENSP00000306245	0	0	0	0	0.051	0.079	0	0.624	0.643
CDK2	RAD50	9606.ENSP00000266970	9606.ENSP00000368100	0	0	0	0	0.068	0.300	0.500	0.091	0.664
CDK2	RBBP4	9606.ENSP00000266970	9606.ENSP00000362592	0	0	0	0	0.166	0.071	0.500	0.258	0.674
CDK2	LIN52	9606.ENSP00000266970	9606.ENSP00000451812	0	0	0	0	0.065	0	0.500	0.363	0.676
CDK2	LIN54	9606.ENSP00000266970	9606.ENSP00000341947	0	0	0	0	0.113	0.066	0.500	0.313	0.677
CDK2	H2BC21	9606.ENSP00000266970	9606.ENSP00000358151	0	0	0	0	0.055	0.078	0.500	0.395	0.702
CDK2	EZH2	9606.ENSP00000266970	9606.ENSP00000320147	0	0	0	0	0.221	0.305	0	0.493	0.702
CDK2	TFDP2	9606.ENSP00000266970	9606.ENSP00000420616	0	0	0	0	0.070	0.268	0.500	0.246	0.709
CDK2	H2BC3	9606.ENSP00000266970	9606.ENSP00000482674	0	0	0	0	0.056	0.294	0.500	0.254	0.719
CDK2	LIN9	9606.ENSP00000266970	9606.ENSP00000329102	0	0	0	0	0.090	0.203	0.500	0.341	0.729
CDK2	MRE11	9606.ENSP00000266970	9606.ENSP00000325863	0	0	0	0	0.081	0.356	0.500	0.265	0.753
CDK2	UBE2C	9606.ENSP00000266970	9606.ENSP00000348838	0	0	0	0	0.358	0.091	0.500	0.322	0.775
CDK2	PTEN	9606.ENSP00000266970	9606.ENSP00000361021	0	0	0	0	0.078	0.126	0	0.754	0.784
CDK2	CDKN2B	9606.ENSP00000266970	9606.ENSP00000276925	0	0	0	0	0	0.094	0	0.787	0.799
CDK2	H3-4	9606.ENSP00000266970	9606.ENSP00000355657	0	0	0	0	0.084	0.071	0.500	0.599	0.806
CDK2	JUN	9606.ENSP00000266970	9606.ENSP00000360266	0	0	0	0	0	0.188	0	0.793	0.825
CDK2	CDKN2D	9606.ENSP00000266970	9606.ENSP00000377224	0	0	0	0	0.044	0.094	0	0.838	0.847
CDK2	H2AX	9606.ENSP00000266970	9606.ENSP00000434024	0	0	0	0	0.156	0.071	0.500	0.691	0.862
CDK2	LIN37	9606.ENSP00000266970	9606.ENSP00000301159	0	0	0	0	0.064	0.637	0.500	0.295	0.864
CDK2	TFDP1	9606.ENSP00000266970	9606.ENSP00000364519	0	0	0	0	0.156	0.526	0.500	0.412	0.867
CDK2	CHEK1	9606.ENSP00000266970	9606.ENSP00000391090	0	0	0	0.625	0.238	0.242	0.500	0.601	0.869
CDK2	FOXM1	9606.ENSP00000266970	9606.ENSP00000342307	0	0	0	0	0.217	0.558	0.400	0.546	0.893
CDK2	UBA52	9606.ENSP00000266970	9606.ENSP00000388107	0	0	0	0	0	0.800	0.500	0.085	0.900
CDK2	E2F5	9606.ENSP00000266970	9606.ENSP00000398124	0	0	0	0	0.068	0.485	0.500	0.653	0.905
CDK2	UBB	9606.ENSP00000266970	9606.ENSP00000478771	0	0	0	0	0.060	0.807	0.500	0.128	0.910
CDK2	UBC	9606.ENSP00000266970	9606.ENSP00000441543	0	0	0	0	0.060	0.807	0.500	0.156	0.913
CDK2	RPS27A	9606.ENSP00000266970	9606.ENSP00000272317	0	0	0	0	0.064	0.814	0.500	0.126	0.914
CDK2	H1-5	9606.ENSP00000266970	9606.ENSP00000330074	0	0	0	0	0.082	0.919	0	0.170	0.933
CDK2	E2F4	9606.ENSP00000266970	9606.ENSP00000368686	0	0	0	0	0.085	0.558	0.500	0.797	0.953
CDK2	MYC	9606.ENSP00000266970	9606.ENSP00000478887	0	0	0	0	0.114	0.327	0.500	0.884	0.960
CDK2	E2F2	9606.ENSP00000266970	9606.ENSP00000355249	0	0	0	0	0.072	0.091	0.900	0.607	0.962
CDK2	FOXO1	9606.ENSP00000266970	9606.ENSP00000368880	0	0	0	0	0	0.117	0.900	0.659	0.967
CDK2	FZR1	9606.ENSP00000266970	9606.ENSP00000378529	0	0	0	0	0.370	0.850	0.500	0.453	0.970
CDK2	H1-0	9606.ENSP00000266970	9606.ENSP00000344504	0	0	0	0	0.055	0.908	0	0.782	0.979
CDK2	TP53	9606.ENSP00000266970	9606.ENSP00000269305	0	0	0	0	0.093	0.778	0.500	0.891	0.987
CDK2	CDKN2A	9606.ENSP00000266970	9606.ENSP00000418915	0	0	0	0	0.072	0.094	0	0.993	0.993
CDK2	RBL1	9606.ENSP00000266970	9606.ENSP00000362768	0	0	0	0	0.109	0.896	0.900	0.597	0.995
CDK2	E2F1	9606.ENSP00000266970	9606.ENSP00000345571	0	0	0	0	0.164	0.796	0.900	0.873	0.997
CDK2	FOXO3	9606.ENSP00000266970	9606.ENSP00000339527	0	0	0	0	0	0.117	0.900	0.994	0.999
CDK2	RB1	9606.ENSP00000266970	9606.ENSP00000267163	0	0	0	0	0.095	0.991	0.900	0.821	0.999
CDK2	CDKN1A	9606.ENSP00000266970	9606.ENSP00000384849	0	0	0	0	0.085	0.994	0.900	0.999	0.999
CDK4	SIRT1	9606.ENSP00000257904	9606.ENSP00000212015	0	0	0	0	0	0.069	0	0.478	0.493
CDK4	MYBL2	9606.ENSP00000257904	9606.ENSP00000217026	0	0	0	0	0.151	0.095	0	0.421	0.516
CDK4	TSC2	9606.ENSP00000257904	9606.ENSP00000219476	0	0	0	0	0.049	0.337	0	0.489	0.650
CDK4	TGFB1	9606.ENSP00000257904	9606.ENSP00000221930	0	0	0	0	0.086	0	0	0.447	0.472
CDK4	NFKB1	9606.ENSP00000257904	9606.ENSP00000226574	0	0	0	0	0.073	0.116	0	0.674	0.710
CDK4	CDKN1B	9606.ENSP00000257904	9606.ENSP00000228872	0	0	0	0	0.087	0.999	0.900	0.996	0.999
CDK4	MAPK14	9606.ENSP00000257904	9606.ENSP00000229795	0	0	0.103	0.786	0.049	0.252	0	0.309	0.501
CDK4	H1-3	9606.ENSP00000257904	9606.ENSP00000244534	0	0	0	0	0.079	0.401	0	0.091	0.455
CDK4	H1-1	9606.ENSP00000257904	9606.ENSP00000244573	0	0	0	0	0.074	0.818	0	0.091	0.833
CDK4	KDM6B	9606.ENSP00000257904	9606.ENSP00000254846	0	0	0	0	0.104	0.108	0	0.309	0.400
CDK4	PPP1CC	9606.ENSP00000257904	9606.ENSP00000341779	0	0	0	0	0.147	0.219	0	0.172	0.401
CDK4	HIPK2	9606.ENSP00000257904	9606.ENSP00000385571	0	0	0	0.683	0	0.062	0	0.397	0.411
CDK4	TGFBR2	9606.ENSP00000257904	9606.ENSP00000351905	0	0	0	0	0	0.098	0	0.377	0.414
CDK4	MAP2K1	9606.ENSP00000257904	9606.ENSP00000302486	0	0	0.124	0.643	0.106	0.091	0	0.285	0.424
CDK4	H3-3A	9606.ENSP00000257904	9606.ENSP00000355780	0	0	0	0	0.084	0.071	0	0.382	0.429
CDK4	MRE11	9606.ENSP00000257904	9606.ENSP00000325863	0	0	0	0	0.056	0.128	0	0.364	0.431
CDK4	TSC1	9606.ENSP00000257904	9606.ENSP00000298552	0	0	0	0	0.067	0.249	0	0.264	0.440
CDK4	LMNB1	9606.ENSP00000257904	9606.ENSP00000261366	0	0	0	0	0.131	0	0	0.390	0.447
CDK4	GADD45A	9606.ENSP00000257904	9606.ENSP00000360025	0	0	0	0	0	0	0	0.447	0.447
CDK4	H2AC14	9606.ENSP00000257904	9606.ENSP00000328484	0	0	0	0	0.072	0.071	0.400	0.070	0.454
CDK4	H2AC7	9606.ENSP00000257904	9606.ENSP00000341094	0	0	0	0	0.072	0.071	0.400	0.070	0.454
CDK4	H2AB1	9606.ENSP00000257904	9606.ENSP00000484261	0	0	0	0	0.072	0.071	0.400	0.070	0.454
CDK4	H2AC6	9606.ENSP00000257904	9606.ENSP00000367022	0	0	0	0	0.072	0.071	0.400	0.070	0.455
CDK4	H2AJ	9606.ENSP00000257904	9606.ENSP00000438553	0	0	0	0	0.072	0.071	0.400	0.084	0.463
CDK4	TERF2IP	9606.ENSP00000257904	9606.ENSP00000300086	0	0	0	0	0.051	0.091	0	0.433	0.468
CDK4	EIF4EBP1	9606.ENSP00000257904	9606.ENSP00000340691	0	0	0	0	0.138	0	0	0.416	0.475
CDK4	FOS	9606.ENSP00000257904	9606.ENSP00000306245	0	0	0	0	0.051	0.079	0	0.451	0.478
CDK4	UBE2C	9606.ENSP00000257904	9606.ENSP00000348838	0	0	0	0	0.322	0.091	0	0.260	0.504
CDK4	IL6	9606.ENSP00000257904	9606.ENSP00000385675	0	0	0	0	0.092	0	0	0.479	0.506
CDK4	FOXO1	9606.ENSP00000257904	9606.ENSP00000368880	0	0	0	0	0	0.117	0	0.476	0.518
CDK4	MOV10	9606.ENSP00000257904	9606.ENSP00000399797	0	0	0	0	0.044	0	0.500	0.077	0.520
CDK4	HMGA2	9606.ENSP00000257904	9606.ENSP00000437621	0	0	0	0	0.063	0	0	0.510	0.521
CDK4	H2AZ2	9606.ENSP00000257904	9606.ENSP00000308405	0	0	0	0	0.152	0.052	0.400	0.125	0.522
CDK4	TNRC6A	9606.ENSP00000257904	9606.ENSP00000379144	0	0	0	0	0	0	0.500	0.091	0.526
CDK4	SP1	9606.ENSP00000257904	9606.ENSP00000329357	0	0	0	0	0.066	0.328	0	0.329	0.543
CDK4	TNRC6B	9606.ENSP00000257904	9606.ENSP00000401946	0	0	0	0	0	0.117	0.500	0.087	0.561
CDK4	PPP1CA	9606.ENSP00000257904	9606.ENSP00000326031	0	0	0	0	0.161	0.384	0	0.225	0.565
CDK4	H2BC1	9606.ENSP00000257904	9606.ENSP00000274764	0	0	0	0	0.055	0.045	0.500	0.152	0.566
CDK4	H2BC13	9606.ENSP00000257904	9606.ENSP00000366618	0	0	0	0	0.057	0.045	0.500	0.153	0.568
CDK4	H2BC14	9606.ENSP00000257904	9606.ENSP00000477907	0	0	0	0	0.060	0.045	0.500	0.153	0.569
CDK4	H2BC3	9606.ENSP00000257904	9606.ENSP00000482674	0	0	0	0	0.055	0.045	0.500	0.158	0.569
CDK4	H2BC9	9606.ENSP00000257904	9606.ENSP00000479169	0	0	0	0	0.055	0.045	0.500	0.160	0.570
CDK4	H2BC15	9606.ENSP00000257904	9606.ENSP00000483903	0	0	0	0	0.055	0.045	0.500	0.159	0.570
CDK4	H2BC17	9606.ENSP00000257904	9606.ENSP00000477527	0	0	0	0	0.057	0.045	0.500	0.157	0.570
CDK4	H2AC18	9606.ENSP00000257904	9606.ENSP00000358155	0	0	0	0	0.072	0.071	0.400	0.268	0.571
CDK4	H2BC12	9606.ENSP00000257904	9606.ENSP00000349430	0	0	0	0	0.060	0.045	0.500	0.157	0.571
CDK4	H2AC20	9606.ENSP00000257904	9606.ENSP00000332194	0	0	0	0	0.077	0.071	0.400	0.268	0.573
CDK4	H2BC11	9606.ENSP00000257904	9606.ENSP00000476136	0	0	0	0	0.060	0.045	0.500	0.166	0.576
CDK4	H2BC4	9606.ENSP00000257904	9606.ENSP00000321744	0	0	0	0	0.055	0.045	0.500	0.172	0.576
CDK4	H2BC5	9606.ENSP00000257904	9606.ENSP00000289316	0	0	0	0	0.055	0.045	0.500	0.180	0.581
CDK4	PIK3CB	9606.ENSP00000257904	9606.ENSP00000501150	0	0	0	0	0	0	0	0.581	0.581
CDK4	SMAD2	9606.ENSP00000257904	9606.ENSP00000262160	0	0	0	0	0.045	0.292	0	0.431	0.582
CDK4	RELA	9606.ENSP00000257904	9606.ENSP00000384273	0	0	0	0	0.105	0.329	0	0.378	0.594
CDK4	TFDP2	9606.ENSP00000257904	9606.ENSP00000420616	0	0	0	0	0.063	0.054	0.500	0.211	0.604
CDK4	TNRC6C	9606.ENSP00000257904	9606.ENSP00000336783	0	0	0	0	0.139	0.113	0.500	0.109	0.614
CDK4	H2BC21	9606.ENSP00000257904	9606.ENSP00000358151	0	0	0	0	0.055	0.045	0.500	0.285	0.634
CDK4	EZH2	9606.ENSP00000257904	9606.ENSP00000320147	0	0	0	0	0.136	0.059	0	0.591	0.639
CDK4	STAT3	9606.ENSP00000257904	9606.ENSP00000264657	0	0	0	0	0.055	0.093	0	0.613	0.640
CDK4	MTOR	9606.ENSP00000257904	9606.ENSP00000354558	0	0	0	0	0.055	0.068	0	0.628	0.644
CDK4	CHEK2	9606.ENSP00000257904	9606.ENSP00000372023	0	0	0.103	0.631	0.084	0.447	0	0.308	0.644
CDK4	MDM4	9606.ENSP00000257904	9606.ENSP00000356150	0	0	0	0	0	0.191	0	0.580	0.645
CDK4	CHEK1	9606.ENSP00000257904	9606.ENSP00000391090	0	0	0	0.625	0.160	0.242	0	0.549	0.688
CDK4	CEBPB	9606.ENSP00000257904	9606.ENSP00000305422	0	0	0	0	0.083	0.091	0.500	0.349	0.692
CDK4	FOXO3	9606.ENSP00000257904	9606.ENSP00000339527	0	0	0	0	0	0.117	0	0.677	0.703
CDK4	PIK3CA	9606.ENSP00000257904	9606.ENSP00000263967	0	0	0	0	0	0	0	0.709	0.709
CDK4	TFDP1	9606.ENSP00000257904	9606.ENSP00000364519	0	0	0	0	0.165	0.054	0.500	0.377	0.721
CDK4	FZR1	9606.ENSP00000257904	9606.ENSP00000378529	0	0	0	0	0.370	0.387	0	0.336	0.721
CDK4	H1-0	9606.ENSP00000257904	9606.ENSP00000344504	0	0	0	0	0.055	0.487	0	0.484	0.728
CDK4	FOXM1	9606.ENSP00000257904	9606.ENSP00000342307	0	0	0	0	0.186	0.245	0	0.592	0.728
CDK4	H2AX	9606.ENSP00000257904	9606.ENSP00000434024	0	0	0	0	0.159	0.071	0.500	0.418	0.742
CDK4	E2F5	9606.ENSP00000257904	9606.ENSP00000398124	0	0	0	0	0.074	0.091	0.500	0.489	0.756
CDK4	JUN	9606.ENSP00000257904	9606.ENSP00000360266	0	0	0	0	0	0.188	0	0.716	0.759
CDK4	H3-4	9606.ENSP00000257904	9606.ENSP00000355657	0	0	0	0	0.084	0.071	0.500	0.532	0.774
CDK4	E2F2	9606.ENSP00000257904	9606.ENSP00000355249	0	0	0	0	0.042	0.091	0.500	0.606	0.805
CDK4	E2F3	9606.ENSP00000257904	9606.ENSP00000262904	0	0	0	0	0.049	0.091	0.500	0.614	0.811
CDK4	E2F4	9606.ENSP00000257904	9606.ENSP00000368686	0	0	0	0	0.086	0.247	0.500	0.607	0.847
CDK4	PTEN	9606.ENSP00000257904	9606.ENSP00000361021	0	0	0	0	0.078	0.236	0	0.824	0.865
CDK4	MDM2	9606.ENSP00000257904	9606.ENSP00000258149	0	0	0	0	0.042	0	0	0.884	0.884
CDK4	RBL1	9606.ENSP00000257904	9606.ENSP00000362768	0	0	0	0	0.073	0.248	0.900	0.256	0.941
CDK4	E2F1	9606.ENSP00000257904	9606.ENSP00000345571	0	0	0	0	0.110	0.091	0.500	0.908	0.958
CDK4	MYC	9606.ENSP00000257904	9606.ENSP00000478887	0	0	0	0	0.100	0.642	0	0.904	0.966
CDK4	TP53	9606.ENSP00000257904	9606.ENSP00000269305	0	0	0	0	0.117	0.554	0	0.922	0.966
CDK4	RBL2	9606.ENSP00000257904	9606.ENSP00000262133	0	0	0	0	0.067	0.534	0.900	0.722	0.986
CDK4	CDKN2D	9606.ENSP00000257904	9606.ENSP00000377224	0	0	0	0	0	0.878	0.900	0.997	0.999
CDK4	RB1	9606.ENSP00000257904	9606.ENSP00000267163	0	0	0	0	0.077	0.994	0.900	0.984	0.999
CDK4	CDKN2A	9606.ENSP00000257904	9606.ENSP00000418915	0	0	0	0	0.058	0.994	0.900	0.999	0.999
CDK4	CDKN1A	9606.ENSP00000257904	9606.ENSP00000384849	0	0	0	0	0.103	0.999	0.900	0.998	0.999
CDK4	CDKN2C	9606.ENSP00000257904	9606.ENSP00000262662	0	0	0	0	0.074	0.994	0.900	0.997	0.999
CDK4	CDK6	9606.ENSP00000257904	9606.ENSP00000265734	0	0	0.055	0.970	0.072	0.720	0.900	0.983	0.999
CDK4	CDKN2B	9606.ENSP00000257904	9606.ENSP00000276925	0	0	0	0	0	0.897	0.900	0.997	0.999
CDK6	SIRT1	9606.ENSP00000265734	9606.ENSP00000212015	0	0.006	0	0	0	0.187	0	0.507	0.582
CDK6	MYBL2	9606.ENSP00000265734	9606.ENSP00000217026	0	0	0	0	0.103	0.095	0	0.619	0.664
CDK6	NFKB1	9606.ENSP00000265734	9606.ENSP00000226574	0	0	0	0	0.092	0.116	0	0.624	0.672
CDK6	CDKN1B	9606.ENSP00000265734	9606.ENSP00000228872	0	0	0	0	0.087	0.994	0.900	0.983	0.999
CDK6	H1-1	9606.ENSP00000265734	9606.ENSP00000244573	0	0	0	0	0.074	0.585	0	0.091	0.621
CDK6	MDM2	9606.ENSP00000265734	9606.ENSP00000258149	0	0	0	0	0	0	0	0.656	0.656
CDK6	RBL2	9606.ENSP00000265734	9606.ENSP00000262133	0	0	0	0	0.073	0.248	0.900	0.674	0.974
CDK6	SMAD2	9606.ENSP00000265734	9606.ENSP00000262160	0	0	0	0	0.045	0	0	0.580	0.582
CDK6	CDKN2C	9606.ENSP00000265734	9606.ENSP00000262662	0	0	0	0	0.080	0.999	0.900	0.997	0.999
CDK6	E2F3	9606.ENSP00000265734	9606.ENSP00000262904	0	0	0	0	0.067	0.091	0.500	0.650	0.832
CDK6	PIK3CA	9606.ENSP00000265734	9606.ENSP00000263967	0	0	0	0	0	0	0	0.596	0.596
CDK6	STAT3	9606.ENSP00000265734	9606.ENSP00000264657	0	0	0	0	0.055	0.095	0	0.872	0.881
CDK6	FOS	9606.ENSP00000265734	9606.ENSP00000306245	0	0	0	0	0.051	0.079	0	0.374	0.405
CDK6	IL6	9606.ENSP00000265734	9606.ENSP00000385675	0	0	0	0	0.087	0	0	0.397	0.425
CDK6	H2AX	9606.ENSP00000265734	9606.ENSP00000434024	0	0	0	0	0.101	0.071	0	0.367	0.426
CDK6	UBE2C	9606.ENSP00000265734	9606.ENSP00000348838	0	0	0	0	0.282	0.091	0	0.232	0.455
CDK6	FOXO1	9606.ENSP00000265734	9606.ENSP00000368880	0	0	0	0	0.049	0.117	0	0.410	0.461
CDK6	MDM4	9606.ENSP00000265734	9606.ENSP00000356150	0	0	0	0	0	0	0	0.479	0.479
CDK6	MTOR	9606.ENSP00000265734	9606.ENSP00000354558	0	0	0	0	0.055	0.068	0	0.475	0.497
CDK6	H3-4	9606.ENSP00000265734	9606.ENSP00000355657	0	0	0	0	0.084	0.071	0	0.465	0.505
CDK6	MOV10	9606.ENSP00000265734	9606.ENSP00000399797	0	0	0	0	0.049	0	0.500	0.060	0.513
CDK6	PIK3CB	9606.ENSP00000265734	9606.ENSP00000501150	0	0	0	0	0.042	0	0	0.515	0.516
CDK6	CHEK2	9606.ENSP00000265734	9606.ENSP00000372023	0	0	0.104	0.631	0.076	0.305	0	0.273	0.526
CDK6	TNRC6A	9606.ENSP00000265734	9606.ENSP00000379144	0	0	0	0	0	0	0.500	0.154	0.558
CDK6	H1-0	9606.ENSP00000265734	9606.ENSP00000344504	0	0	0	0	0.055	0.306	0	0.405	0.575
CDK6	TNRC6B	9606.ENSP00000265734	9606.ENSP00000401946	0	0	0	0	0.045	0.117	0.500	0.115	0.577
CDK6	TNRC6C	9606.ENSP00000265734	9606.ENSP00000336783	0	0	0	0	0.139	0.113	0.500	0.096	0.608
CDK6	GADD45A	9606.ENSP00000265734	9606.ENSP00000360025	0	0	0	0	0.057	0	0	0.606	0.612
CDK6	CEBPB	9606.ENSP00000265734	9606.ENSP00000305422	0	0	0	0	0.074	0.091	0.500	0.270	0.651
CDK6	CHEK1	9606.ENSP00000265734	9606.ENSP00000391090	0	0	0	0.616	0.183	0.242	0	0.489	0.656
CDK6	FOXM1	9606.ENSP00000265734	9606.ENSP00000342307	0	0	0	0	0.146	0.245	0	0.524	0.667
CDK6	EZH2	9606.ENSP00000265734	9606.ENSP00000320147	0	0	0	0	0.152	0.178	0	0.585	0.686
CDK6	HMGA2	9606.ENSP00000265734	9606.ENSP00000437621	0	0	0	0	0.087	0	0	0.690	0.704
CDK6	FZR1	9606.ENSP00000265734	9606.ENSP00000378529	0	0	0	0	0.370	0.383	0	0.301	0.705
CDK6	TFDP1	9606.ENSP00000265734	9606.ENSP00000364519	0	0	0	0	0.090	0.174	0.500	0.374	0.733
CDK6	E2F4	9606.ENSP00000265734	9606.ENSP00000368686	0	0	0	0	0.061	0.091	0.500	0.477	0.747
CDK6	TFDP2	9606.ENSP00000265734	9606.ENSP00000420616	0	0	0	0	0.070	0.054	0.500	0.506	0.753
CDK6	E2F2	9606.ENSP00000265734	9606.ENSP00000355249	0	0	0	0	0.044	0.091	0.500	0.545	0.776
CDK6	JUN	9606.ENSP00000265734	9606.ENSP00000360266	0	0	0	0	0.042	0.188	0	0.748	0.787
CDK6	MYC	9606.ENSP00000265734	9606.ENSP00000478887	0	0	0	0	0.097	0.242	0	0.716	0.788
CDK6	PTEN	9606.ENSP00000265734	9606.ENSP00000361021	0	0	0	0	0.078	0.126	0	0.773	0.801
CDK6	FOXO3	9606.ENSP00000265734	9606.ENSP00000339527	0	0	0	0	0	0.229	0	0.754	0.802
CDK6	E2F5	9606.ENSP00000265734	9606.ENSP00000398124	0	0	0	0	0.074	0.091	0.500	0.595	0.807
CDK6	TP53	9606.ENSP00000265734	9606.ENSP00000269305	0	0	0	0	0.063	0.179	0	0.771	0.808
CDK6	E2F1	9606.ENSP00000265734	9606.ENSP00000345571	0	0	0	0	0.075	0.091	0.500	0.856	0.931
CDK6	RBL1	9606.ENSP00000265734	9606.ENSP00000362768	0	0	0	0	0.092	0.248	0.900	0.256	0.942
CDK6	RB1	9606.ENSP00000265734	9606.ENSP00000267163	0	0	0	0	0.095	0.871	0.900	0.840	0.997
CDK6	CDKN1A	9606.ENSP00000265734	9606.ENSP00000384849	0	0	0	0	0.087	0.994	0.900	0.994	0.999
CDK6	CDKN2B	9606.ENSP00000265734	9606.ENSP00000276925	0	0	0	0	0	0.994	0.900	0.997	0.999
CDK6	CDKN2D	9606.ENSP00000265734	9606.ENSP00000377224	0	0	0	0	0	0.999	0.900	0.997	0.999
CDK6	CDKN2A	9606.ENSP00000265734	9606.ENSP00000418915	0	0	0	0	0.044	0.999	0.900	0.998	0.999
CDKN1A	SIRT1	9606.ENSP00000384849	9606.ENSP00000212015	0	0	0	0	0	0	0	0.719	0.719
CDKN1A	GADD45B	9606.ENSP00000384849	9606.ENSP00000215631	0	0	0	0	0.215	0.046	0	0.703	0.758
CDKN1A	MAPK1	9606.ENSP00000384849	9606.ENSP00000215832	0	0	0	0	0	0	0	0.732	0.732
CDKN1A	TSC2	9606.ENSP00000384849	9606.ENSP00000219476	0	0	0	0	0	0.067	0	0.394	0.411
CDKN1A	TGFB1	9606.ENSP00000384849	9606.ENSP00000221930	0	0	0	0	0.118	0	0	0.571	0.605
CDKN1A	SERPINE1	9606.ENSP00000384849	9606.ENSP00000223095	0	0	0	0	0.172	0	0	0.654	0.701
CDKN1A	NFKB1	9606.ENSP00000384849	9606.ENSP00000226574	0	0	0	0	0.099	0.297	0	0.638	0.751
CDKN1A	CDKN1B	9606.ENSP00000384849	9606.ENSP00000228872	0	0	0	0.732	0	0.642	0.900	0.555	0.982
CDKN1A	MAPK14	9606.ENSP00000384849	9606.ENSP00000229795	0	0	0	0	0	0.292	0	0.446	0.591
CDKN1A	GADD45G	9606.ENSP00000384849	9606.ENSP00000252506	0	0	0	0	0.088	0.513	0	0.439	0.729
CDKN1A	MDM2	9606.ENSP00000384849	9606.ENSP00000258149	0	0	0	0	0.072	0.848	0	0.873	0.980
CDKN1A	LMNB1	9606.ENSP00000384849	9606.ENSP00000261366	0	0	0	0	0.068	0	0	0.438	0.454
CDKN1A	RBL2	9606.ENSP00000384849	9606.ENSP00000262133	0	0	0	0	0	0.645	0.500	0.787	0.959
CDKN1A	SMAD2	9606.ENSP00000384849	9606.ENSP00000262160	0	0	0	0	0.061	0	0	0.533	0.542
CDKN1A	CDKN2C	9606.ENSP00000384849	9606.ENSP00000262662	0	0	0	0	0	0.049	0.500	0.812	0.902
CDKN1A	E2F3	9606.ENSP00000384849	9606.ENSP00000262904	0	0	0	0	0	0	0.500	0.550	0.765
CDKN1A	MAPK3	9606.ENSP00000384849	9606.ENSP00000263025	0	0	0	0	0.044	0	0	0.606	0.608
CDKN1A	IL1A	9606.ENSP00000384849	9606.ENSP00000263339	0	0	0	0	0.093	0	0	0.400	0.432
CDKN1A	PIK3CA	9606.ENSP00000384849	9606.ENSP00000263967	0	0	0	0	0	0	0	0.445	0.445
CDKN1A	UBE2S	9606.ENSP00000384849	9606.ENSP00000264552	0	0	0	0	0.074	0	0.400	0.231	0.535
CDKN1A	STAT3	9606.ENSP00000384849	9606.ENSP00000264657	0	0	0	0	0.125	0.828	0.500	0.815	0.984
CDKN1A	RB1	9606.ENSP00000384849	9606.ENSP00000267163	0	0	0	0	0	0.332	0.500	0.658	0.876
CDKN1A	TP53	9606.ENSP00000384849	9606.ENSP00000269305	0	0	0	0	0	0.925	0.900	0.960	0.999
CDKN1A	RPS27A	9606.ENSP00000384849	9606.ENSP00000272317	0	0	0	0	0.063	0.645	0.500	0.138	0.837
CDKN1A	CDKN2B	9606.ENSP00000384849	9606.ENSP00000276925	0	0	0	0	0.080	0.049	0.500	0.779	0.890
CDKN1A	MAP2K1	9606.ENSP00000384849	9606.ENSP00000302486	0	0	0	0	0.054	0	0	0.447	0.454
CDKN1A	UBE2E1	9606.ENSP00000384849	9606.ENSP00000303709	0	0	0	0	0.086	0.292	0.400	0.078	0.594
CDKN1A	CEBPB	9606.ENSP00000384849	9606.ENSP00000305422	0	0	0	0	0.154	0.045	0	0.431	0.500
CDKN1A	FOS	9606.ENSP00000384849	9606.ENSP00000306245	0	0	0	0	0.126	0	0	0.729	0.753
CDKN1A	CXCL8	9606.ENSP00000384849	9606.ENSP00000306512	0	0	0	0	0.101	0	0	0.446	0.480
CDKN1A	EZH2	9606.ENSP00000384849	9606.ENSP00000320147	0	0	0	0	0.044	0	0	0.738	0.739
CDKN1A	SP1	9606.ENSP00000384849	9606.ENSP00000329357	0	0	0	0	0.065	0.294	0	0.463	0.615
CDKN1A	FOXO3	9606.ENSP00000384849	9606.ENSP00000339527	0	0	0	0	0.072	0.294	0	0.994	0.995
CDKN1A	FOXM1	9606.ENSP00000384849	9606.ENSP00000342307	0	0	0	0	0.055	0	0	0.525	0.532
CDKN1A	E2F1	9606.ENSP00000384849	9606.ENSP00000345571	0	0	0	0	0	0.226	0.500	0.947	0.977
CDKN1A	UBE2C	9606.ENSP00000384849	9606.ENSP00000348838	0	0	0	0	0.067	0	0.400	0.244	0.540
CDKN1A	TGFBR2	9606.ENSP00000384849	9606.ENSP00000351905	0	0	0	0	0.067	0.047	0	0.447	0.465
CDKN1A	MAP3K5	9606.ENSP00000384849	9606.ENSP00000351908	0	0	0	0	0.098	0.292	0.900	0.589	0.970
CDKN1A	MTOR	9606.ENSP00000384849	9606.ENSP00000354558	0	0	0	0	0	0	0	0.521	0.521
CDKN1A	E2F2	9606.ENSP00000384849	9606.ENSP00000355249	0	0	0	0	0	0	0.500	0.575	0.778
CDKN1A	H3-4	9606.ENSP00000384849	9606.ENSP00000355657	0	0	0	0	0.077	0	0	0.624	0.638
CDKN1A	MDM4	9606.ENSP00000384849	9606.ENSP00000356150	0	0	0	0	0	0.512	0	0.518	0.754
CDKN1A	GADD45A	9606.ENSP00000384849	9606.ENSP00000360025	0	0	0	0	0.163	0.625	0	0.926	0.974
CDKN1A	JUN	9606.ENSP00000384849	9606.ENSP00000360266	0	0	0	0	0.122	0.510	0	0.639	0.831
CDKN1A	PTEN	9606.ENSP00000384849	9606.ENSP00000361021	0	0	0	0	0	0	0	0.792	0.792
CDKN1A	RBBP4	9606.ENSP00000384849	9606.ENSP00000362592	0	0	0	0	0	0.070	0	0.494	0.509
CDKN1A	RBL1	9606.ENSP00000384849	9606.ENSP00000362768	0	0	0	0	0	0.102	0.500	0.289	0.653
CDKN1A	UBE2D1	9606.ENSP00000384849	9606.ENSP00000363019	0	0	0	0	0.069	0.074	0.400	0.377	0.634
CDKN1A	TFDP1	9606.ENSP00000384849	9606.ENSP00000364519	0	0	0	0	0	0.165	0.500	0.319	0.691
CDKN1A	ID1	9606.ENSP00000384849	9606.ENSP00000365280	0	0	0	0	0.067	0	0	0.401	0.417
CDKN1A	E2F4	9606.ENSP00000384849	9606.ENSP00000368686	0	0	0	0	0	0.422	0.500	0.671	0.896
CDKN1A	FOXO1	9606.ENSP00000384849	9606.ENSP00000368880	0	0	0	0	0.042	0.597	0	0.565	0.818
CDKN1A	IGFBP3	9606.ENSP00000384849	9606.ENSP00000370473	0	0	0	0	0.067	0	0	0.475	0.489
CDKN1A	CHEK2	9606.ENSP00000384849	9606.ENSP00000372023	0	0	0	0	0.105	0.292	0	0.654	0.761
CDKN1A	EP400	9606.ENSP00000384849	9606.ENSP00000374212	0	0	0	0	0	0	0.750	0.187	0.788
CDKN1A	SQSTM1	9606.ENSP00000384849	9606.ENSP00000374455	0	0	0	0	0.086	0	0	0.539	0.560
CDKN1A	ETS1	9606.ENSP00000384849	9606.ENSP00000376436	0	0	0	0	0.057	0	0	0.526	0.533
CDKN1A	CDKN2D	9606.ENSP00000384849	9606.ENSP00000377224	0	0	0	0	0.042	0.049	0.500	0.718	0.854
CDKN1A	FZR1	9606.ENSP00000384849	9606.ENSP00000378529	0	0	0	0	0.062	0.072	0.500	0.343	0.676
CDKN1A	MAPK8	9606.ENSP00000384849	9606.ENSP00000378974	0	0	0	0	0	0.510	0	0.626	0.808
CDKN1A	RELA	9606.ENSP00000384849	9606.ENSP00000384273	0	0	0	0	0.142	0.512	0	0.439	0.745
CDKN1A	TGFBR1	9606.ENSP00000384849	9606.ENSP00000447297	0	0	0	0	0	0.047	0	0.403	0.406
CDKN1A	PIK3CB	9606.ENSP00000384849	9606.ENSP00000501150	0	0	0	0	0	0	0	0.432	0.432
CDKN1A	UBA52	9606.ENSP00000384849	9606.ENSP00000388107	0	0	0	0	0.042	0	0.500	0.068	0.514
CDKN1A	H2AX	9606.ENSP00000384849	9606.ENSP00000434024	0	0	0	0	0	0	0	0.580	0.580
CDKN1A	UBB	9606.ENSP00000384849	9606.ENSP00000478771	0	0	0	0	0.081	0.211	0.500	0.091	0.627
CDKN1A	IL6	9606.ENSP00000384849	9606.ENSP00000385675	0	0	0	0	0.178	0	0	0.572	0.633
CDKN1A	UBC	9606.ENSP00000384849	9606.ENSP00000441543	0	0	0	0	0.108	0.096	0.500	0.212	0.640
CDKN1A	TFDP2	9606.ENSP00000384849	9606.ENSP00000420616	0	0	0	0	0	0.361	0.500	0.212	0.726
CDKN1A	CHEK1	9606.ENSP00000384849	9606.ENSP00000391090	0	0	0	0	0	0.292	0	0.647	0.740
CDKN1A	E2F5	9606.ENSP00000384849	9606.ENSP00000398124	0	0	0	0	0	0.460	0.500	0.419	0.829
CDKN1A	CDKN2A	9606.ENSP00000384849	9606.ENSP00000418915	0	0	0	0	0.060	0.049	0.500	0.933	0.966
CDKN1A	MYC	9606.ENSP00000384849	9606.ENSP00000478887	0	0	0	0	0.105	0.320	0.500	0.945	0.981
CDKN1B	SIRT1	9606.ENSP00000228872	9606.ENSP00000212015	0	0	0	0	0.224	0	0	0.449	0.554
CDKN1B	MAPK1	9606.ENSP00000228872	9606.ENSP00000215832	0	0	0	0	0.082	0	0.750	0.433	0.858
CDKN1B	TSC2	9606.ENSP00000228872	9606.ENSP00000219476	0	0	0	0	0.060	0.525	0	0.671	0.840
CDKN1B	TGFB1	9606.ENSP00000228872	9606.ENSP00000221930	0	0	0	0	0.081	0	0	0.641	0.656
CDKN1B	NFKB1	9606.ENSP00000228872	9606.ENSP00000226574	0	0	0	0	0.085	0.049	0	0.412	0.443
CDKN1B	EIF4EBP1	9606.ENSP00000228872	9606.ENSP00000340691	0	0	0	0	0	0	0	0.400	0.400
CDKN1B	MAP2K4	9606.ENSP00000228872	9606.ENSP00000410402	0	0	0	0	0.217	0	0	0.273	0.407
CDKN1B	SMAD2	9606.ENSP00000228872	9606.ENSP00000262160	0	0	0	0	0.061	0	0	0.409	0.421
CDKN1B	MAPK14	9606.ENSP00000228872	9606.ENSP00000229795	0	0	0	0	0.138	0	0	0.368	0.432
CDKN1B	IL6	9606.ENSP00000228872	9606.ENSP00000385675	0	0	0	0	0.087	0	0	0.405	0.434
CDKN1B	SUZ12	9606.ENSP00000228872	9606.ENSP00000316578	0	0	0	0	0.068	0.292	0	0.231	0.448
CDKN1B	CHEK1	9606.ENSP00000228872	9606.ENSP00000391090	0	0	0	0	0	0	0	0.453	0.453
CDKN1B	MAP2K1	9606.ENSP00000228872	9606.ENSP00000302486	0	0	0	0	0.060	0	0	0.447	0.458
CDKN1B	PPP1CA	9606.ENSP00000228872	9606.ENSP00000326031	0	0	0	0	0.062	0	0	0.447	0.459
CDKN1B	FOXM1	9606.ENSP00000228872	9606.ENSP00000342307	0	0	0	0	0.055	0	0	0.452	0.460
CDKN1B	UBE2D1	9606.ENSP00000228872	9606.ENSP00000363019	0	0	0	0	0.076	0	0.400	0.104	0.460
CDKN1B	UBE2E1	9606.ENSP00000228872	9606.ENSP00000303709	0	0	0	0	0.099	0	0.400	0.096	0.468
CDKN1B	H3-4	9606.ENSP00000228872	9606.ENSP00000355657	0	0	0	0	0.077	0	0	0.453	0.474
CDKN1B	GADD45A	9606.ENSP00000228872	9606.ENSP00000360025	0	0	0	0	0.042	0	0	0.478	0.478
CDKN1B	TSC1	9606.ENSP00000228872	9606.ENSP00000298552	0	0	0	0	0.075	0.292	0	0.308	0.508
CDKN1B	FOS	9606.ENSP00000228872	9606.ENSP00000306245	0	0	0	0	0.107	0	0	0.477	0.514
CDKN1B	UBE2C	9606.ENSP00000228872	9606.ENSP00000348838	0	0	0	0	0.067	0	0.400	0.207	0.517
CDKN1B	RPS6KA1	9606.ENSP00000228872	9606.ENSP00000435412	0	0	0	0	0	0.292	0	0.352	0.521
CDKN1B	EP400	9606.ENSP00000228872	9606.ENSP00000374212	0	0	0	0	0.049	0	0.500	0.074	0.521
CDKN1B	MTOR	9606.ENSP00000228872	9606.ENSP00000354558	0	0	0	0	0.060	0	0	0.523	0.533
CDKN1B	STAT3	9606.ENSP00000228872	9606.ENSP00000264657	0	0	0	0	0.078	0	0	0.522	0.541
CDKN1B	CHEK2	9606.ENSP00000228872	9606.ENSP00000372023	0	0	0	0	0.105	0	0	0.520	0.552
CDKN1B	JUN	9606.ENSP00000228872	9606.ENSP00000360266	0	0	0	0	0.054	0	0	0.548	0.554
CDKN1B	MAPK8	9606.ENSP00000228872	9606.ENSP00000378974	0	0	0	0	0.095	0.292	0	0.368	0.559
CDKN1B	PIK3CA	9606.ENSP00000228872	9606.ENSP00000263967	0	0	0	0	0.206	0	0	0.479	0.568
CDKN1B	MDM2	9606.ENSP00000228872	9606.ENSP00000258149	0	0	0	0	0.042	0.045	0	0.584	0.587
CDKN1B	TFDP2	9606.ENSP00000228872	9606.ENSP00000420616	0	0	0	0	0	0	0.500	0.211	0.589
CDKN1B	EZH2	9606.ENSP00000228872	9606.ENSP00000320147	0	0	0	0	0.042	0.292	0	0.470	0.609
CDKN1B	TFDP1	9606.ENSP00000228872	9606.ENSP00000364519	0	0	0	0	0.060	0	0.500	0.244	0.613
CDKN1B	MAPK3	9606.ENSP00000228872	9606.ENSP00000263025	0	0	0	0	0.121	0	0	0.601	0.634
CDKN1B	RBL1	9606.ENSP00000228872	9606.ENSP00000362768	0	0	0	0	0.049	0.102	0.500	0.257	0.640
CDKN1B	UBE2S	9606.ENSP00000228872	9606.ENSP00000264552	0	0	0	0	0.067	0.292	0.400	0.230	0.654
CDKN1B	E2F5	9606.ENSP00000228872	9606.ENSP00000398124	0	0	0	0	0.049	0	0.500	0.333	0.655
CDKN1B	FZR1	9606.ENSP00000228872	9606.ENSP00000378529	0	0	0	0	0.074	0	0.500	0.346	0.671
CDKN1B	E2F2	9606.ENSP00000228872	9606.ENSP00000355249	0	0	0	0	0	0	0.500	0.446	0.711
CDKN1B	E2F4	9606.ENSP00000228872	9606.ENSP00000368686	0	0	0	0	0.049	0	0.500	0.449	0.715
CDKN1B	E2F3	9606.ENSP00000228872	9606.ENSP00000262904	0	0	0	0	0.060	0	0.500	0.457	0.722
CDKN1B	RBL2	9606.ENSP00000228872	9606.ENSP00000262133	0	0	0	0	0.113	0.102	0.500	0.549	0.796
CDKN1B	E2F1	9606.ENSP00000228872	9606.ENSP00000345571	0	0	0	0	0	0	0.500	0.640	0.812
CDKN1B	RB1	9606.ENSP00000228872	9606.ENSP00000267163	0	0	0	0	0.049	0.096	0.500	0.626	0.818
CDKN1B	PTEN	9606.ENSP00000228872	9606.ENSP00000361021	0	0	0	0	0.060	0	0	0.831	0.834
CDKN1B	FOXO1	9606.ENSP00000228872	9606.ENSP00000368880	0	0	0	0	0.049	0.046	0.400	0.739	0.839
CDKN1B	MYC	9606.ENSP00000228872	9606.ENSP00000478887	0	0	0	0	0.101	0.328	0	0.780	0.855
CDKN1B	CDKN2B	9606.ENSP00000228872	9606.ENSP00000276925	0	0	0	0	0	0.049	0.500	0.727	0.859
CDKN1B	CDKN2D	9606.ENSP00000228872	9606.ENSP00000377224	0	0	0	0	0.062	0.049	0.500	0.852	0.925
CDKN1B	CDKN2A	9606.ENSP00000228872	9606.ENSP00000418915	0	0	0	0	0	0.049	0.500	0.865	0.930
CDKN1B	UBA52	9606.ENSP00000228872	9606.ENSP00000388107	0	0	0	0	0.042	0.900	0.500	0	0.947
CDKN1B	UBB	9606.ENSP00000228872	9606.ENSP00000478771	0	0	0	0	0.074	0.905	0.500	0.064	0.953
CDKN1B	CDKN2C	9606.ENSP00000228872	9606.ENSP00000262662	0	0	0	0	0.047	0.049	0.500	0.915	0.956
CDKN1B	RPS27A	9606.ENSP00000228872	9606.ENSP00000272317	0	0	0	0	0.077	0.930	0.500	0.089	0.966
CDKN1B	UBC	9606.ENSP00000228872	9606.ENSP00000441543	0	0	0	0	0.080	0.930	0.500	0.110	0.967
CDKN1B	FOXO3	9606.ENSP00000228872	9606.ENSP00000339527	0	0	0	0	0.092	0.429	0.750	0.869	0.980
CDKN1B	TP53	9606.ENSP00000228872	9606.ENSP00000269305	0	0	0	0	0	0.076	0.900	0.911	0.991
CDKN2A	SIRT1	9606.ENSP00000418915	9606.ENSP00000212015	0	0	0	0	0	0.093	0	0.594	0.616
CDKN2A	GADD45B	9606.ENSP00000418915	9606.ENSP00000215631	0	0	0	0	0	0	0	0.526	0.526
CDKN2A	MAPK1	9606.ENSP00000418915	9606.ENSP00000215832	0	0	0	0	0.049	0.350	0	0.771	0.846
CDKN2A	MYBL2	9606.ENSP00000418915	9606.ENSP00000217026	0	0	0	0	0.076	0.061	0	0.381	0.416
CDKN2A	TSC2	9606.ENSP00000418915	9606.ENSP00000219476	0	0	0	0	0.042	0	0	0.512	0.513
CDKN2A	TGFB1	9606.ENSP00000418915	9606.ENSP00000221930	0	0	0	0	0	0.103	0	0.542	0.572
CDKN2A	SERPINE1	9606.ENSP00000418915	9606.ENSP00000223095	0	0	0	0	0	0	0	0.471	0.471
CDKN2A	NFKB1	9606.ENSP00000418915	9606.ENSP00000226574	0	0	0	0	0.042	0	0	0.571	0.571
CDKN2A	MAPK14	9606.ENSP00000418915	9606.ENSP00000229795	0	0	0	0	0.047	0.216	0.900	0.340	0.944
CDKN2A	RRAS	9606.ENSP00000418915	9606.ENSP00000246792	0	0	0	0	0.063	0.102	0.900	0.272	0.930
CDKN2A	GADD45G	9606.ENSP00000418915	9606.ENSP00000252506	0	0	0	0	0	0	0	0.525	0.525
CDKN2A	KDM6B	9606.ENSP00000418915	9606.ENSP00000254846	0	0	0	0	0.065	0.107	0.500	0.517	0.771
CDKN2A	RRAS2	9606.ENSP00000418915	9606.ENSP00000256196	0	0	0	0	0.046	0.102	0.900	0.200	0.922
CDKN2A	PHC2	9606.ENSP00000418915	9606.ENSP00000257118	0	0	0	0	0	0	0.500	0.144	0.553
CDKN2A	MDM2	9606.ENSP00000418915	9606.ENSP00000258149	0	0	0	0	0.068	0.992	0.900	0.999	0.999
CDKN2A	LMNB1	9606.ENSP00000418915	9606.ENSP00000261366	0	0	0	0	0.045	0	0	0.483	0.485
CDKN2A	RBL2	9606.ENSP00000418915	9606.ENSP00000262133	0	0	0	0	0	0.052	0	0.447	0.453
CDKN2A	SMAD2	9606.ENSP00000418915	9606.ENSP00000262160	0	0	0	0	0.042	0.046	0	0.606	0.608
CDKN2A	CDKN2C	9606.ENSP00000418915	9606.ENSP00000262662	0	0	0	0.821	0.085	0.329	0.500	0.470	0.815
CDKN2A	E2F3	9606.ENSP00000418915	9606.ENSP00000262904	0	0	0	0	0.042	0.041	0	0.666	0.666
CDKN2A	MAPK3	9606.ENSP00000418915	9606.ENSP00000263025	0	0	0	0	0.054	0.254	0	0.545	0.651
CDKN2A	IL1A	9606.ENSP00000418915	9606.ENSP00000263339	0	0	0	0	0.047	0	0	0.485	0.488
CDKN2A	PIK3CA	9606.ENSP00000418915	9606.ENSP00000263967	0	0	0	0	0	0	0	0.791	0.791
CDKN2A	STAT3	9606.ENSP00000418915	9606.ENSP00000264657	0	0	0	0	0.042	0.045	0	0.615	0.617
CDKN2A	RB1	9606.ENSP00000418915	9606.ENSP00000267163	0	0	0	0	0	0.052	0	0.842	0.843
CDKN2A	TP53	9606.ENSP00000418915	9606.ENSP00000269305	0	0	0	0	0	0.874	0.900	0.970	0.999
CDKN2A	RPS27A	9606.ENSP00000418915	9606.ENSP00000272317	0	0	0	0	0.042	0.457	0.500	0.152	0.750
CDKN2A	H2BC1	9606.ENSP00000418915	9606.ENSP00000274764	0	0	0	0	0	0.074	0.500	0.188	0.591
CDKN2A	CDKN2B	9606.ENSP00000418915	9606.ENSP00000276925	0	0	0.053	0.972	0.169	0.440	0.900	0.067	0.951
CDKN2A	H2BC5	9606.ENSP00000418915	9606.ENSP00000289316	0	0	0	0	0.050	0.074	0.500	0.198	0.600
CDKN2A	TSC1	9606.ENSP00000418915	9606.ENSP00000298552	0	0	0	0	0.042	0.232	0	0.282	0.426
CDKN2A	TERF2IP	9606.ENSP00000418915	9606.ENSP00000300086	0	0	0	0	0.042	0.095	0	0.400	0.434
CDKN2A	MAP2K1	9606.ENSP00000418915	9606.ENSP00000302486	0	0	0	0	0.057	0.131	0	0.571	0.618
CDKN2A	CEBPB	9606.ENSP00000418915	9606.ENSP00000305422	0	0	0	0	0	0.062	0.500	0.395	0.691
CDKN2A	FOS	9606.ENSP00000418915	9606.ENSP00000306245	0	0	0	0	0	0.053	0	0.483	0.489
CDKN2A	CXCL8	9606.ENSP00000418915	9606.ENSP00000306512	0	0	0	0	0.055	0	0	0.507	0.514
CDKN2A	H2AZ2	9606.ENSP00000418915	9606.ENSP00000308405	0	0	0	0	0	0.052	0.500	0.081	0.526
CDKN2A	SUZ12	9606.ENSP00000418915	9606.ENSP00000316578	0	0	0	0	0	0.047	0	0.605	0.607
CDKN2A	EZH2	9606.ENSP00000418915	9606.ENSP00000320147	0	0	0	0	0.055	0.106	0	0.796	0.813
CDKN2A	H2BC4	9606.ENSP00000418915	9606.ENSP00000321744	0	0	0	0	0.042	0.074	0.500	0.191	0.593
CDKN2A	MRE11	9606.ENSP00000418915	9606.ENSP00000325863	0	0	0	0	0.042	0.132	0	0.390	0.448
CDKN2A	H2AC14	9606.ENSP00000418915	9606.ENSP00000328484	0	0	0	0	0.056	0.050	0.500	0.055	0.519
CDKN2A	SP1	9606.ENSP00000418915	9606.ENSP00000329357	0	0	0	0	0.042	0.328	0	0.376	0.564
CDKN2A	H2AC20	9606.ENSP00000418915	9606.ENSP00000332194	0	0	0	0	0	0.050	0.500	0.447	0.714
CDKN2A	MAPK11	9606.ENSP00000418915	9606.ENSP00000333685	0	0	0	0	0.048	0.072	0.900	0.248	0.924
CDKN2A	TNRC6C	9606.ENSP00000418915	9606.ENSP00000336783	0	0	0	0	0	0.089	0.500	0.051	0.529
CDKN2A	EED	9606.ENSP00000418915	9606.ENSP00000338186	0	0	0	0	0.042	0.053	0	0.402	0.410
CDKN2A	FOXO3	9606.ENSP00000418915	9606.ENSP00000339527	0	0	0	0	0	0.059	0	0.756	0.760
CDKN2A	KAT5	9606.ENSP00000418915	9606.ENSP00000340330	0	0	0	0	0	0.295	0	0.370	0.537
CDKN2A	H2AC7	9606.ENSP00000418915	9606.ENSP00000341094	0	0	0	0	0.056	0.050	0.500	0	0.512
CDKN2A	FOXM1	9606.ENSP00000418915	9606.ENSP00000342307	0	0	0	0	0.062	0.059	0	0.507	0.526
CDKN2A	E2F1	9606.ENSP00000418915	9606.ENSP00000345571	0	0	0	0	0.067	0.621	0	0.921	0.969
CDKN2A	H2BC12	9606.ENSP00000418915	9606.ENSP00000349430	0	0	0	0	0.049	0.074	0.500	0.189	0.595
CDKN2A	TGFBR2	9606.ENSP00000418915	9606.ENSP00000351905	0	0	0	0	0	0.095	0	0.507	0.534
CDKN2A	ETS2	9606.ENSP00000418915	9606.ENSP00000353344	0	0	0	0	0.049	0.048	0.500	0.348	0.665
CDKN2A	MTOR	9606.ENSP00000418915	9606.ENSP00000354558	0	0	0	0	0.042	0.107	0	0.586	0.615
CDKN2A	E2F2	9606.ENSP00000418915	9606.ENSP00000355249	0	0	0	0	0	0.041	0	0.648	0.648
CDKN2A	H3-4	9606.ENSP00000418915	9606.ENSP00000355657	0	0	0	0	0	0.078	0	0.627	0.642
CDKN2A	H3-3A	9606.ENSP00000418915	9606.ENSP00000355780	0	0	0	0	0	0.078	0	0.483	0.503
CDKN2A	MDM4	9606.ENSP00000418915	9606.ENSP00000356150	0	0	0	0	0.068	0.441	0.700	0.795	0.963
CDKN2A	RNF2	9606.ENSP00000418915	9606.ENSP00000356480	0	0	0	0	0	0.292	0.500	0.573	0.835
CDKN2A	VENTX	9606.ENSP00000418915	9606.ENSP00000357556	0	0	0	0	0	0	0.500	0.119	0.540
CDKN2A	H2BC21	9606.ENSP00000418915	9606.ENSP00000358151	0	0	0	0	0	0.074	0.500	0.399	0.697
CDKN2A	H2AC18	9606.ENSP00000418915	9606.ENSP00000358155	0	0	0	0	0.048	0.050	0.500	0.448	0.716
CDKN2A	GADD45A	9606.ENSP00000418915	9606.ENSP00000360025	0	0	0	0	0	0	0	0.505	0.505
CDKN2A	JUN	9606.ENSP00000418915	9606.ENSP00000360266	0	0	0	0	0.051	0	0	0.776	0.779
CDKN2A	PTEN	9606.ENSP00000418915	9606.ENSP00000361021	0	0	0	0	0.053	0.188	0	0.908	0.923
CDKN2A	RING1	9606.ENSP00000418915	9606.ENSP00000363787	0	0	0	0	0.042	0.042	0.500	0.360	0.667
CDKN2A	TFDP1	9606.ENSP00000418915	9606.ENSP00000364519	0	0	0	0	0	0.294	0	0.250	0.448
CDKN2A	ID1	9606.ENSP00000418915	9606.ENSP00000365280	0	0	0	0	0	0	0	0.630	0.630
CDKN2A	H2BC13	9606.ENSP00000418915	9606.ENSP00000366618	0	0	0	0	0.072	0.074	0.500	0.180	0.600
CDKN2A	H2AC6	9606.ENSP00000418915	9606.ENSP00000367022	0	0	0	0	0.042	0.050	0.500	0.069	0.519
CDKN2A	E2F4	9606.ENSP00000418915	9606.ENSP00000368686	0	0	0	0	0	0.041	0	0.667	0.667
CDKN2A	FOXO1	9606.ENSP00000418915	9606.ENSP00000368880	0	0	0	0	0	0.059	0	0.474	0.483
CDKN2A	IGFBP3	9606.ENSP00000418915	9606.ENSP00000370473	0	0	0	0	0.042	0	0	0.471	0.471
CDKN2A	CHEK2	9606.ENSP00000418915	9606.ENSP00000372023	0	0	0	0	0.044	0	0	0.758	0.758
CDKN2A	ETS1	9606.ENSP00000418915	9606.ENSP00000376436	0	0	0	0	0.049	0.048	0.500	0.585	0.786
CDKN2A	CDKN2D	9606.ENSP00000418915	9606.ENSP00000377224	0	0	0	0.841	0.084	0.329	0.500	0.457	0.810
CDKN2A	MAPK8	9606.ENSP00000418915	9606.ENSP00000378974	0	0	0	0	0.049	0.314	0	0.772	0.838
CDKN2A	EHMT2	9606.ENSP00000418915	9606.ENSP00000379078	0	0	0	0	0.042	0.106	0	0.401	0.442
CDKN2A	TNRC6A	9606.ENSP00000418915	9606.ENSP00000379144	0	0	0	0	0	0	0.500	0.108	0.534
CDKN2A	RELA	9606.ENSP00000418915	9606.ENSP00000384273	0	0	0	0	0.064	0.334	0	0.780	0.851
CDKN2A	IL6	9606.ENSP00000418915	9606.ENSP00000385675	0	0	0	0	0	0	0	0.621	0.621
CDKN2A	UBA52	9606.ENSP00000418915	9606.ENSP00000388107	0	0	0	0	0	0.074	0.500	0.089	0.541
CDKN2A	CHEK1	9606.ENSP00000418915	9606.ENSP00000391090	0	0	0	0	0.072	0.055	0	0.711	0.724
CDKN2A	E2F5	9606.ENSP00000418915	9606.ENSP00000398124	0	0	0	0	0	0.041	0	0.561	0.561
CDKN2A	MOV10	9606.ENSP00000418915	9606.ENSP00000399797	0	0	0	0	0.054	0.096	0.500	0.114	0.570
CDKN2A	RAF1	9606.ENSP00000418915	9606.ENSP00000401888	0	0	0	0	0.042	0.233	0	0.446	0.557
CDKN2A	TNRC6B	9606.ENSP00000418915	9606.ENSP00000401946	0	0	0	0	0	0.059	0.500	0.081	0.529
CDKN2A	MAP2K4	9606.ENSP00000418915	9606.ENSP00000410402	0	0	0	0	0.042	0.045	0	0.418	0.421
CDKN2A	TGFBR1	9606.ENSP00000418915	9606.ENSP00000447297	0	0	0	0	0	0.095	0	0.370	0.405
CDKN2A	PIK3CB	9606.ENSP00000418915	9606.ENSP00000501150	0	0	0	0	0	0	0	0.457	0.457
CDKN2A	GATA4	9606.ENSP00000418915	9606.ENSP00000435712	0	0	0	0	0.061	0.049	0	0.487	0.502
CDKN2A	HMGA2	9606.ENSP00000418915	9606.ENSP00000437621	0	0	0	0	0.045	0	0	0.506	0.508
CDKN2A	H2AB1	9606.ENSP00000418915	9606.ENSP00000484261	0	0	0	0	0	0.050	0.500	0.058	0.513
CDKN2A	H2AJ	9606.ENSP00000418915	9606.ENSP00000438553	0	0	0	0	0	0.050	0.500	0.064	0.516
CDKN2A	UBB	9606.ENSP00000418915	9606.ENSP00000478771	0	0	0	0	0	0.100	0.500	0.097	0.558
CDKN2A	PHC3	9606.ENSP00000418915	9606.ENSP00000420294	0	0	0	0	0	0	0.500	0.200	0.582
CDKN2A	PHC1	9606.ENSP00000418915	9606.ENSP00000437659	0	0	0	0	0	0.062	0.500	0.183	0.583
CDKN2A	H2BC3	9606.ENSP00000418915	9606.ENSP00000482674	0	0	0	0	0.050	0.074	0.500	0.180	0.591
CDKN2A	H2BC11	9606.ENSP00000418915	9606.ENSP00000476136	0	0	0	0	0.048	0.074	0.500	0.187	0.593
CDKN2A	H2BC15	9606.ENSP00000418915	9606.ENSP00000483903	0	0	0	0	0.054	0.074	0.500	0.181	0.593
CDKN2A	H2BC17	9606.ENSP00000418915	9606.ENSP00000477527	0	0	0	0	0.055	0.074	0.500	0.184	0.595
CDKN2A	H2BC9	9606.ENSP00000418915	9606.ENSP00000479169	0	0	0	0	0.061	0.074	0.500	0.181	0.596
CDKN2A	H2BC14	9606.ENSP00000418915	9606.ENSP00000477907	0	0	0	0	0.056	0.074	0.500	0.186	0.596
CDKN2A	UBC	9606.ENSP00000418915	9606.ENSP00000441543	0	0	0	0	0	0.273	0.500	0.198	0.683
CDKN2A	H2AX	9606.ENSP00000418915	9606.ENSP00000434024	0	0	0	0	0.060	0.050	0.500	0.542	0.768
CDKN2A	MYC	9606.ENSP00000418915	9606.ENSP00000478887	0	0	0	0	0.055	0.783	0.900	0.929	0.998
CDKN2B	SIRT1	9606.ENSP00000276925	9606.ENSP00000212015	0	0	0	0	0	0.093	0	0.391	0.424
CDKN2B	MAPK1	9606.ENSP00000276925	9606.ENSP00000215832	0	0	0	0	0.047	0.350	0	0.203	0.464
CDKN2B	TGFB1	9606.ENSP00000276925	9606.ENSP00000221930	0	0	0	0	0	0	0	0.434	0.434
CDKN2B	MDM2	9606.ENSP00000276925	9606.ENSP00000258149	0	0	0	0	0.068	0.314	0	0.597	0.720
CDKN2B	SMAD2	9606.ENSP00000276925	9606.ENSP00000262160	0	0	0	0	0	0.046	0.500	0.450	0.714
CDKN2B	CDKN2C	9606.ENSP00000276925	9606.ENSP00000262662	0	0	0	0.854	0	0.454	0.500	0.164	0.751
CDKN2B	E2F3	9606.ENSP00000276925	9606.ENSP00000262904	0	0	0	0	0	0.041	0	0.534	0.534
CDKN2B	PIK3CA	9606.ENSP00000276925	9606.ENSP00000263967	0	0	0	0	0	0	0	0.507	0.507
CDKN2B	RB1	9606.ENSP00000276925	9606.ENSP00000267163	0	0	0	0	0	0.052	0	0.505	0.510
CDKN2B	TP53	9606.ENSP00000276925	9606.ENSP00000269305	0	0	0	0	0	0.172	0	0.837	0.860
CDKN2B	GADD45A	9606.ENSP00000276925	9606.ENSP00000360025	0	0	0	0	0	0	0	0.405	0.405
CDKN2B	TGFBR1	9606.ENSP00000276925	9606.ENSP00000447297	0	0	0	0	0.042	0.095	0	0.371	0.407
CDKN2B	HIPK4	9606.ENSP00000276925	9606.ENSP00000291823	0	0	0	0	0	0.064	0	0.405	0.419
CDKN2B	TGFBR2	9606.ENSP00000276925	9606.ENSP00000351905	0	0	0	0	0.059	0.095	0	0.417	0.460
CDKN2B	H3-4	9606.ENSP00000276925	9606.ENSP00000355657	0	0	0	0	0	0.078	0	0.449	0.470
CDKN2B	TNRC6A	9606.ENSP00000276925	9606.ENSP00000379144	0	0	0	0	0	0	0.500	0	0.499
CDKN2B	E2F1	9606.ENSP00000276925	9606.ENSP00000345571	0	0	0	0	0	0.041	0	0.507	0.507
CDKN2B	TNRC6B	9606.ENSP00000276925	9606.ENSP00000401946	0	0	0	0	0	0.059	0.500	0	0.509
CDKN2B	MDM4	9606.ENSP00000276925	9606.ENSP00000356150	0	0	0	0	0.068	0.217	0	0.400	0.524
CDKN2B	TNRC6C	9606.ENSP00000276925	9606.ENSP00000336783	0	0	0	0	0	0.089	0.500	0.051	0.529
CDKN2B	MOV10	9606.ENSP00000276925	9606.ENSP00000399797	0	0	0	0	0	0.063	0.500	0.075	0.529
CDKN2B	SUZ12	9606.ENSP00000276925	9606.ENSP00000316578	0	0	0	0	0	0	0	0.552	0.552
CDKN2B	CHEK1	9606.ENSP00000276925	9606.ENSP00000391090	0	0	0	0	0	0.055	0	0.563	0.569
CDKN2B	EZH2	9606.ENSP00000276925	9606.ENSP00000320147	0	0	0	0	0	0.106	0	0.586	0.614
CDKN2B	PTEN	9606.ENSP00000276925	9606.ENSP00000361021	0	0	0	0	0.053	0.068	0	0.610	0.626
CDKN2B	CDKN2D	9606.ENSP00000276925	9606.ENSP00000377224	0	0	0	0.884	0.084	0.329	0.500	0.135	0.698
CDKN2B	SP1	9606.ENSP00000276925	9606.ENSP00000329357	0	0	0	0	0	0.328	0.500	0.253	0.727
CDKN2B	CEBPB	9606.ENSP00000276925	9606.ENSP00000305422	0	0	0	0	0.062	0.062	0.750	0.300	0.825
CDKN2B	MYC	9606.ENSP00000276925	9606.ENSP00000478887	0	0	0	0	0.055	0.166	0.900	0.621	0.966
CDKN2C	MAPK1	9606.ENSP00000262662	9606.ENSP00000215832	0	0	0	0	0.047	0.350	0	0.135	0.418
CDKN2C	MDM2	9606.ENSP00000262662	9606.ENSP00000258149	0	0	0	0	0.058	0.071	0	0.440	0.467
CDKN2C	RB1	9606.ENSP00000262662	9606.ENSP00000267163	0	0	0	0	0	0.052	0	0.396	0.402
CDKN2C	E2F2	9606.ENSP00000262662	9606.ENSP00000355249	0	0	0	0	0.060	0.041	0	0.392	0.404
CDKN2C	PTEN	9606.ENSP00000262662	9606.ENSP00000361021	0	0	0	0	0.053	0.068	0	0.420	0.443
CDKN2C	EZH2	9606.ENSP00000262662	9606.ENSP00000320147	0	0	0	0	0.065	0.229	0	0.324	0.470
CDKN2C	TNRC6A	9606.ENSP00000262662	9606.ENSP00000379144	0	0	0	0	0	0	0.500	0	0.499
CDKN2C	TNRC6B	9606.ENSP00000262662	9606.ENSP00000401946	0	0	0	0	0	0.059	0.500	0	0.509
CDKN2C	MOV10	9606.ENSP00000262662	9606.ENSP00000399797	0	0	0	0	0	0.063	0.500	0.049	0.515
CDKN2C	TNRC6C	9606.ENSP00000262662	9606.ENSP00000336783	0	0	0	0	0	0.089	0.500	0.051	0.529
CDKN2C	MYC	9606.ENSP00000262662	9606.ENSP00000478887	0	0	0	0	0.075	0.185	0	0.446	0.546
CDKN2C	CEBPB	9606.ENSP00000262662	9606.ENSP00000305422	0	0	0	0	0.060	0.062	0.500	0.132	0.566
CDKN2C	E2F1	9606.ENSP00000262662	9606.ENSP00000345571	0	0	0	0	0.099	0.292	0	0.433	0.607
CDKN2C	CDKN2D	9606.ENSP00000262662	9606.ENSP00000377224	0	0	0.090	0.898	0.140	0.329	0	0.451	0.673
CDKN2C	TP53	9606.ENSP00000262662	9606.ENSP00000269305	0	0	0	0	0	0.046	0.900	0.586	0.957
CDKN2D	MAPK1	9606.ENSP00000377224	9606.ENSP00000215832	0	0	0	0	0.079	0.350	0	0.103	0.417
CDKN2D	TP53	9606.ENSP00000377224	9606.ENSP00000269305	0	0	0	0	0	0.045	0	0.482	0.484
CDKN2D	CEBPB	9606.ENSP00000377224	9606.ENSP00000305422	0	0	0	0	0.056	0.062	0.500	0.093	0.545
CDKN2D	TNRC6C	9606.ENSP00000377224	9606.ENSP00000336783	0	0	0	0	0	0.089	0.500	0.051	0.529
CDKN2D	E2F1	9606.ENSP00000377224	9606.ENSP00000345571	0	0	0	0	0.047	0.041	0	0.417	0.421
CDKN2D	E2F2	9606.ENSP00000377224	9606.ENSP00000355249	0	0	0	0	0.109	0.041	0	0.365	0.410
CDKN2D	TNRC6A	9606.ENSP00000377224	9606.ENSP00000379144	0	0	0	0	0	0	0.500	0	0.499
CDKN2D	TNRC6B	9606.ENSP00000377224	9606.ENSP00000401946	0	0	0	0	0	0.059	0.500	0	0.509
CDKN2D	MOV10	9606.ENSP00000377224	9606.ENSP00000399797	0	0	0	0	0	0.063	0.500	0.049	0.515
CEBPB	SIRT1	9606.ENSP00000305422	9606.ENSP00000212015	0	0	0	0	0.076	0.069	0	0.477	0.511
CEBPB	GADD45B	9606.ENSP00000305422	9606.ENSP00000215631	0	0	0	0	0.241	0	0	0.303	0.448
CEBPB	MAPK1	9606.ENSP00000305422	9606.ENSP00000215832	0	0	0	0	0.049	0.320	0.750	0.330	0.877
CEBPB	TGFB1	9606.ENSP00000305422	9606.ENSP00000221930	0	0	0	0	0.103	0.045	0	0.452	0.489
CEBPB	NFKB1	9606.ENSP00000305422	9606.ENSP00000226574	0	0	0	0	0.108	0.307	0.500	0.727	0.904
CEBPB	MAPK14	9606.ENSP00000305422	9606.ENSP00000229795	0	0	0	0	0.060	0.095	0.900	0.600	0.961
CEBPB	SMAD2	9606.ENSP00000305422	9606.ENSP00000262160	0	0	0	0	0	0	0	0.626	0.626
CEBPB	MAPK3	9606.ENSP00000305422	9606.ENSP00000263025	0	0	0	0	0.095	0.080	0.750	0.776	0.947
CEBPB	IL1A	9606.ENSP00000305422	9606.ENSP00000263339	0	0	0	0	0.103	0	0	0.543	0.572
CEBPB	UBE2S	9606.ENSP00000305422	9606.ENSP00000264552	0	0	0	0	0.061	0.073	0.500	0.122	0.567
CEBPB	STAT3	9606.ENSP00000305422	9606.ENSP00000264657	0	0	0	0	0.170	0.300	0.700	0.920	0.984
CEBPB	RB1	9606.ENSP00000305422	9606.ENSP00000267163	0	0	0	0	0	0.630	0	0.241	0.707
CEBPB	TP53	9606.ENSP00000305422	9606.ENSP00000269305	0	0	0	0	0	0.292	0	0.814	0.862
CEBPB	UBE2E1	9606.ENSP00000305422	9606.ENSP00000303709	0	0	0	0	0.058	0.073	0.500	0.057	0.533
CEBPB	PTEN	9606.ENSP00000305422	9606.ENSP00000361021	0	0	0	0	0.089	0	0	0.383	0.414
CEBPB	H2BC12	9606.ENSP00000305422	9606.ENSP00000349430	0	0	0	0	0.059	0	0	0.407	0.418
CEBPB	ETS2	9606.ENSP00000305422	9606.ENSP00000353344	0	0	0	0	0.123	0.046	0	0.370	0.428
CEBPB	MTOR	9606.ENSP00000305422	9606.ENSP00000354558	0	0	0	0	0	0	0	0.439	0.439
CEBPB	HMGA1	9606.ENSP00000305422	9606.ENSP00000399888	0	0	0	0	0	0.292	0	0.272	0.462
CEBPB	H3-4	9606.ENSP00000305422	9606.ENSP00000355657	0	0	0	0	0.059	0	0	0.456	0.466
CEBPB	HIPK2	9606.ENSP00000305422	9606.ENSP00000385571	0	0	0	0	0	0.059	0	0.476	0.485
CEBPB	ETS1	9606.ENSP00000305422	9606.ENSP00000376436	0	0	0	0	0.055	0.046	0	0.476	0.486
CEBPB	VENTX	9606.ENSP00000305422	9606.ENSP00000357556	0	0	0	0	0	0.048	0.500	0.052	0.509
CEBPB	TFDP2	9606.ENSP00000305422	9606.ENSP00000420616	0	0	0	0	0.049	0	0.500	0.053	0.510
CEBPB	FZR1	9606.ENSP00000305422	9606.ENSP00000378529	0	0	0	0	0.080	0	0.500	0	0.520
CEBPB	UBC	9606.ENSP00000305422	9606.ENSP00000441543	0	0	0	0	0.088	0.113	0	0.483	0.545
CEBPB	UBE2D1	9606.ENSP00000305422	9606.ENSP00000363019	0	0	0	0	0.082	0.073	0.500	0.057	0.545
CEBPB	TFDP1	9606.ENSP00000305422	9606.ENSP00000364519	0	0	0	0	0.056	0	0.500	0.119	0.548
CEBPB	MAPK9	9606.ENSP00000305422	9606.ENSP00000394560	0	0	0	0	0.049	0	0	0.552	0.556
CEBPB	EZH2	9606.ENSP00000305422	9606.ENSP00000320147	0	0	0	0	0.054	0.045	0	0.558	0.565
CEBPB	UBE2C	9606.ENSP00000305422	9606.ENSP00000348838	0	0	0	0	0.056	0.073	0.500	0.143	0.575
CEBPB	GATA4	9606.ENSP00000305422	9606.ENSP00000435712	0	0	0	0	0	0.091	0	0.572	0.594
CEBPB	RPS6KA2	9606.ENSP00000305422	9606.ENSP00000422435	0	0	0	0	0.047	0	0.500	0.269	0.621
CEBPB	RPS6KA3	9606.ENSP00000305422	9606.ENSP00000368884	0	0	0	0	0.047	0	0.500	0.271	0.622
CEBPB	EHMT1	9606.ENSP00000305422	9606.ENSP00000417980	0	0	0	0	0.054	0.045	0.500	0.288	0.635
CEBPB	FOXO3	9606.ENSP00000305422	9606.ENSP00000339527	0	0	0	0	0.083	0.047	0	0.671	0.687
CEBPB	EHMT2	9606.ENSP00000305422	9606.ENSP00000379078	0	0	0	0	0.054	0.294	0.500	0.297	0.734
CEBPB	E2F4	9606.ENSP00000305422	9606.ENSP00000368686	0	0	0	0	0.062	0.068	0	0.762	0.773
CEBPB	RPS6KA1	9606.ENSP00000305422	9606.ENSP00000435412	0	0	0	0	0.071	0	0.500	0.562	0.778
CEBPB	SP1	9606.ENSP00000305422	9606.ENSP00000329357	0	0	0	0	0.049	0.644	0	0.450	0.798
CEBPB	FOS	9606.ENSP00000305422	9606.ENSP00000306245	0	0	0	0	0.208	0.102	0	0.766	0.819
CEBPB	E2F1	9606.ENSP00000305422	9606.ENSP00000345571	0	0	0	0	0	0.068	0.500	0.644	0.820
CEBPB	CXCL8	9606.ENSP00000305422	9606.ENSP00000306512	0	0	0	0	0.137	0.292	0.500	0.544	0.842
CEBPB	IL6	9606.ENSP00000305422	9606.ENSP00000385675	0	0	0	0	0.118	0.292	0.500	0.706	0.896
CEBPB	JUN	9606.ENSP00000305422	9606.ENSP00000360266	0	0	0	0	0.153	0.210	0	0.899	0.927
CEBPB	MAPK11	9606.ENSP00000305422	9606.ENSP00000333685	0	0	0	0	0.059	0.091	0.900	0.343	0.936
CEBPB	FOXO1	9606.ENSP00000305422	9606.ENSP00000368880	0	0	0	0	0.055	0.296	0	0.921	0.943
CEBPB	MYC	9606.ENSP00000305422	9606.ENSP00000478887	0	0	0	0	0.140	0.369	0.750	0.732	0.958
CEBPB	RELA	9606.ENSP00000305422	9606.ENSP00000384273	0	0	0	0	0.135	0.785	0.500	0.694	0.967
CHEK1	SIRT1	9606.ENSP00000391090	9606.ENSP00000212015	0	0	0	0	0.049	0.092	0	0.406	0.443
CHEK1	MYBL2	9606.ENSP00000391090	9606.ENSP00000217026	0	0	0	0	0.274	0	0	0.317	0.483
CHEK1	NFKB1	9606.ENSP00000391090	9606.ENSP00000226574	0	0	0	0	0	0.302	0	0.378	0.547
CHEK1	MAPK14	9606.ENSP00000391090	9606.ENSP00000229795	0	0	0	0.593	0.056	0.091	0	0.456	0.492
CHEK1	MDM2	9606.ENSP00000391090	9606.ENSP00000258149	0	0	0	0	0.060	0	0	0.693	0.699
CHEK1	HUS1	9606.ENSP00000391090	9606.ENSP00000258774	0	0	0	0	0.053	0	0.500	0.924	0.960
CHEK1	LMNB1	9606.ENSP00000391090	9606.ENSP00000261366	0	0	0	0	0.272	0	0	0.348	0.505
CHEK1	PIK3CA	9606.ENSP00000391090	9606.ENSP00000263967	0	0	0	0	0	0.162	0	0.621	0.668
CHEK1	STAT3	9606.ENSP00000391090	9606.ENSP00000264657	0	0	0	0	0	0	0	0.434	0.434
CHEK1	NBN	9606.ENSP00000391090	9606.ENSP00000265433	0	0	0	0	0.056	0.225	0.500	0.686	0.869
CHEK1	RB1	9606.ENSP00000391090	9606.ENSP00000267163	0	0	0	0	0.063	0.292	0	0.377	0.550
CHEK1	TP53	9606.ENSP00000391090	9606.ENSP00000269305	0	0	0	0	0.074	0.783	0.900	0.906	0.997
CHEK1	RPS27A	9606.ENSP00000391090	9606.ENSP00000272317	0	0	0	0	0.063	0.200	0.500	0.069	0.604
CHEK1	TERF1	9606.ENSP00000391090	9606.ENSP00000276603	0	0	0	0	0.059	0	0	0.454	0.464
CHEK1	H2BC5	9606.ENSP00000391090	9606.ENSP00000289316	0	0	0	0	0.059	0.210	0	0.327	0.456
CHEK1	MAP2K1	9606.ENSP00000391090	9606.ENSP00000302486	0	0	0	0.575	0.116	0.191	0	0.229	0.400
CHEK1	H2AZ2	9606.ENSP00000391090	9606.ENSP00000308405	0	0	0	0	0.152	0.094	0	0.340	0.449
CHEK1	RAD9A	9606.ENSP00000391090	9606.ENSP00000311360	0	0	0	0	0	0	0.500	0.930	0.963
CHEK1	EZH2	9606.ENSP00000391090	9606.ENSP00000320147	0	0	0	0	0.346	0	0	0.396	0.588
CHEK1	MRE11	9606.ENSP00000391090	9606.ENSP00000325863	0	0	0	0	0.074	0.088	0.500	0.724	0.868
CHEK1	H2AC20	9606.ENSP00000391090	9606.ENSP00000332194	0	0	0	0	0.042	0.092	0	0.486	0.514
CHEK1	KAT5	9606.ENSP00000391090	9606.ENSP00000340330	0	0	0	0	0	0.211	0.500	0.440	0.759
CHEK1	FOXM1	9606.ENSP00000391090	9606.ENSP00000342307	0	0	0	0	0.415	0.045	0	0.479	0.683
CHEK1	H1-0	9606.ENSP00000391090	9606.ENSP00000344504	0	0	0	0	0	0	0	0.523	0.523
CHEK1	E2F1	9606.ENSP00000391090	9606.ENSP00000345571	0	0	0	0	0.139	0	0	0.738	0.764
CHEK1	UBE2C	9606.ENSP00000391090	9606.ENSP00000348838	0	0	0	0	0.349	0.071	0	0.530	0.691
CHEK1	POT1	9606.ENSP00000391090	9606.ENSP00000350249	0	0	0	0	0.067	0.260	0	0.259	0.444
CHEK1	MTOR	9606.ENSP00000391090	9606.ENSP00000354558	0	0	0	0	0.049	0.352	0	0.646	0.763
CHEK1	H3-4	9606.ENSP00000391090	9606.ENSP00000355657	0	0	0	0	0.057	0.071	0	0.659	0.675
CHEK1	MDM4	9606.ENSP00000391090	9606.ENSP00000356150	0	0	0	0	0	0.510	0	0.496	0.742
CHEK1	H2BC21	9606.ENSP00000391090	9606.ENSP00000358151	0	0	0	0	0	0.057	0	0.449	0.458
CHEK1	H2AC18	9606.ENSP00000391090	9606.ENSP00000358155	0	0	0	0	0	0.233	0	0.486	0.589
CHEK1	GADD45A	9606.ENSP00000391090	9606.ENSP00000360025	0	0	0	0	0.055	0	0	0.526	0.532
CHEK1	JUN	9606.ENSP00000391090	9606.ENSP00000360266	0	0	0	0	0	0.131	0	0.444	0.496
CHEK1	PTEN	9606.ENSP00000391090	9606.ENSP00000361021	0	0	0	0	0	0.165	0	0.760	0.791
CHEK1	TFDP1	9606.ENSP00000391090	9606.ENSP00000364519	0	0	0	0	0.084	0	0.400	0.199	0.521
CHEK1	RAD50	9606.ENSP00000391090	9606.ENSP00000368100	0	0	0	0	0.068	0	0.500	0.266	0.628
CHEK1	RAD1	9606.ENSP00000391090	9606.ENSP00000371469	0	0	0	0	0.181	0.130	0.500	0.444	0.775
CHEK1	CHEK2	9606.ENSP00000391090	9606.ENSP00000372023	0	0	0	0.593	0.298	0.922	0	0.526	0.971
CHEK1	RAD9B	9606.ENSP00000391090	9606.ENSP00000376440	0	0	0	0	0	0	0.500	0.435	0.705
CHEK1	FZR1	9606.ENSP00000391090	9606.ENSP00000378529	0	0	0	0	0.096	0.440	0	0.290	0.609
CHEK1	RELA	9606.ENSP00000391090	9606.ENSP00000384273	0	0	0	0	0.042	0.311	0	0.290	0.490
CHEK1	UBA52	9606.ENSP00000391090	9606.ENSP00000388107	0	0	0	0	0	0	0.500	0	0.499
CHEK1	UBB	9606.ENSP00000391090	9606.ENSP00000478771	0	0	0	0	0	0.045	0.500	0.092	0.529
CHEK1	UBC	9606.ENSP00000391090	9606.ENSP00000441543	0	0	0	0	0	0.045	0.500	0.100	0.533
CHEK1	TFDP2	9606.ENSP00000391090	9606.ENSP00000420616	0	0	0	0	0.064	0	0.400	0.453	0.665
CHEK1	MYC	9606.ENSP00000391090	9606.ENSP00000478887	0	0	0	0	0.085	0	0	0.749	0.760
CHEK1	H2AX	9606.ENSP00000391090	9606.ENSP00000434024	0	0	0	0	0.149	0.092	0	0.879	0.898
CHEK2	SIRT1	9606.ENSP00000372023	9606.ENSP00000212015	0	0	0	0	0	0.387	0	0.662	0.784
CHEK2	MAPK1	9606.ENSP00000372023	9606.ENSP00000215832	0	0	0	0.675	0.056	0.612	0	0.154	0.663
CHEK2	TSC2	9606.ENSP00000372023	9606.ENSP00000219476	0	0	0	0	0.049	0	0	0.492	0.496
CHEK2	NFKB1	9606.ENSP00000372023	9606.ENSP00000226574	0	0	0	0	0	0.292	0	0.352	0.521
CHEK2	TERF2	9606.ENSP00000372023	9606.ENSP00000254942	0	0	0	0	0	0	0	0.527	0.527
CHEK2	MDM2	9606.ENSP00000372023	9606.ENSP00000258149	0	0	0	0	0.049	0.625	0.750	0.837	0.983
CHEK2	HUS1	9606.ENSP00000372023	9606.ENSP00000258774	0	0	0	0	0.049	0.091	0	0.742	0.758
CHEK2	LMNB1	9606.ENSP00000372023	9606.ENSP00000261366	0	0	0	0	0.065	0.316	0	0.292	0.508
CHEK2	MAPK3	9606.ENSP00000372023	9606.ENSP00000263025	0	0	0	0.681	0.056	0.620	0	0.183	0.682
CHEK2	PIK3CA	9606.ENSP00000372023	9606.ENSP00000263967	0	0	0	0	0.059	0	0	0.507	0.516
CHEK2	STAT3	9606.ENSP00000372023	9606.ENSP00000264657	0	0	0	0	0	0	0	0.642	0.642
CHEK2	NBN	9606.ENSP00000372023	9606.ENSP00000265433	0	0	0	0	0	0.336	0.500	0.822	0.935
CHEK2	RB1	9606.ENSP00000372023	9606.ENSP00000267163	0	0	0	0	0.240	0.292	0	0.370	0.631
CHEK2	TINF2	9606.ENSP00000372023	9606.ENSP00000267415	0	0	0	0	0	0.071	0	0.403	0.422
CHEK2	TP53	9606.ENSP00000372023	9606.ENSP00000269305	0	0	0	0	0.072	0.833	0.750	0.992	0.999
CHEK2	RPS27A	9606.ENSP00000372023	9606.ENSP00000272317	0	0	0	0	0.060	0.295	0.500	0.078	0.654
CHEK2	H2BC1	9606.ENSP00000372023	9606.ENSP00000274764	0	0	0	0	0.060	0.094	0.500	0.261	0.643
CHEK2	TERF1	9606.ENSP00000372023	9606.ENSP00000276603	0	0	0	0	0.049	0	0	0.474	0.478
CHEK2	H2BC5	9606.ENSP00000372023	9606.ENSP00000289316	0	0	0	0	0.060	0.094	0.500	0.248	0.636
CHEK2	H2AZ2	9606.ENSP00000372023	9606.ENSP00000308405	0	0	0	0	0.061	0	0	0.409	0.421
CHEK2	RAD9A	9606.ENSP00000372023	9606.ENSP00000311360	0	0	0	0	0.049	0.306	0	0.974	0.981
CHEK2	EZH2	9606.ENSP00000372023	9606.ENSP00000320147	0	0	0	0	0.111	0.093	0	0.372	0.450
CHEK2	H2BC4	9606.ENSP00000372023	9606.ENSP00000321744	0	0	0	0	0.060	0.094	0.500	0.248	0.637
CHEK2	MRE11	9606.ENSP00000372023	9606.ENSP00000325863	0	0	0	0	0.085	0.088	0.500	0.789	0.900
CHEK2	H2AC20	9606.ENSP00000372023	9606.ENSP00000332194	0	0	0	0	0.047	0.095	0	0.577	0.603
CHEK2	FOXO3	9606.ENSP00000372023	9606.ENSP00000339527	0	0	0	0	0	0.052	0	0.620	0.625
CHEK2	KAT5	9606.ENSP00000372023	9606.ENSP00000340330	0	0	0	0	0	0	0.500	0.521	0.750
CHEK2	FOXM1	9606.ENSP00000372023	9606.ENSP00000342307	0	0	0	0	0.144	0.300	0	0.443	0.637
CHEK2	H1-0	9606.ENSP00000372023	9606.ENSP00000344504	0	0	0	0	0	0.108	0	0.407	0.448
CHEK2	E2F1	9606.ENSP00000372023	9606.ENSP00000345571	0	0	0	0	0.062	0	0	0.585	0.594
CHEK2	H2BC12	9606.ENSP00000372023	9606.ENSP00000349430	0	0	0	0	0.060	0.094	0.500	0.259	0.642
CHEK2	MTOR	9606.ENSP00000372023	9606.ENSP00000354558	0	0	0	0	0.049	0.127	0	0.406	0.464
CHEK2	H3-4	9606.ENSP00000372023	9606.ENSP00000355657	0	0	0	0	0.053	0.159	0.500	0.606	0.822
CHEK2	MDM4	9606.ENSP00000372023	9606.ENSP00000356150	0	0	0	0	0.042	0.292	0.750	0.583	0.920
CHEK2	H2BC21	9606.ENSP00000372023	9606.ENSP00000358151	0	0	0	0	0.060	0.094	0.500	0.415	0.717
CHEK2	H2AC18	9606.ENSP00000372023	9606.ENSP00000358155	0	0	0	0	0.047	0.095	0	0.577	0.603
CHEK2	GADD45A	9606.ENSP00000372023	9606.ENSP00000360025	0	0	0	0	0	0	0	0.507	0.507
CHEK2	JUN	9606.ENSP00000372023	9606.ENSP00000360266	0	0	0	0	0	0	0	0.417	0.416
CHEK2	PTEN	9606.ENSP00000372023	9606.ENSP00000361021	0	0.008	0	0	0	0.082	0	0.802	0.810
CHEK2	H2BC13	9606.ENSP00000372023	9606.ENSP00000366618	0	0	0	0	0.063	0.094	0.500	0.262	0.645
CHEK2	RAD50	9606.ENSP00000372023	9606.ENSP00000368100	0	0	0	0	0.050	0.292	0.500	0.437	0.785
CHEK2	RAD1	9606.ENSP00000372023	9606.ENSP00000371469	0	0	0	0	0.179	0.496	0	0.422	0.740
CHEK2	H3C1	9606.ENSP00000372023	9606.ENSP00000480826	0	0	0	0	0.053	0.159	0	0.352	0.438
CHEK2	EP400	9606.ENSP00000372023	9606.ENSP00000374212	0	0	0	0	0.050	0.106	0	0.430	0.473
CHEK2	UBA52	9606.ENSP00000372023	9606.ENSP00000388107	0	0	0	0	0	0	0.500	0	0.499
CHEK2	RAD9B	9606.ENSP00000372023	9606.ENSP00000376440	0	0	0	0	0	0.306	0	0.323	0.510
CHEK2	UBB	9606.ENSP00000372023	9606.ENSP00000478771	0	0	0	0	0	0.046	0.500	0.070	0.518
CHEK2	UBC	9606.ENSP00000372023	9606.ENSP00000441543	0	0	0	0	0	0.046	0.500	0.108	0.537
CHEK2	MYC	9606.ENSP00000372023	9606.ENSP00000478887	0	0	0	0	0.061	0	0	0.608	0.616
CHEK2	H2BC3	9606.ENSP00000372023	9606.ENSP00000482674	0	0	0	0	0.060	0.094	0.500	0.261	0.643
CHEK2	H2BC17	9606.ENSP00000372023	9606.ENSP00000477527	0	0	0	0	0.060	0.094	0.500	0.263	0.644
CHEK2	H2BC11	9606.ENSP00000372023	9606.ENSP00000476136	0	0	0	0	0.060	0.094	0.500	0.262	0.644
CHEK2	H2BC9	9606.ENSP00000372023	9606.ENSP00000479169	0	0	0	0	0.060	0.094	0.500	0.263	0.644
CHEK2	H2BC14	9606.ENSP00000372023	9606.ENSP00000477907	0	0	0	0	0.068	0.094	0.500	0.261	0.646
CHEK2	H2BC15	9606.ENSP00000372023	9606.ENSP00000483903	0	0	0	0	0.080	0.094	0.500	0.259	0.650
CHEK2	H2AX	9606.ENSP00000372023	9606.ENSP00000434024	0	0	0	0	0.070	0.095	0.500	0.911	0.957
CXCL8	SIRT1	9606.ENSP00000306512	9606.ENSP00000212015	0	0	0	0	0.047	0	0	0.479	0.482
CXCL8	GADD45B	9606.ENSP00000306512	9606.ENSP00000215631	0	0	0	0	0.135	0	0	0.477	0.528
CXCL8	MAPK1	9606.ENSP00000306512	9606.ENSP00000215832	0	0	0	0	0.044	0	0	0.735	0.735
CXCL8	TGFB1	9606.ENSP00000306512	9606.ENSP00000221930	0	0	0	0	0.085	0	0	0.765	0.775
CXCL8	SERPINE1	9606.ENSP00000306512	9606.ENSP00000223095	0	0	0	0	0.182	0	0	0.691	0.736
CXCL8	NFKB1	9606.ENSP00000306512	9606.ENSP00000226574	0	0	0	0	0.143	0	0.900	0.881	0.988
CXCL8	MAPK14	9606.ENSP00000306512	9606.ENSP00000229795	0	0	0	0	0	0	0	0.645	0.645
CXCL8	TGFB3	9606.ENSP00000306512	9606.ENSP00000238682	0	0	0	0	0	0	0	0.444	0.444
CXCL8	SMAD2	9606.ENSP00000306512	9606.ENSP00000262160	0	0	0	0	0	0	0	0.419	0.418
CXCL8	MAPK3	9606.ENSP00000306512	9606.ENSP00000263025	0	0	0	0	0	0	0	0.661	0.661
CXCL8	IL1A	9606.ENSP00000306512	9606.ENSP00000263339	0	0	0	0	0.451	0	0.400	0.928	0.974
CXCL8	UBE2S	9606.ENSP00000306512	9606.ENSP00000264552	0	0	0	0	0.056	0	0.400	0.112	0.453
CXCL8	STAT3	9606.ENSP00000306512	9606.ENSP00000264657	0	0	0	0	0.066	0	0.500	0.720	0.857
CXCL8	TP53	9606.ENSP00000306512	9606.ENSP00000269305	0	0	0	0	0	0.161	0	0.777	0.804
CXCL8	MAP2K1	9606.ENSP00000306512	9606.ENSP00000302486	0	0	0	0	0.057	0	0	0.419	0.429
CXCL8	UBE2E1	9606.ENSP00000306512	9606.ENSP00000303709	0	0	0	0	0.047	0	0.400	0	0.403
CXCL8	FOS	9606.ENSP00000306512	9606.ENSP00000306245	0	0	0	0	0.179	0	0	0.726	0.765
CXCL8	FZR1	9606.ENSP00000306512	9606.ENSP00000378529	0	0	0	0	0	0	0.400	0	0.400
CXCL8	FOXO1	9606.ENSP00000306512	9606.ENSP00000368880	0	0	0	0	0.067	0	0	0.388	0.405
CXCL8	FOXO3	9606.ENSP00000306512	9606.ENSP00000339527	0	0	0	0	0.067	0	0	0.389	0.406
CXCL8	TXN	9606.ENSP00000306512	9606.ENSP00000363641	0	0	0	0	0.072	0	0	0.398	0.417
CXCL8	MAPK11	9606.ENSP00000306512	9606.ENSP00000333685	0	0	0	0	0	0	0	0.430	0.430
CXCL8	IGFBP3	9606.ENSP00000306512	9606.ENSP00000370473	0	0	0	0	0.060	0	0	0.419	0.430
CXCL8	HLA-G	9606.ENSP00000306512	9606.ENSP00000366024	0	0	0	0	0.065	0	0	0.418	0.433
CXCL8	H3-4	9606.ENSP00000306512	9606.ENSP00000355657	0	0	0	0	0.057	0	0	0.435	0.445
CXCL8	HMGA2	9606.ENSP00000306512	9606.ENSP00000437621	0	0	0	0	0.062	0	0	0.437	0.449
CXCL8	UBE2C	9606.ENSP00000306512	9606.ENSP00000348838	0	0	0	0	0.042	0	0.400	0.126	0.453
CXCL8	MTOR	9606.ENSP00000306512	9606.ENSP00000354558	0	0	0	0	0	0	0	0.507	0.507
CXCL8	PTEN	9606.ENSP00000306512	9606.ENSP00000361021	0	0	0	0	0	0	0	0.518	0.518
CXCL8	TGFB2	9606.ENSP00000306512	9606.ENSP00000355896	0	0	0	0	0.064	0	0	0.574	0.584
CXCL8	MYC	9606.ENSP00000306512	9606.ENSP00000478887	0	0	0	0	0.135	0	0	0.574	0.615
CXCL8	UBE2D1	9606.ENSP00000306512	9606.ENSP00000363019	0	0	0	0	0.049	0	0.400	0.397	0.625
CXCL8	MAPK8	9606.ENSP00000306512	9606.ENSP00000378974	0	0	0	0	0	0	0	0.669	0.669
CXCL8	IFNB1	9606.ENSP00000306512	9606.ENSP00000369581	0	0	0	0	0.080	0	0	0.720	0.731
CXCL8	EHMT1	9606.ENSP00000306512	9606.ENSP00000417980	0	0	0	0	0.055	0	0.750	0	0.753
CXCL8	EHMT2	9606.ENSP00000306512	9606.ENSP00000379078	0	0	0	0	0.055	0	0.750	0.183	0.790
CXCL8	JUN	9606.ENSP00000306512	9606.ENSP00000360266	0	0	0	0	0.203	0.292	0.900	0.802	0.987
CXCL8	IL6	9606.ENSP00000306512	9606.ENSP00000385675	0	0	0	0	0.445	0	0.400	0.976	0.991
CXCL8	RELA	9606.ENSP00000306512	9606.ENSP00000384273	0	0	0	0	0.062	0.785	0.900	0.820	0.995
DNAJC7	TTC1	9606.ENSP00000406463	9606.ENSP00000231238	0	0	0	0.625	0.063	0.171	0	0.683	0.732
DNAJC7	HUS1	9606.ENSP00000406463	9606.ENSP00000258774	0	0	0	0	0.140	0.292	0	0.151	0.438
DNAJC7	TP53	9606.ENSP00000406463	9606.ENSP00000269305	0	0	0	0	0.083	0.422	0	0.128	0.497
DNAJC7	TSC1	9606.ENSP00000406463	9606.ENSP00000298552	0.042	0	0	0	0.330	0.133	0	0.093	0.428
DNAJC7	PPID	9606.ENSP00000406463	9606.ENSP00000303754	0	0	0	0	0.094	0.140	0	0.420	0.509
DNAJC7	H3-4	9606.ENSP00000406463	9606.ENSP00000355657	0	0	0	0	0	0.069	0	0.398	0.416
DUSP16	MAPK1	9606.ENSP00000298573	9606.ENSP00000215832	0	0	0	0	0.060	0.441	0.650	0.326	0.859
DUSP16	MAPK14	9606.ENSP00000298573	9606.ENSP00000229795	0	0	0	0	0.060	0.798	0.650	0.338	0.950
DUSP16	MAPK3	9606.ENSP00000298573	9606.ENSP00000263025	0	0	0	0	0.060	0.243	0.650	0.254	0.789
DUSP16	FOS	9606.ENSP00000298573	9606.ENSP00000306245	0	0	0	0	0.074	0.140	0	0.313	0.405
DUSP16	MAP3K5	9606.ENSP00000298573	9606.ENSP00000351908	0	0	0	0	0	0	0	0.426	0.426
DUSP16	JUN	9606.ENSP00000298573	9606.ENSP00000360266	0	0	0	0	0.087	0.111	0	0.477	0.539
DUSP16	MAP2K7	9606.ENSP00000298573	9606.ENSP00000381070	0	0	0	0	0	0.355	0	0.373	0.578
DUSP16	MAPK11	9606.ENSP00000298573	9606.ENSP00000333685	0	0	0	0	0.060	0.300	0.650	0.548	0.882
DUSP16	MAPK9	9606.ENSP00000298573	9606.ENSP00000394560	0	0	0	0	0.075	0.682	0.900	0.552	0.985
DUSP16	MAPK8	9606.ENSP00000298573	9606.ENSP00000378974	0	0	0	0	0.086	0.966	0.900	0.638	0.998
E2F1	SIRT1	9606.ENSP00000345571	9606.ENSP00000212015	0	0	0	0	0	0.625	0	0.806	0.924
E2F1	MYBL2	9606.ENSP00000345571	9606.ENSP00000217026	0	0	0	0	0.768	0.299	0	0.644	0.937
E2F1	TGFB1	9606.ENSP00000345571	9606.ENSP00000221930	0	0	0	0	0.044	0	0	0.418	0.419
E2F1	NFKB1	9606.ENSP00000345571	9606.ENSP00000226574	0	0	0	0	0	0.422	0	0.888	0.932
E2F1	MDM2	9606.ENSP00000345571	9606.ENSP00000258149	0	0	0	0	0	0.625	0	0.980	0.992
E2F1	LMNB1	9606.ENSP00000345571	9606.ENSP00000261366	0	0	0	0	0.170	0	0	0.325	0.416
E2F1	RBL2	9606.ENSP00000345571	9606.ENSP00000262133	0	0	0	0	0.067	0.700	0.900	0.732	0.991
E2F1	E2F3	9606.ENSP00000345571	9606.ENSP00000262904	0	0	0.066	0.860	0.078	0.599	0.900	0.499	0.979
E2F1	MAPK3	9606.ENSP00000345571	9606.ENSP00000263025	0	0	0	0	0.044	0	0	0.450	0.452
E2F1	PIK3CA	9606.ENSP00000345571	9606.ENSP00000263967	0	0	0	0	0	0	0	0.400	0.400
E2F1	STAT3	9606.ENSP00000345571	9606.ENSP00000264657	0	0	0	0	0	0	0.500	0.611	0.797
E2F1	NBN	9606.ENSP00000345571	9606.ENSP00000265433	0	0	0	0	0	0.510	0	0.193	0.587
E2F1	RB1	9606.ENSP00000345571	9606.ENSP00000267163	0	0	0	0	0.067	0.999	0.900	0.995	0.999
E2F1	TP53	9606.ENSP00000345571	9606.ENSP00000269305	0	0	0	0	0	0.510	0	0.974	0.986
E2F1	LIN37	9606.ENSP00000345571	9606.ENSP00000301159	0	0	0	0	0	0.050	0.500	0.307	0.642
E2F1	FOS	9606.ENSP00000345571	9606.ENSP00000306245	0	0	0	0	0	0	0	0.699	0.699
E2F1	SUZ12	9606.ENSP00000345571	9606.ENSP00000316578	0	0	0	0	0	0.071	0.500	0.475	0.735
E2F1	EZH2	9606.ENSP00000345571	9606.ENSP00000320147	0	0	0	0	0.169	0.304	0.500	0.744	0.916
E2F1	LIN9	9606.ENSP00000345571	9606.ENSP00000329102	0	0	0	0	0.086	0.125	0.500	0.608	0.822
E2F1	SP1	9606.ENSP00000345571	9606.ENSP00000329357	0	0	0	0	0	0.745	0.500	0.883	0.983
E2F1	TNRC6C	9606.ENSP00000345571	9606.ENSP00000336783	0	0	0	0	0	0	0.500	0.084	0.522
E2F1	EED	9606.ENSP00000345571	9606.ENSP00000338186	0	0	0	0	0.047	0.068	0.500	0.275	0.635
E2F1	FOXO3	9606.ENSP00000345571	9606.ENSP00000339527	0	0	0	0	0	0.045	0	0.994	0.994
E2F1	KAT5	9606.ENSP00000345571	9606.ENSP00000340330	0	0	0	0	0.042	0.295	0	0.705	0.783
E2F1	EIF4EBP1	9606.ENSP00000345571	9606.ENSP00000340691	0	0	0	0	0.086	0	0	0.579	0.598
E2F1	LIN54	9606.ENSP00000345571	9606.ENSP00000341947	0	0	0	0	0.078	0.099	0.500	0.407	0.721
E2F1	FOXM1	9606.ENSP00000345571	9606.ENSP00000342307	0	0	0	0	0.337	0.045	0	0.742	0.822
E2F1	UBC	9606.ENSP00000345571	9606.ENSP00000441543	0	0	0	0	0	0.292	0	0.190	0.402
E2F1	IL6	9606.ENSP00000345571	9606.ENSP00000385675	0	0	0	0	0	0	0	0.418	0.418
E2F1	GADD45A	9606.ENSP00000345571	9606.ENSP00000360025	0	0	0	0	0	0	0	0.447	0.447
E2F1	MTOR	9606.ENSP00000345571	9606.ENSP00000354558	0	0	0	0	0.071	0.071	0	0.448	0.483
E2F1	HMGA2	9606.ENSP00000345571	9606.ENSP00000437621	0	0	0	0	0.067	0	0	0.472	0.486
E2F1	TNRC6B	9606.ENSP00000345571	9606.ENSP00000401946	0	0	0	0	0	0.045	0.500	0.095	0.530
E2F1	UBE2C	9606.ENSP00000345571	9606.ENSP00000348838	0	0	0	0	0.333	0.060	0	0.316	0.534
E2F1	MOV10	9606.ENSP00000345571	9606.ENSP00000399797	0	0	0	0	0.042	0.075	0.500	0.095	0.545
E2F1	H2AX	9606.ENSP00000345571	9606.ENSP00000434024	0	0	0	0	0.219	0	0	0.441	0.545
E2F1	EHMT1	9606.ENSP00000345571	9606.ENSP00000417980	0	0	0	0	0	0.045	0.500	0.123	0.545
E2F1	TNRC6A	9606.ENSP00000345571	9606.ENSP00000379144	0	0	0	0	0	0	0.500	0.156	0.560
E2F1	ID1	9606.ENSP00000345571	9606.ENSP00000365280	0	0	0	0	0.066	0	0	0.574	0.585
E2F1	RNF2	9606.ENSP00000345571	9606.ENSP00000356480	0	0	0	0	0	0.045	0.500	0.254	0.612
E2F1	RBBP7	9606.ENSP00000345571	9606.ENSP00000369424	0	0	0	0	0.085	0.072	0.500	0.245	0.637
E2F1	ETS1	9606.ENSP00000345571	9606.ENSP00000376436	0	0	0	0	0	0	0	0.643	0.643
E2F1	EHMT2	9606.ENSP00000345571	9606.ENSP00000379078	0	0	0	0	0.061	0.045	0.500	0.307	0.648
E2F1	FZR1	9606.ENSP00000345571	9606.ENSP00000378529	0	0	0	0	0.148	0.510	0	0.309	0.686
E2F1	H3-4	9606.ENSP00000345571	9606.ENSP00000355657	0	0	0	0	0.055	0	0	0.702	0.707
E2F1	FOXO1	9606.ENSP00000345571	9606.ENSP00000368880	0	0	0	0	0	0.045	0	0.708	0.709
E2F1	RING1	9606.ENSP00000345571	9606.ENSP00000363787	0	0	0	0	0.062	0.357	0.500	0.183	0.721
E2F1	LIN52	9606.ENSP00000345571	9606.ENSP00000451812	0	0	0	0	0	0.089	0.500	0.445	0.725
E2F1	JUN	9606.ENSP00000345571	9606.ENSP00000360266	0	0	0	0	0	0	0	0.743	0.743
E2F1	RELA	9606.ENSP00000345571	9606.ENSP00000384273	0	0	0	0	0	0.045	0	0.745	0.746
E2F1	MDM4	9606.ENSP00000345571	9606.ENSP00000356150	0	0	0	0	0	0.292	0	0.662	0.750
E2F1	PTEN	9606.ENSP00000345571	9606.ENSP00000361021	0	0	0	0	0.055	0.292	0	0.779	0.839
E2F1	E2F5	9606.ENSP00000345571	9606.ENSP00000398124	0	0	0.126	0.730	0.049	0.329	0.500	0.542	0.849
E2F1	RBBP4	9606.ENSP00000345571	9606.ENSP00000362592	0	0	0	0	0.067	0.314	0.500	0.644	0.871
E2F1	E2F4	9606.ENSP00000345571	9606.ENSP00000368686	0	0	0.116	0.689	0.074	0.552	0.500	0.828	0.962
E2F1	E2F2	9606.ENSP00000345571	9606.ENSP00000355249	0	0	0.089	0.850	0.137	0.609	0.900	0.810	0.993
E2F1	RBL1	9606.ENSP00000345571	9606.ENSP00000362768	0	0	0	0	0.131	0.922	0.900	0.342	0.994
E2F1	MYC	9606.ENSP00000345571	9606.ENSP00000478887	0	0	0	0	0.084	0.166	0.500	0.990	0.995
E2F1	TFDP2	9606.ENSP00000345571	9606.ENSP00000420616	0	0	0	0	0.072	0.893	0.800	0.900	0.997
E2F1	TFDP1	9606.ENSP00000345571	9606.ENSP00000364519	0	0	0	0	0.113	0.994	0.800	0.993	0.999
E2F2	SIRT1	9606.ENSP00000355249	9606.ENSP00000212015	0	0	0	0	0	0	0	0.507	0.507
E2F2	MYBL2	9606.ENSP00000355249	9606.ENSP00000217026	0	0	0	0	0.121	0.127	0	0.538	0.615
E2F2	RBL2	9606.ENSP00000355249	9606.ENSP00000262133	0	0	0	0	0.067	0.493	0.900	0.766	0.987
E2F2	E2F3	9606.ENSP00000355249	9606.ENSP00000262904	0	0	0.079	0.891	0.049	0.329	0.900	0.460	0.962
E2F2	RB1	9606.ENSP00000355249	9606.ENSP00000267163	0	0	0	0	0.086	0.990	0.900	0.756	0.999
E2F2	TP53	9606.ENSP00000355249	9606.ENSP00000269305	0	0	0	0	0.067	0	0	0.786	0.791
E2F2	LIN37	9606.ENSP00000355249	9606.ENSP00000301159	0	0	0	0	0	0.050	0	0.447	0.452
E2F2	FOS	9606.ENSP00000355249	9606.ENSP00000306245	0	0	0	0	0	0	0	0.462	0.462
E2F2	SUZ12	9606.ENSP00000355249	9606.ENSP00000316578	0	0	0	0	0.056	0.088	0.500	0.237	0.627
E2F2	EZH2	9606.ENSP00000355249	9606.ENSP00000320147	0	0	0	0	0.086	0.045	0.500	0.431	0.718
E2F2	LIN9	9606.ENSP00000355249	9606.ENSP00000329102	0	0	0	0	0.065	0.125	0	0.519	0.572
E2F2	SP1	9606.ENSP00000355249	9606.ENSP00000329357	0	0	0	0	0.062	0.053	0.500	0.209	0.601
E2F2	TNRC6C	9606.ENSP00000355249	9606.ENSP00000336783	0	0	0	0	0	0	0.500	0.057	0.508
E2F2	EED	9606.ENSP00000355249	9606.ENSP00000338186	0	0	0	0	0	0.073	0.500	0.135	0.564
E2F2	FOXO3	9606.ENSP00000355249	9606.ENSP00000339527	0	0	0	0	0.063	0.045	0	0.578	0.589
E2F2	LIN54	9606.ENSP00000355249	9606.ENSP00000341947	0	0	0	0	0.080	0.099	0	0.517	0.565
E2F2	FOXM1	9606.ENSP00000355249	9606.ENSP00000342307	0	0	0	0	0.127	0.045	0	0.493	0.540
E2F2	ETS1	9606.ENSP00000355249	9606.ENSP00000376436	0	0	0	0	0.042	0	0	0.400	0.400
E2F2	PTEN	9606.ENSP00000355249	9606.ENSP00000361021	0	0	0	0	0.055	0	0	0.447	0.456
E2F2	TNRC6B	9606.ENSP00000355249	9606.ENSP00000401946	0	0	0	0	0	0.045	0.500	0.056	0.509
E2F2	MOV10	9606.ENSP00000355249	9606.ENSP00000399797	0	0	0	0	0	0.075	0.500	0	0.517
E2F2	TNRC6A	9606.ENSP00000355249	9606.ENSP00000379144	0	0	0	0	0	0	0.500	0.091	0.526
E2F2	RBBP7	9606.ENSP00000355249	9606.ENSP00000369424	0	0	0	0	0.060	0.091	0.500	0.133	0.580
E2F2	LIN52	9606.ENSP00000355249	9606.ENSP00000451812	0	0	0	0	0	0.089	0	0.731	0.744
E2F2	E2F5	9606.ENSP00000355249	9606.ENSP00000398124	0	0	0.109	0.768	0	0.457	0	0.613	0.797
E2F2	RBBP4	9606.ENSP00000355249	9606.ENSP00000362592	0	0	0	0	0.080	0.091	0.500	0.587	0.804
E2F2	MYC	9606.ENSP00000355249	9606.ENSP00000478887	0	0	0	0	0	0	0	0.814	0.814
E2F2	E2F4	9606.ENSP00000355249	9606.ENSP00000368686	0	0	0.110	0.738	0.083	0.457	0	0.633	0.816
E2F2	TFDP2	9606.ENSP00000355249	9606.ENSP00000420616	0	0	0	0	0.100	0.835	0.800	0.477	0.982
E2F2	RBL1	9606.ENSP00000355249	9606.ENSP00000362768	0	0	0	0	0.099	0.740	0.900	0.389	0.983
E2F2	TFDP1	9606.ENSP00000355249	9606.ENSP00000364519	0	0	0	0	0.267	0.879	0.800	0.492	0.989
E2F3	SIRT1	9606.ENSP00000262904	9606.ENSP00000212015	0	0	0	0	0.082	0	0	0.656	0.671
E2F3	MYBL2	9606.ENSP00000262904	9606.ENSP00000217026	0	0	0	0	0.086	0.521	0	0.406	0.717
E2F3	NFKB1	9606.ENSP00000262904	9606.ENSP00000226574	0	0	0	0	0.043	0.041	0	0.455	0.456
E2F3	MDM2	9606.ENSP00000262904	9606.ENSP00000258149	0	0	0	0	0.042	0	0	0.594	0.594
E2F3	RBL2	9606.ENSP00000262904	9606.ENSP00000262133	0	0	0	0	0.067	0.493	0.900	0.706	0.984
E2F3	H2AX	9606.ENSP00000262904	9606.ENSP00000434024	0	0	0	0	0.080	0	0	0.380	0.405
E2F3	MAP4K4	9606.ENSP00000262904	9606.ENSP00000343658	0	0	0	0	0.057	0	0	0.396	0.406
E2F3	JUN	9606.ENSP00000262904	9606.ENSP00000360266	0	0	0	0	0	0	0	0.417	0.417
E2F3	FZR1	9606.ENSP00000262904	9606.ENSP00000378529	0	0	0	0	0.043	0.292	0	0.212	0.419
E2F3	ETS1	9606.ENSP00000262904	9606.ENSP00000376436	0	0	0	0	0.047	0	0	0.426	0.430
E2F3	FOXM1	9606.ENSP00000262904	9606.ENSP00000342307	0	0	0	0	0.066	0.045	0	0.417	0.435
E2F3	LIN52	9606.ENSP00000262904	9606.ENSP00000451812	0	0	0	0	0	0.089	0	0.429	0.457
E2F3	LIN9	9606.ENSP00000262904	9606.ENSP00000329102	0	0	0	0	0.067	0.125	0	0.391	0.459
E2F3	MOV10	9606.ENSP00000262904	9606.ENSP00000399797	0	0	0	0	0	0	0.500	0	0.499
E2F3	TNRC6C	9606.ENSP00000262904	9606.ENSP00000336783	0	0	0	0	0	0	0.500	0.057	0.508
E2F3	TNRC6B	9606.ENSP00000262904	9606.ENSP00000401946	0	0	0	0	0.042	0.045	0.500	0.069	0.517
E2F3	TNRC6A	9606.ENSP00000262904	9606.ENSP00000379144	0	0	0	0	0	0	0.500	0.126	0.544
E2F3	PTEN	9606.ENSP00000262904	9606.ENSP00000361021	0	0	0	0	0.075	0	0	0.543	0.559
E2F3	RBBP7	9606.ENSP00000262904	9606.ENSP00000369424	0	0	0	0	0.065	0.091	0.500	0.116	0.574
E2F3	EED	9606.ENSP00000262904	9606.ENSP00000338186	0	0	0	0	0.064	0.073	0.500	0.165	0.589
E2F3	SUZ12	9606.ENSP00000262904	9606.ENSP00000316578	0	0	0	0	0.082	0.088	0.500	0.223	0.631
E2F3	RBBP4	9606.ENSP00000262904	9606.ENSP00000362592	0	0	0	0	0.063	0.091	0.500	0.252	0.639
E2F3	SP1	9606.ENSP00000262904	9606.ENSP00000329357	0	0	0	0	0.142	0.082	0.500	0.211	0.648
E2F3	E2F4	9606.ENSP00000262904	9606.ENSP00000368686	0	0	0.087	0.723	0.062	0.457	0	0.438	0.704
E2F3	TP53	9606.ENSP00000262904	9606.ENSP00000269305	0	0	0	0	0	0	0	0.707	0.707
E2F3	EZH2	9606.ENSP00000262904	9606.ENSP00000320147	0	0	0	0	0.082	0.045	0.500	0.462	0.732
E2F3	MYC	9606.ENSP00000262904	9606.ENSP00000478887	0	0	0	0	0.074	0.128	0	0.720	0.754
E2F3	E2F5	9606.ENSP00000262904	9606.ENSP00000398124	0	0	0.099	0.748	0.049	0.457	0	0.552	0.763
E2F3	TFDP2	9606.ENSP00000262904	9606.ENSP00000420616	0	0	0	0	0.072	0.687	0.800	0.640	0.976
E2F3	RBL1	9606.ENSP00000262904	9606.ENSP00000362768	0	0	0	0	0.085	0.801	0.900	0.312	0.985
E2F3	TFDP1	9606.ENSP00000262904	9606.ENSP00000364519	0	0	0	0	0.106	0.843	0.800	0.885	0.996
E2F3	RB1	9606.ENSP00000262904	9606.ENSP00000267163	0	0	0	0	0.104	0.900	0.900	0.897	0.998
E2F4	SIRT1	9606.ENSP00000368686	9606.ENSP00000212015	0	0	0	0	0.049	0	0	0.462	0.467
E2F4	MYBL2	9606.ENSP00000368686	9606.ENSP00000217026	0	0	0	0	0.074	0.381	0.500	0.840	0.948
E2F4	NFKB1	9606.ENSP00000368686	9606.ENSP00000226574	0	0	0	0	0.055	0.041	0	0.528	0.535
E2F4	RBL2	9606.ENSP00000368686	9606.ENSP00000262133	0	0	0	0	0.097	0.939	0.900	0.996	0.999
E2F4	SMAD2	9606.ENSP00000368686	9606.ENSP00000262160	0	0	0	0	0	0	0.900	0.782	0.977
E2F4	RB1	9606.ENSP00000368686	9606.ENSP00000267163	0	0	0	0	0.067	0.921	0.900	0.883	0.999
E2F4	TP53	9606.ENSP00000368686	9606.ENSP00000269305	0	0	0	0	0.054	0.211	0.500	0.699	0.872
E2F4	LIN37	9606.ENSP00000368686	9606.ENSP00000301159	0	0	0	0	0.049	0.790	0.500	0.898	0.988
E2F4	FOS	9606.ENSP00000368686	9606.ENSP00000306245	0	0	0	0	0	0	0	0.616	0.616
E2F4	LIN9	9606.ENSP00000368686	9606.ENSP00000329102	0	0	0	0	0	0.832	0.500	0.939	0.994
E2F4	LIN54	9606.ENSP00000368686	9606.ENSP00000341947	0	0	0	0	0.084	0.547	0.500	0.943	0.986
E2F4	FOXM1	9606.ENSP00000368686	9606.ENSP00000342307	0	0	0	0	0.056	0.045	0	0.756	0.761
E2F4	JUN	9606.ENSP00000368686	9606.ENSP00000360266	0	0	0	0	0	0	0	0.619	0.619
E2F4	RBBP4	9606.ENSP00000368686	9606.ENSP00000362592	0	0	0	0	0.107	0.206	0.500	0.852	0.940
E2F4	RBL1	9606.ENSP00000368686	9606.ENSP00000362768	0	0	0	0	0.097	0.941	0.900	0.674	0.998
E2F4	TFDP1	9606.ENSP00000368686	9606.ENSP00000364519	0	0	0	0	0.163	0.991	0.800	0.976	0.999
E2F4	LIN52	9606.ENSP00000368686	9606.ENSP00000451812	0	0	0	0	0	0.094	0.500	0.789	0.896
E2F4	MYC	9606.ENSP00000368686	9606.ENSP00000478887	0	0	0	0	0.067	0	0.500	0.876	0.937
E2F4	E2F5	9606.ENSP00000368686	9606.ENSP00000398124	0	0	0.065	0.945	0	0.329	0.900	0.900	0.992
E2F4	TFDP2	9606.ENSP00000368686	9606.ENSP00000420616	0	0	0	0	0.103	0.990	0.800	0.743	0.999
E2F5	MYBL2	9606.ENSP00000398124	9606.ENSP00000217026	0	0	0	0	0.056	0.162	0.500	0.663	0.848
E2F5	RBL2	9606.ENSP00000398124	9606.ENSP00000262133	0	0	0	0	0.097	0.797	0.900	0.992	0.999
E2F5	SMAD2	9606.ENSP00000398124	9606.ENSP00000262160	0	0	0	0	0	0	0.900	0.447	0.942
E2F5	RB1	9606.ENSP00000398124	9606.ENSP00000267163	0	0	0	0	0.074	0.821	0.900	0.586	0.992
E2F5	TP53	9606.ENSP00000398124	9606.ENSP00000269305	0	0	0	0	0.048	0	0	0.422	0.426
E2F5	LIN37	9606.ENSP00000398124	9606.ENSP00000301159	0	0	0	0	0	0.608	0.500	0.691	0.934
E2F5	LIN9	9606.ENSP00000398124	9606.ENSP00000329102	0	0	0	0	0.049	0.125	0.500	0.700	0.858
E2F5	LIN54	9606.ENSP00000398124	9606.ENSP00000341947	0	0	0	0	0.084	0.345	0.500	0.590	0.860
E2F5	RBBP4	9606.ENSP00000398124	9606.ENSP00000362592	0	0	0	0	0.113	0.091	0.500	0.605	0.819
E2F5	RBL1	9606.ENSP00000398124	9606.ENSP00000362768	0	0	0	0	0.114	0.956	0.900	0.615	0.998
E2F5	TFDP1	9606.ENSP00000398124	9606.ENSP00000364519	0	0	0	0	0.103	0.982	0.800	0.849	0.999
E2F5	MYC	9606.ENSP00000398124	9606.ENSP00000478887	0	0	0	0	0.068	0	0.500	0.649	0.822
E2F5	LIN52	9606.ENSP00000398124	9606.ENSP00000451812	0	0	0	0	0	0.094	0.500	0.737	0.870
E2F5	TFDP2	9606.ENSP00000398124	9606.ENSP00000420616	0	0	0	0	0.110	0.800	0.800	0.840	0.993
EED	SIRT1	9606.ENSP00000338186	9606.ENSP00000212015	0	0	0	0	0.075	0.389	0	0.538	0.716
EED	KDM6B	9606.ENSP00000338186	9606.ENSP00000254846	0	0	0	0	0.056	0.290	0.500	0.626	0.858
EED	PHC2	9606.ENSP00000338186	9606.ENSP00000257118	0	0	0	0	0	0.095	0.900	0.608	0.961
EED	RB1	9606.ENSP00000338186	9606.ENSP00000267163	0	0	0	0	0.124	0.126	0	0.556	0.631
EED	TP53	9606.ENSP00000338186	9606.ENSP00000269305	0	0	0	0	0	0	0.500	0.348	0.660
EED	RPS27A	9606.ENSP00000338186	9606.ENSP00000272317	0	0	0	0	0.075	0.528	0	0	0.544
EED	H2BC1	9606.ENSP00000338186	9606.ENSP00000274764	0	0	0	0	0	0.246	0.500	0.123	0.640
EED	H2BC5	9606.ENSP00000338186	9606.ENSP00000289316	0	0	0	0	0	0.246	0.500	0.081	0.623
EED	H2AZ2	9606.ENSP00000338186	9606.ENSP00000308405	0	0	0	0	0.075	0	0.500	0.169	0.582
EED	SUZ12	9606.ENSP00000338186	9606.ENSP00000316578	0	0	0	0	0.176	0.997	0.900	0.999	0.999
EED	EZH2	9606.ENSP00000338186	9606.ENSP00000320147	0	0	0	0	0.138	0.998	0.900	0.999	0.999
EED	H2BC4	9606.ENSP00000338186	9606.ENSP00000321744	0	0	0	0	0.044	0.246	0.500	0.082	0.625
EED	H2AC14	9606.ENSP00000338186	9606.ENSP00000328484	0	0	0	0	0	0.246	0.500	0.044	0.608
EED	H2AC20	9606.ENSP00000338186	9606.ENSP00000332194	0	0	0	0	0	0.246	0.500	0.688	0.872
EED	TNRC6C	9606.ENSP00000338186	9606.ENSP00000336783	0	0	0	0	0	0.071	0.500	0.066	0.528
EED	MYC	9606.ENSP00000338186	9606.ENSP00000478887	0	0	0	0	0.042	0.161	0	0.357	0.438
EED	TXN	9606.ENSP00000338186	9606.ENSP00000363641	0	0	0	0	0.064	0.094	0	0.434	0.478
EED	H1-0	9606.ENSP00000338186	9606.ENSP00000344504	0	0	0	0	0.055	0.227	0	0.363	0.495
EED	TNRC6A	9606.ENSP00000338186	9606.ENSP00000379144	0	0	0	0	0	0	0.500	0	0.499
EED	UBA52	9606.ENSP00000338186	9606.ENSP00000388107	0	0	0	0	0	0.507	0	0	0.507
EED	TFDP2	9606.ENSP00000338186	9606.ENSP00000420616	0	0	0	0	0.044	0	0.500	0.058	0.510
EED	TFDP1	9606.ENSP00000338186	9606.ENSP00000364519	0	0	0	0	0.074	0	0.500	0	0.517
EED	TNRC6B	9606.ENSP00000338186	9606.ENSP00000401946	0	0	0	0	0	0	0.500	0.083	0.521
EED	UBC	9606.ENSP00000338186	9606.ENSP00000441543	0	0	0	0	0.067	0.507	0	0.053	0.526
EED	MOV10	9606.ENSP00000338186	9606.ENSP00000399797	0	0	0	0	0.049	0.095	0.500	0.074	0.548
EED	H3C1	9606.ENSP00000338186	9606.ENSP00000480826	0	0	0	0	0.047	0.515	0	0.112	0.554
EED	JUN	9606.ENSP00000338186	9606.ENSP00000360266	0	0	0	0	0	0	0.500	0.157	0.560
EED	EHMT1	9606.ENSP00000338186	9606.ENSP00000417980	0	0	0	0	0.085	0.314	0	0.412	0.599
EED	H2AJ	9606.ENSP00000338186	9606.ENSP00000438553	0	0	0	0	0	0.246	0.500	0.044	0.608
EED	H2AC7	9606.ENSP00000338186	9606.ENSP00000341094	0	0	0	0	0.048	0.246	0.500	0.044	0.610
EED	H2AC6	9606.ENSP00000338186	9606.ENSP00000367022	0	0	0	0	0.049	0.246	0.500	0.044	0.611
EED	H2BC14	9606.ENSP00000338186	9606.ENSP00000477907	0	0	0	0	0	0.243	0.500	0.090	0.625
EED	H2BC13	9606.ENSP00000338186	9606.ENSP00000366618	0	0	0	0	0	0.246	0.500	0.086	0.625
EED	H2AB1	9606.ENSP00000338186	9606.ENSP00000484261	0	0	0	0	0	0.246	0.500	0.087	0.626
EED	H2BC9	9606.ENSP00000338186	9606.ENSP00000479169	0	0	0	0	0.047	0.246	0.500	0.086	0.627
EED	H2BC3	9606.ENSP00000338186	9606.ENSP00000482674	0	0	0	0	0	0.246	0.500	0.097	0.629
EED	H2BC15	9606.ENSP00000338186	9606.ENSP00000483903	0	0	0	0	0	0.246	0.500	0.096	0.629
EED	H2BC17	9606.ENSP00000338186	9606.ENSP00000477527	0	0	0	0	0.067	0.246	0.500	0.086	0.635
EED	H2AX	9606.ENSP00000338186	9606.ENSP00000434024	0	0	0	0	0.064	0.246	0.500	0.154	0.661
EED	H2BC12	9606.ENSP00000338186	9606.ENSP00000349430	0	0	0	0	0.044	0.319	0.500	0.085	0.662
EED	H2BC11	9606.ENSP00000338186	9606.ENSP00000476136	0	0	0	0	0	0.319	0.500	0.090	0.663
EED	EHMT2	9606.ENSP00000338186	9606.ENSP00000379078	0	0	0	0	0.064	0.314	0	0.554	0.688
EED	H2BC21	9606.ENSP00000338186	9606.ENSP00000358151	0	0	0	0	0	0.359	0.500	0.349	0.773
EED	H2AC18	9606.ENSP00000338186	9606.ENSP00000358155	0	0	0	0	0.057	0.281	0.500	0.688	0.880
EED	PHC3	9606.ENSP00000338186	9606.ENSP00000420294	0	0	0	0	0.047	0.095	0.900	0.232	0.924
EED	H3-4	9606.ENSP00000338186	9606.ENSP00000355657	0	0	0	0	0.047	0.612	0	0.890	0.956
EED	RING1	9606.ENSP00000338186	9606.ENSP00000363787	0	0	0	0	0.056	0.250	0.900	0.834	0.986
EED	PHC1	9606.ENSP00000338186	9606.ENSP00000437659	0	0	0	0	0.062	0.095	0.900	0.890	0.989
EED	RNF2	9606.ENSP00000338186	9606.ENSP00000356480	0	0	0	0	0.049	0.516	0.900	0.949	0.997
EED	RBBP4	9606.ENSP00000338186	9606.ENSP00000362592	0	0	0	0	0.125	0.989	0.900	0.996	0.999
EED	RBBP7	9606.ENSP00000338186	9606.ENSP00000369424	0	0	0	0	0.159	0.916	0.900	0.995	0.999
EHMT1	NFKB1	9606.ENSP00000417980	9606.ENSP00000226574	0	0	0	0.550	0.056	0.106	0.500	0.087	0.563
EHMT1	KDM6B	9606.ENSP00000417980	9606.ENSP00000254846	0	0	0	0	0.062	0.269	0	0.513	0.637
EHMT1	MDM2	9606.ENSP00000417980	9606.ENSP00000258149	0	0	0	0	0.049	0.329	0	0.182	0.433
EHMT1	UBE2S	9606.ENSP00000417980	9606.ENSP00000264552	0	0	0	0	0.047	0.070	0.500	0.055	0.525
EHMT1	TP53	9606.ENSP00000417980	9606.ENSP00000269305	0	0	0	0	0.068	0.555	0.750	0.323	0.920
EHMT1	RPS27A	9606.ENSP00000417980	9606.ENSP00000272317	0	0	0	0	0.060	0.144	0.500	0.051	0.567
EHMT1	H2BC1	9606.ENSP00000417980	9606.ENSP00000274764	0	0	0	0	0	0.256	0.400	0.115	0.571
EHMT1	H2BC5	9606.ENSP00000417980	9606.ENSP00000289316	0	0	0	0	0	0.140	0.400	0.104	0.497
EHMT1	UBE2E1	9606.ENSP00000417980	9606.ENSP00000303709	0	0	0	0	0.055	0.070	0.500	0.055	0.529
EHMT1	H2AZ2	9606.ENSP00000417980	9606.ENSP00000308405	0	0	0	0	0.049	0.130	0.400	0.104	0.495
EHMT1	SUZ12	9606.ENSP00000417980	9606.ENSP00000316578	0	0	0	0	0.108	0.310	0	0.398	0.598
EHMT1	H2BC4	9606.ENSP00000417980	9606.ENSP00000321744	0	0	0	0	0	0.140	0.400	0.093	0.491
EHMT1	H2AC14	9606.ENSP00000417980	9606.ENSP00000328484	0	0	0	0	0.042	0.143	0.400	0.065	0.477
EHMT1	H2AC20	9606.ENSP00000417980	9606.ENSP00000332194	0	0	0	0	0	0.143	0.400	0.337	0.629
EHMT1	H2AC7	9606.ENSP00000417980	9606.ENSP00000341094	0	0	0	0	0.042	0.143	0.400	0.065	0.477
EHMT1	UBE2C	9606.ENSP00000417980	9606.ENSP00000348838	0	0	0	0	0.058	0.070	0.500	0.055	0.530
EHMT1	H2BC12	9606.ENSP00000417980	9606.ENSP00000349430	0	0	0	0	0	0.140	0.400	0.111	0.501
EHMT1	H3-4	9606.ENSP00000417980	9606.ENSP00000355657	0	0	0	0	0.058	0.939	0	0.565	0.972
EHMT1	H3-3A	9606.ENSP00000417980	9606.ENSP00000355780	0	0	0	0	0.058	0.917	0	0.091	0.923
EHMT1	RNF2	9606.ENSP00000417980	9606.ENSP00000356480	0	0	0	0	0	0.095	0.500	0.518	0.763
EHMT1	H2BC21	9606.ENSP00000417980	9606.ENSP00000358151	0	0	0	0	0	0.270	0.400	0.314	0.673
EHMT1	H2AC18	9606.ENSP00000417980	9606.ENSP00000358155	0	0	0	0	0.044	0.143	0.400	0.337	0.630
EHMT1	UBE2D1	9606.ENSP00000417980	9606.ENSP00000363019	0	0	0	0	0.068	0.070	0.500	0.055	0.536
EHMT1	RING1	9606.ENSP00000417980	9606.ENSP00000363787	0	0	0	0	0.067	0.087	0.500	0.527	0.771
EHMT1	TFDP1	9606.ENSP00000417980	9606.ENSP00000364519	0	0	0	0	0.056	0	0.500	0.086	0.531
EHMT1	H2BC13	9606.ENSP00000417980	9606.ENSP00000366618	0	0	0	0	0	0.140	0.400	0.100	0.495
EHMT1	H2AC6	9606.ENSP00000417980	9606.ENSP00000367022	0	0	0	0	0.049	0.143	0.400	0.102	0.502
EHMT1	FZR1	9606.ENSP00000417980	9606.ENSP00000378529	0	0	0	0	0.060	0.092	0.500	0.067	0.548
EHMT1	EHMT2	9606.ENSP00000417980	9606.ENSP00000379078	0	0	0.075	0.925	0.131	0.836	0.900	0.979	0.999
EHMT1	RELA	9606.ENSP00000417980	9606.ENSP00000384273	0	0	0	0	0.072	0.314	0.500	0.513	0.824
EHMT1	H3C15	9606.ENSP00000417980	9606.ENSP00000385479	0	0	0	0	0.058	0.917	0	0.091	0.923
EHMT1	IL6	9606.ENSP00000417980	9606.ENSP00000385675	0	0	0	0	0.067	0.074	0.750	0.115	0.783
EHMT1	UBA52	9606.ENSP00000417980	9606.ENSP00000388107	0	0	0	0	0.049	0.311	0.500	0.055	0.648
EHMT1	H2AB1	9606.ENSP00000417980	9606.ENSP00000484261	0	0	0	0	0	0.143	0.400	0.065	0.477
EHMT1	H2AJ	9606.ENSP00000417980	9606.ENSP00000438553	0	0	0	0	0	0.143	0.400	0.090	0.491
EHMT1	H2BC3	9606.ENSP00000417980	9606.ENSP00000482674	0	0	0	0	0	0.140	0.400	0.098	0.493
EHMT1	H2BC15	9606.ENSP00000417980	9606.ENSP00000483903	0	0	0	0	0.043	0.140	0.400	0.097	0.494
EHMT1	H2BC11	9606.ENSP00000417980	9606.ENSP00000476136	0	0	0	0	0.044	0.140	0.400	0.097	0.495
EHMT1	H2BC17	9606.ENSP00000417980	9606.ENSP00000477527	0	0	0	0	0.049	0.140	0.400	0.093	0.495
EHMT1	H2BC14	9606.ENSP00000417980	9606.ENSP00000477907	0	0	0	0	0.047	0.140	0.400	0.099	0.497
EHMT1	H2BC9	9606.ENSP00000417980	9606.ENSP00000479169	0	0	0	0	0.042	0.140	0.400	0.104	0.498
EHMT1	TFDP2	9606.ENSP00000417980	9606.ENSP00000420616	0	0	0	0	0.054	0	0.500	0.047	0.509
EHMT1	H2AX	9606.ENSP00000417980	9606.ENSP00000434024	0	0	0	0	0.043	0.143	0.400	0.150	0.526
EHMT1	UBB	9606.ENSP00000417980	9606.ENSP00000478771	0	0	0	0	0.055	0.144	0.500	0.074	0.575
EHMT1	UBC	9606.ENSP00000417980	9606.ENSP00000441543	0	0	0	0	0.062	0.144	0.500	0.074	0.578
EHMT1	H3C1	9606.ENSP00000417980	9606.ENSP00000480826	0	0	0	0	0.058	0.976	0	0.128	0.979
EHMT2	SIRT1	9606.ENSP00000379078	9606.ENSP00000212015	0	0	0	0	0.042	0.096	0	0.521	0.549
EHMT2	NFKB1	9606.ENSP00000379078	9606.ENSP00000226574	0	0	0	0.549	0.060	0.106	0.500	0.488	0.756
EHMT2	H1-1	9606.ENSP00000379078	9606.ENSP00000244573	0	0	0	0	0.042	0.292	0	0.416	0.569
EHMT2	KDM6B	9606.ENSP00000379078	9606.ENSP00000254846	0	0	0	0	0.062	0.269	0	0.612	0.711
EHMT2	LMNB1	9606.ENSP00000379078	9606.ENSP00000261366	0	0	0	0	0.065	0	0	0.519	0.531
EHMT2	UBE2S	9606.ENSP00000379078	9606.ENSP00000264552	0	0	0	0	0.050	0.070	0.500	0.106	0.552
EHMT2	TP53	9606.ENSP00000379078	9606.ENSP00000269305	0	0	0	0	0.078	0.357	0.750	0.520	0.919
EHMT2	RPS27A	9606.ENSP00000379078	9606.ENSP00000272317	0	0	0	0	0.060	0.144	0.500	0.078	0.580
EHMT2	H2BC1	9606.ENSP00000379078	9606.ENSP00000274764	0	0	0	0	0	0.376	0.500	0.240	0.742
EHMT2	H2BC5	9606.ENSP00000379078	9606.ENSP00000289316	0	0	0	0	0	0.140	0.500	0.209	0.630
EHMT2	UBE2E1	9606.ENSP00000379078	9606.ENSP00000303709	0	0	0	0	0.055	0.070	0.500	0.055	0.529
EHMT2	H1-4	9606.ENSP00000379078	9606.ENSP00000307705	0	0	0	0	0.047	0.292	0	0.543	0.664
EHMT2	H2AZ2	9606.ENSP00000379078	9606.ENSP00000308405	0	0	0	0	0.054	0.130	0.500	0.104	0.581
EHMT2	SUZ12	9606.ENSP00000379078	9606.ENSP00000316578	0	0	0	0	0.093	0.310	0	0.730	0.816
EHMT2	EZH2	9606.ENSP00000379078	9606.ENSP00000320147	0	0	0	0.562	0.057	0.225	0	0.940	0.953
EHMT2	H2BC4	9606.ENSP00000379078	9606.ENSP00000321744	0	0	0	0	0	0.170	0.500	0.214	0.645
EHMT2	H2AC14	9606.ENSP00000379078	9606.ENSP00000328484	0	0	0	0	0.042	0.143	0.500	0.065	0.564
EHMT2	H2AC20	9606.ENSP00000379078	9606.ENSP00000332194	0	0	0	0	0	0.143	0.500	0.581	0.805
EHMT2	H1-2	9606.ENSP00000379078	9606.ENSP00000339566	0	0	0	0	0.068	0	0	0.506	0.520
EHMT2	KAT5	9606.ENSP00000379078	9606.ENSP00000340330	0	0	0	0	0.081	0.094	0	0.879	0.891
EHMT2	H2AC7	9606.ENSP00000379078	9606.ENSP00000341094	0	0	0	0	0	0.143	0.500	0.065	0.564
EHMT2	H1-0	9606.ENSP00000379078	9606.ENSP00000344504	0	0	0	0	0.047	0	0	0.407	0.411
EHMT2	UBE2C	9606.ENSP00000379078	9606.ENSP00000348838	0	0	0	0	0.049	0.070	0.500	0.055	0.526
EHMT2	H2BC12	9606.ENSP00000379078	9606.ENSP00000349430	0	0	0	0	0	0.140	0.500	0.221	0.636
EHMT2	H3-4	9606.ENSP00000379078	9606.ENSP00000355657	0	0	0	0	0.058	0.939	0	0.945	0.996
EHMT2	H3-3A	9606.ENSP00000379078	9606.ENSP00000355780	0	0	0	0	0.058	0.917	0	0.120	0.925
EHMT2	RNF2	9606.ENSP00000379078	9606.ENSP00000356480	0	0	0	0	0	0.087	0.500	0.609	0.805
EHMT2	H2BC21	9606.ENSP00000379078	9606.ENSP00000358151	0	0	0	0	0	0.273	0.500	0.527	0.813
EHMT2	H2AC18	9606.ENSP00000379078	9606.ENSP00000358155	0	0	0	0	0.049	0.143	0.500	0.581	0.806
EHMT2	RBBP4	9606.ENSP00000379078	9606.ENSP00000362592	0	0	0	0	0.088	0.190	0.500	0.409	0.752
EHMT2	UBE2D1	9606.ENSP00000379078	9606.ENSP00000363019	0	0	0	0	0.062	0.070	0.500	0.055	0.533
EHMT2	RING1	9606.ENSP00000379078	9606.ENSP00000363787	0	0	0	0	0.080	0.087	0.500	0.576	0.798
EHMT2	TFDP1	9606.ENSP00000379078	9606.ENSP00000364519	0	0	0	0	0.054	0	0.500	0.434	0.709
EHMT2	H2BC13	9606.ENSP00000379078	9606.ENSP00000366618	0	0	0	0	0.049	0.140	0.500	0.215	0.636
EHMT2	H2AC6	9606.ENSP00000379078	9606.ENSP00000367022	0	0	0	0	0.049	0.143	0.500	0.065	0.567
EHMT2	FOXO1	9606.ENSP00000379078	9606.ENSP00000368880	0	0	0	0	0	0.312	0	0.256	0.467
EHMT2	RBBP7	9606.ENSP00000379078	9606.ENSP00000369424	0	0	0	0	0.069	0.190	0.500	0.388	0.738
EHMT2	FZR1	9606.ENSP00000379078	9606.ENSP00000378529	0	0	0	0	0.049	0.092	0.500	0.054	0.536
EHMT2	MYC	9606.ENSP00000379078	9606.ENSP00000478887	0	0	0	0	0.057	0.041	0	0.479	0.488
EHMT2	TFDP2	9606.ENSP00000379078	9606.ENSP00000420616	0	0	0	0	0.054	0	0.500	0.047	0.510
EHMT2	H2AJ	9606.ENSP00000379078	9606.ENSP00000438553	0	0	0	0	0	0.143	0.500	0.065	0.564
EHMT2	H2AB1	9606.ENSP00000379078	9606.ENSP00000484261	0	0	0	0	0	0.143	0.500	0.087	0.574
EHMT2	UBB	9606.ENSP00000379078	9606.ENSP00000478771	0	0	0	0	0.055	0.144	0.500	0.074	0.575
EHMT2	UBC	9606.ENSP00000379078	9606.ENSP00000441543	0	0	0	0	0.055	0.144	0.500	0.122	0.597
EHMT2	H2BC3	9606.ENSP00000379078	9606.ENSP00000482674	0	0	0	0	0	0.140	0.500	0.208	0.629
EHMT2	H2BC9	9606.ENSP00000379078	9606.ENSP00000479169	0	0	0	0	0	0.140	0.500	0.210	0.630
EHMT2	H2BC11	9606.ENSP00000379078	9606.ENSP00000476136	0	0	0	0	0	0.140	0.500	0.212	0.631
EHMT2	H2BC15	9606.ENSP00000379078	9606.ENSP00000483903	0	0	0	0	0.044	0.140	0.500	0.213	0.633
EHMT2	H2BC14	9606.ENSP00000379078	9606.ENSP00000477907	0	0	0	0	0.044	0.140	0.500	0.216	0.635
EHMT2	H2BC17	9606.ENSP00000379078	9606.ENSP00000477527	0	0	0	0	0.054	0.140	0.500	0.210	0.635
EHMT2	RELA	9606.ENSP00000379078	9606.ENSP00000384273	0	0	0	0	0.062	0.071	0.500	0.277	0.643
EHMT2	UBA52	9606.ENSP00000379078	9606.ENSP00000388107	0	0	0	0	0	0.311	0.500	0.055	0.646
EHMT2	H2AX	9606.ENSP00000379078	9606.ENSP00000434024	0	0	0	0	0.062	0.367	0.500	0.265	0.752
EHMT2	IL6	9606.ENSP00000379078	9606.ENSP00000385675	0	0	0	0	0.067	0.074	0.750	0.271	0.821
EHMT2	H3C15	9606.ENSP00000379078	9606.ENSP00000385479	0	0	0	0	0.058	0.917	0	0.091	0.923
EHMT2	H3C1	9606.ENSP00000379078	9606.ENSP00000480826	0	0	0	0	0.058	0.969	0	0.091	0.971
EIF4EBP1	MAPK1	9606.ENSP00000340691	9606.ENSP00000215832	0	0	0	0	0	0.328	0.900	0.708	0.978
EIF4EBP1	TSC2	9606.ENSP00000340691	9606.ENSP00000219476	0	0	0	0	0	0	0	0.874	0.874
EIF4EBP1	MAPK14	9606.ENSP00000340691	9606.ENSP00000229795	0	0	0	0	0.042	0.314	0	0.248	0.463
EIF4EBP1	RHEB	9606.ENSP00000340691	9606.ENSP00000262187	0	0	0	0	0.049	0.800	0.400	0.841	0.979
EIF4EBP1	MAPK3	9606.ENSP00000340691	9606.ENSP00000263025	0	0	0	0	0	0.091	0.900	0.570	0.957
EIF4EBP1	PIK3CA	9606.ENSP00000340691	9606.ENSP00000263967	0	0	0	0	0	0	0	0.580	0.580
EIF4EBP1	STAT3	9606.ENSP00000340691	9606.ENSP00000264657	0	0	0	0	0	0	0	0.473	0.473
EIF4EBP1	TP53	9606.ENSP00000340691	9606.ENSP00000269305	0	0	0	0	0.072	0	0	0.572	0.585
EIF4EBP1	TSC1	9606.ENSP00000340691	9606.ENSP00000298552	0	0	0	0	0	0	0	0.799	0.799
EIF4EBP1	MAP2K1	9606.ENSP00000340691	9606.ENSP00000302486	0	0	0	0	0	0	0	0.418	0.418
EIF4EBP1	FOXO3	9606.ENSP00000340691	9606.ENSP00000339527	0	0	0	0	0.056	0	0	0.518	0.525
EIF4EBP1	RPS6KA2	9606.ENSP00000340691	9606.ENSP00000422435	0	0	0	0	0	0	0	0.400	0.400
EIF4EBP1	RPS6KA3	9606.ENSP00000340691	9606.ENSP00000368884	0	0	0	0	0	0	0	0.419	0.418
EIF4EBP1	MAPKAPK5	9606.ENSP00000340691	9606.ENSP00000449381	0	0	0	0	0.049	0.402	0	0.104	0.445
EIF4EBP1	SQSTM1	9606.ENSP00000340691	9606.ENSP00000374455	0	0	0	0	0	0	0	0.506	0.506
EIF4EBP1	FOXO1	9606.ENSP00000340691	9606.ENSP00000368880	0	0	0	0	0.056	0	0	0.507	0.514
EIF4EBP1	TFDP1	9606.ENSP00000340691	9606.ENSP00000364519	0	0	0	0	0.066	0	0	0.590	0.600
EIF4EBP1	MYC	9606.ENSP00000340691	9606.ENSP00000478887	0	0	0	0	0.097	0	0	0.601	0.624
EIF4EBP1	PTEN	9606.ENSP00000340691	9606.ENSP00000361021	0	0	0	0	0	0	0	0.663	0.663
EIF4EBP1	RPS6KA1	9606.ENSP00000340691	9606.ENSP00000435412	0	0	0	0	0	0	0	0.708	0.708
EIF4EBP1	MTOR	9606.ENSP00000340691	9606.ENSP00000354558	0	0	0	0	0	0.992	0.900	0.952	0.999
EP400	H1-3	9606.ENSP00000374212	9606.ENSP00000244534	0	0	0	0	0.050	0.053	0.400	0.064	0.427
EP400	H1-1	9606.ENSP00000374212	9606.ENSP00000244573	0	0	0	0	0.045	0.053	0.400	0.064	0.424
EP400	UBN1	9606.ENSP00000374212	9606.ENSP00000262376	0	0	0	0	0.152	0	0.400	0.209	0.562
EP400	HIRA	9606.ENSP00000374212	9606.ENSP00000263208	0	0	0	0	0.062	0.102	0.400	0.352	0.628
EP400	TP53	9606.ENSP00000374212	9606.ENSP00000269305	0	0	0	0	0.048	0.301	0.700	0.571	0.902
EP400	H2BC1	9606.ENSP00000374212	9606.ENSP00000274764	0	0	0	0	0	0.725	0	0.151	0.756
EP400	H1-4	9606.ENSP00000374212	9606.ENSP00000307705	0	0	0	0	0.045	0.053	0.400	0.086	0.438
EP400	H2AZ2	9606.ENSP00000374212	9606.ENSP00000308405	0	0	0	0	0.048	0.749	0	0.796	0.947
EP400	EZH2	9606.ENSP00000374212	9606.ENSP00000320147	0	0	0	0	0.058	0.114	0	0.345	0.406
EP400	H2AC14	9606.ENSP00000374212	9606.ENSP00000328484	0	0	0	0	0.067	0.191	0.400	0.043	0.508
EP400	H1-5	9606.ENSP00000374212	9606.ENSP00000330074	0	0	0	0	0.045	0.053	0.400	0.064	0.424
EP400	H2AC20	9606.ENSP00000374212	9606.ENSP00000332194	0	0	0	0	0.067	0.191	0.400	0.817	0.906
EP400	H1-2	9606.ENSP00000374212	9606.ENSP00000339566	0	0	0	0	0.052	0.053	0.400	0.399	0.633
EP400	KAT5	9606.ENSP00000374212	9606.ENSP00000340330	0	0	0	0	0.068	0.903	0.900	0.998	0.999
EP400	H2AC7	9606.ENSP00000374212	9606.ENSP00000341094	0	0	0	0	0.067	0.191	0.400	0.043	0.508
EP400	H1-0	9606.ENSP00000374212	9606.ENSP00000344504	0	0	0	0	0.045	0.064	0.400	0.251	0.545
EP400	H3-4	9606.ENSP00000374212	9606.ENSP00000355657	0	0	0	0	0	0.181	0	0.372	0.463
EP400	MDM4	9606.ENSP00000374212	9606.ENSP00000356150	0	0	0	0	0.106	0.045	0	0.469	0.507
EP400	H2BC21	9606.ENSP00000374212	9606.ENSP00000358151	0	0	0	0	0	0.378	0	0.457	0.648
EP400	H2AC18	9606.ENSP00000374212	9606.ENSP00000358155	0	0	0	0	0.067	0.191	0.400	0.817	0.906
EP400	H2AC6	9606.ENSP00000374212	9606.ENSP00000367022	0	0	0	0	0.069	0.191	0.400	0.069	0.523
EP400	HMGA1	9606.ENSP00000374212	9606.ENSP00000399888	0	0	0	0	0.042	0	0.400	0	0.400
EP400	HMGA2	9606.ENSP00000374212	9606.ENSP00000437621	0	0	0	0	0.047	0.065	0.400	0.112	0.462
EP400	H2BC3	9606.ENSP00000374212	9606.ENSP00000482674	0	0	0	0	0	0.459	0	0.124	0.506
EP400	H2AX	9606.ENSP00000374212	9606.ENSP00000434024	0	0	0	0	0.086	0.191	0	0.713	0.769
EP400	MYC	9606.ENSP00000374212	9606.ENSP00000478887	0	0	0	0	0.044	0.688	0	0.859	0.954
ERF	MAPK1	9606.ENSP00000222329	9606.ENSP00000215832	0	0.001	0	0	0	0.196	0.750	0.354	0.858
ERF	ETS2	9606.ENSP00000222329	9606.ENSP00000353344	0	0	0	0.635	0.062	0	0.750	0.245	0.807
ERF	MAPK3	9606.ENSP00000222329	9606.ENSP00000263025	0	0.001	0	0	0.062	0.190	0.750	0.427	0.876
ETS1	MAPK1	9606.ENSP00000376436	9606.ENSP00000215832	0	0	0	0	0.105	0.608	0.900	0.819	0.992
ETS1	TGFB1	9606.ENSP00000376436	9606.ENSP00000221930	0	0	0	0	0.074	0	0	0.402	0.423
ETS1	SERPINE1	9606.ENSP00000376436	9606.ENSP00000223095	0	0	0	0	0.083	0	0	0.521	0.541
ETS1	NFKB1	9606.ENSP00000376436	9606.ENSP00000226574	0	0	0	0	0.160	0.426	0	0.507	0.741
ETS1	MAPK14	9606.ENSP00000376436	9606.ENSP00000229795	0	0	0	0	0.055	0.312	0	0.218	0.447
ETS1	SMAD2	9606.ENSP00000376436	9606.ENSP00000262160	0	0	0	0	0.104	0	0	0.624	0.649
ETS1	MAP2K2	9606.ENSP00000376436	9606.ENSP00000262948	0	0	0	0	0.054	0.071	0	0.474	0.498
ETS1	MAPK3	9606.ENSP00000376436	9606.ENSP00000263025	0	0	0	0	0.068	0.069	0.900	0.443	0.945
ETS1	STAT3	9606.ENSP00000376436	9606.ENSP00000264657	0	0	0	0	0.065	0	0	0.683	0.691
ETS1	TP53	9606.ENSP00000376436	9606.ENSP00000269305	0	0	0	0	0.106	0.625	0	0.925	0.972
ETS1	MAP2K1	9606.ENSP00000376436	9606.ENSP00000302486	0	0	0	0	0.068	0.071	0	0.362	0.400
ETS1	FOS	9606.ENSP00000376436	9606.ENSP00000306245	0	0	0	0	0.055	0	0	0.733	0.737
ETS1	MAPK7	9606.ENSP00000376436	9606.ENSP00000311005	0	0	0	0	0.067	0.312	0	0.226	0.460
ETS1	SP1	9606.ENSP00000376436	9606.ENSP00000329357	0	0	0	0	0.070	0.295	0	0.412	0.582
ETS1	TNRC6C	9606.ENSP00000376436	9606.ENSP00000336783	0	0	0	0	0.044	0	0.500	0	0.501
ETS1	TGFBR2	9606.ENSP00000376436	9606.ENSP00000351905	0	0	0	0	0.199	0.052	0	0.305	0.426
ETS1	ETS2	9606.ENSP00000376436	9606.ENSP00000353344	0	0	0	0.932	0.107	0.292	0.900	0.415	0.958
ETS1	JUN	9606.ENSP00000376436	9606.ENSP00000360266	0	0	0	0	0.086	0.465	0	0.761	0.873
ETS1	PTEN	9606.ENSP00000376436	9606.ENSP00000361021	0	0	0	0	0.057	0.063	0	0.432	0.455
ETS1	ID1	9606.ENSP00000376436	9606.ENSP00000365280	0	0	0	0	0	0	0.500	0.585	0.783
ETS1	FOXO1	9606.ENSP00000376436	9606.ENSP00000368880	0	0	0	0	0.086	0.882	0	0.812	0.978
ETS1	SQSTM1	9606.ENSP00000376436	9606.ENSP00000374455	0	0	0	0	0	0	0	0.409	0.408
ETS1	GATA4	9606.ENSP00000376436	9606.ENSP00000435712	0	0	0	0	0.055	0	0	0.398	0.407
ETS1	IL6	9606.ENSP00000376436	9606.ENSP00000385675	0	0	0	0	0.067	0	0	0.400	0.416
ETS1	RPS6KA2	9606.ENSP00000376436	9606.ENSP00000422435	0	0	0	0	0.069	0	0	0.461	0.476
ETS1	MOV10	9606.ENSP00000376436	9606.ENSP00000399797	0	0	0	0	0	0	0.500	0	0.499
ETS1	TNRC6A	9606.ENSP00000376436	9606.ENSP00000379144	0	0	0	0	0	0	0.500	0.081	0.520
ETS1	TNRC6B	9606.ENSP00000376436	9606.ENSP00000401946	0	0	0	0	0.048	0.045	0.500	0.081	0.526
ETS1	MYC	9606.ENSP00000376436	9606.ENSP00000478887	0	0	0	0	0.108	0.052	0	0.580	0.613
ETS2	MAPK1	9606.ENSP00000353344	9606.ENSP00000215832	0	0	0	0	0.067	0.069	0.900	0.450	0.945
ETS2	NFKB1	9606.ENSP00000353344	9606.ENSP00000226574	0	0	0	0	0.112	0.048	0	0.535	0.572
ETS2	MAPK3	9606.ENSP00000353344	9606.ENSP00000263025	0	0	0	0	0.067	0.069	0.900	0.282	0.929
ETS2	TP53	9606.ENSP00000353344	9606.ENSP00000269305	0	0	0	0	0.091	0.625	0	0.921	0.970
ETS2	FOS	9606.ENSP00000353344	9606.ENSP00000306245	0	0	0	0	0.134	0.292	0	0.800	0.867
ETS2	TNRC6C	9606.ENSP00000353344	9606.ENSP00000336783	0	0	0	0	0	0	0.500	0	0.499
ETS2	FOXM1	9606.ENSP00000353344	9606.ENSP00000342307	0	0	0	0	0.056	0.045	0	0.442	0.453
ETS2	PTEN	9606.ENSP00000353344	9606.ENSP00000361021	0	0	0	0	0.094	0	0	0.383	0.418
ETS2	RAF1	9606.ENSP00000353344	9606.ENSP00000401888	0	0	0	0	0.048	0.338	0	0.258	0.492
ETS2	MYC	9606.ENSP00000353344	9606.ENSP00000478887	0	0	0	0	0.063	0.052	0	0.478	0.496
ETS2	TNRC6A	9606.ENSP00000353344	9606.ENSP00000379144	0	0	0	0	0	0	0.500	0	0.499
ETS2	MOV10	9606.ENSP00000353344	9606.ENSP00000399797	0	0	0	0	0	0	0.500	0	0.499
ETS2	TNRC6B	9606.ENSP00000353344	9606.ENSP00000401946	0	0	0	0	0.042	0.045	0.500	0.053	0.508
ETS2	JUN	9606.ENSP00000353344	9606.ENSP00000360266	0	0	0	0	0.098	0.399	0	0.508	0.710
ETS2	ID1	9606.ENSP00000353344	9606.ENSP00000365280	0	0	0	0	0.074	0	0.900	0.587	0.958
EZH2	SIRT1	9606.ENSP00000320147	9606.ENSP00000212015	0	0	0	0	0.049	0.646	0.360	0.766	0.942
EZH2	MYBL2	9606.ENSP00000320147	9606.ENSP00000217026	0	0	0	0	0.241	0.219	0	0.329	0.568
EZH2	TGFB1	9606.ENSP00000320147	9606.ENSP00000221930	0	0	0	0	0	0	0	0.451	0.451
EZH2	NFKB1	9606.ENSP00000320147	9606.ENSP00000226574	0	0	0	0	0.050	0.106	0	0.670	0.695
EZH2	KDM6B	9606.ENSP00000320147	9606.ENSP00000254846	0	0	0	0	0.067	0.269	0.500	0.850	0.942
EZH2	PHC2	9606.ENSP00000320147	9606.ENSP00000257118	0	0	0	0	0	0.062	0.900	0.564	0.955
EZH2	MDM2	9606.ENSP00000320147	9606.ENSP00000258149	0	0	0	0	0.055	0.536	0	0.884	0.945
EZH2	LMNB1	9606.ENSP00000320147	9606.ENSP00000261366	0	0	0	0	0.263	0	0	0.354	0.504
EZH2	RBL2	9606.ENSP00000320147	9606.ENSP00000262133	0	0	0	0	0.071	0.331	0	0.361	0.569
EZH2	SMAD2	9606.ENSP00000320147	9606.ENSP00000262160	0	0	0	0	0.055	0.292	0	0.404	0.566
EZH2	MAPK3	9606.ENSP00000320147	9606.ENSP00000263025	0	0	0	0	0.074	0.091	0	0.416	0.466
EZH2	IL1A	9606.ENSP00000320147	9606.ENSP00000263339	0	0	0	0	0	0.292	0	0.231	0.432
EZH2	PIK3CA	9606.ENSP00000320147	9606.ENSP00000263967	0	0	0	0	0.053	0	0	0.517	0.523
EZH2	STAT3	9606.ENSP00000320147	9606.ENSP00000264657	0	0	0	0	0.043	0.297	0	0.964	0.973
EZH2	RB1	9606.ENSP00000320147	9606.ENSP00000267163	0	0	0	0	0.089	0.329	0.360	0.687	0.861
EZH2	TP53	9606.ENSP00000320147	9606.ENSP00000269305	0	0	0	0	0.085	0.130	0.500	0.776	0.899
EZH2	RPS27A	9606.ENSP00000320147	9606.ENSP00000272317	0	0	0	0	0.075	0.507	0	0.117	0.562
EZH2	H2BC1	9606.ENSP00000320147	9606.ENSP00000274764	0	0	0	0	0.064	0.140	0.500	0.251	0.658
EZH2	H2BC5	9606.ENSP00000320147	9606.ENSP00000289316	0	0	0	0	0.072	0.140	0.500	0.240	0.656
EZH2	MAP2K1	9606.ENSP00000320147	9606.ENSP00000302486	0	0	0	0	0.063	0.051	0	0.390	0.411
EZH2	FOS	9606.ENSP00000320147	9606.ENSP00000306245	0	0	0	0	0.050	0.070	0	0.550	0.567
EZH2	H2AZ2	9606.ENSP00000320147	9606.ENSP00000308405	0	0	0	0	0.153	0.130	0.500	0.252	0.687
EZH2	SUZ12	9606.ENSP00000320147	9606.ENSP00000316578	0	0	0	0	0.114	0.999	0.900	0.999	0.999
EZH2	SP1	9606.ENSP00000320147	9606.ENSP00000329357	0	0	0	0	0.110	0.095	0	0.366	0.445
EZH2	FOXO3	9606.ENSP00000320147	9606.ENSP00000339527	0	0	0	0	0.052	0.069	0	0.427	0.450
EZH2	KAT5	9606.ENSP00000320147	9606.ENSP00000340330	0	0	0	0	0.059	0.094	0	0.453	0.494
EZH2	MTOR	9606.ENSP00000320147	9606.ENSP00000354558	0	0	0	0	0.082	0.098	0	0.438	0.494
EZH2	FOXO1	9606.ENSP00000320147	9606.ENSP00000368880	0	0	0	0	0.052	0.069	0	0.487	0.508
EZH2	MDM4	9606.ENSP00000320147	9606.ENSP00000356150	0	0	0	0	0.055	0.329	0	0.307	0.523
EZH2	UBA52	9606.ENSP00000320147	9606.ENSP00000388107	0	0	0	0	0	0.507	0	0.088	0.531
EZH2	TNRC6B	9606.ENSP00000320147	9606.ENSP00000401946	0	0	0	0	0	0.069	0.500	0.094	0.541
EZH2	UBE2C	9606.ENSP00000320147	9606.ENSP00000348838	0	0	0	0	0.360	0.070	0	0.304	0.550
EZH2	HMGA2	9606.ENSP00000320147	9606.ENSP00000437621	0	0	0	0	0.125	0.044	0	0.507	0.551
EZH2	MOV10	9606.ENSP00000320147	9606.ENSP00000399797	0	0	0	0	0.059	0.053	0.500	0.119	0.555
EZH2	UBC	9606.ENSP00000320147	9606.ENSP00000441543	0	0	0	0	0.055	0.507	0	0.128	0.558
EZH2	H2AC7	9606.ENSP00000320147	9606.ENSP00000341094	0	0	0	0	0.048	0.143	0.500	0.053	0.561
EZH2	TNRC6A	9606.ENSP00000320147	9606.ENSP00000379144	0	0	0	0	0.048	0.044	0.500	0.150	0.561
EZH2	H1-0	9606.ENSP00000320147	9606.ENSP00000344504	0	0	0	0	0.044	0.219	0	0.460	0.561
EZH2	HMGA1	9606.ENSP00000320147	9606.ENSP00000399888	0	0	0	0	0.099	0.439	0	0.206	0.563
EZH2	H2AJ	9606.ENSP00000320147	9606.ENSP00000438553	0	0	0	0	0	0.143	0.500	0.071	0.567
EZH2	TFDP2	9606.ENSP00000320147	9606.ENSP00000420616	0	0	0	0	0.096	0	0.500	0.121	0.568
EZH2	H2AC14	9606.ENSP00000320147	9606.ENSP00000328484	0	0	0	0	0.048	0.143	0.500	0.080	0.574
EZH2	TNRC6C	9606.ENSP00000320147	9606.ENSP00000336783	0	0	0	0	0.067	0.131	0.500	0.098	0.585
EZH2	H3-3A	9606.ENSP00000320147	9606.ENSP00000355780	0	0	0	0	0.079	0.267	0	0.445	0.593
EZH2	H2AB1	9606.ENSP00000320147	9606.ENSP00000484261	0	0	0	0	0	0.143	0.500	0.130	0.594
EZH2	TFDP1	9606.ENSP00000320147	9606.ENSP00000364519	0	0	0	0	0.145	0	0.500	0.242	0.648
EZH2	H2BC3	9606.ENSP00000320147	9606.ENSP00000482674	0	0	0	0	0.064	0.140	0.500	0.230	0.648
EZH2	H2BC14	9606.ENSP00000320147	9606.ENSP00000477907	0	0	0	0	0.072	0.140	0.500	0.224	0.649
EZH2	H2BC13	9606.ENSP00000320147	9606.ENSP00000366618	0	0	0	0	0.069	0.140	0.500	0.234	0.652
EZH2	H2BC15	9606.ENSP00000320147	9606.ENSP00000483903	0	0	0	0	0.071	0.140	0.500	0.235	0.654
EZH2	H2BC4	9606.ENSP00000320147	9606.ENSP00000321744	0	0	0	0	0.067	0.140	0.500	0.241	0.655
EZH2	H2BC17	9606.ENSP00000320147	9606.ENSP00000477527	0	0	0	0	0.081	0.140	0.500	0.233	0.656
EZH2	H2BC9	9606.ENSP00000320147	9606.ENSP00000479169	0	0	0	0	0.094	0.140	0.500	0.225	0.658
EZH2	IL6	9606.ENSP00000320147	9606.ENSP00000385675	0	0	0	0	0.074	0.074	0	0.642	0.666
EZH2	GATA4	9606.ENSP00000320147	9606.ENSP00000435712	0	0	0	0	0.080	0.325	0	0.626	0.748
EZH2	PTEN	9606.ENSP00000320147	9606.ENSP00000361021	0	0	0	0	0.091	0.135	0	0.719	0.760
EZH2	FOXM1	9606.ENSP00000320147	9606.ENSP00000342307	0	0	0	0	0.345	0.312	0	0.547	0.778
EZH2	H2AC4	9606.ENSP00000320147	9606.ENSP00000483842	0	0	0	0	0	0.821	0	0.053	0.823
EZH2	H2AX	9606.ENSP00000320147	9606.ENSP00000434024	0	0	0	0	0.126	0.143	0.500	0.597	0.828
EZH2	H4C1	9606.ENSP00000320147	9606.ENSP00000479106	0	0	0	0	0.055	0.822	0	0.106	0.837
EZH2	JUN	9606.ENSP00000320147	9606.ENSP00000360266	0	0	0	0	0	0	0.500	0.717	0.852
EZH2	H2AC20	9606.ENSP00000320147	9606.ENSP00000332194	0	0	0	0	0.044	0.143	0.500	0.725	0.872
EZH2	H2AC18	9606.ENSP00000320147	9606.ENSP00000358155	0	0	0	0	0.048	0.143	0.500	0.725	0.873
EZH2	H2BC21	9606.ENSP00000320147	9606.ENSP00000358151	0	0	0	0	0.064	0.269	0.500	0.706	0.886
EZH2	H3C1	9606.ENSP00000320147	9606.ENSP00000480826	0	0	0	0	0.059	0.832	0	0.343	0.887
EZH2	H2AC6	9606.ENSP00000320147	9606.ENSP00000367022	0	0	0	0	0.042	0.821	0.500	0.053	0.908
EZH2	RELA	9606.ENSP00000320147	9606.ENSP00000384273	0	0	0	0	0.054	0.314	0	0.879	0.915
EZH2	PHC3	9606.ENSP00000320147	9606.ENSP00000420294	0	0	0	0	0.048	0.062	0.900	0.194	0.918
EZH2	H2BC12	9606.ENSP00000320147	9606.ENSP00000349430	0	0	0	0	0.084	0.820	0.500	0.230	0.928
EZH2	H2BC11	9606.ENSP00000320147	9606.ENSP00000476136	0	0	0	0	0.088	0.820	0.500	0.236	0.929
EZH2	H3C15	9606.ENSP00000320147	9606.ENSP00000385479	0	0	0	0	0.058	0.923	0	0.133	0.932
EZH2	PHC1	9606.ENSP00000320147	9606.ENSP00000437659	0	0	0	0	0.136	0.069	0.900	0.811	0.982
EZH2	MYC	9606.ENSP00000320147	9606.ENSP00000478887	0	0	0	0	0.097	0.742	0	0.940	0.984
EZH2	RING1	9606.ENSP00000320147	9606.ENSP00000363787	0	0	0	0	0	0.091	0.900	0.890	0.989
EZH2	H3-4	9606.ENSP00000320147	9606.ENSP00000355657	0	0	0	0	0.058	0.713	0	0.963	0.989
EZH2	RNF2	9606.ENSP00000320147	9606.ENSP00000356480	0	0	0	0	0.050	0.328	0.900	0.983	0.998
EZH2	RBBP7	9606.ENSP00000320147	9606.ENSP00000369424	0	0	0	0	0.085	0.903	0.900	0.995	0.999
EZH2	RBBP4	9606.ENSP00000320147	9606.ENSP00000362592	0	0	0	0	0.078	0.919	0.900	0.995	0.999
FBXW11	NFKB1	9606.ENSP00000265094	9606.ENSP00000226574	0	0	0	0	0.074	0.622	0.500	0.118	0.825
FBXW11	MDM2	9606.ENSP00000265094	9606.ENSP00000258149	0	0	0	0	0.071	0.292	0.900	0.341	0.950
FBXW11	FOXO3	9606.ENSP00000265094	9606.ENSP00000339527	0	0	0	0	0.060	0	0	0.415	0.426
FBXW11	JUN	9606.ENSP00000265094	9606.ENSP00000360266	0	0	0	0	0.049	0	0	0.471	0.475
FBXW11	UBC	9606.ENSP00000265094	9606.ENSP00000441543	0	0	0	0	0.047	0.071	0.500	0.054	0.525
FBXW11	UBB	9606.ENSP00000265094	9606.ENSP00000478771	0	0	0	0	0.046	0.071	0.500	0.068	0.532
FBXW11	UBA52	9606.ENSP00000265094	9606.ENSP00000388107	0	0	0	0	0	0	0.500	0.132	0.547
FBXW11	MAP3K5	9606.ENSP00000265094	9606.ENSP00000351908	0	0	0	0	0.049	0.516	0	0.132	0.566
FBXW11	RPS27A	9606.ENSP00000265094	9606.ENSP00000272317	0	0	0	0	0.046	0.337	0.500	0.054	0.660
FBXW11	RELA	9606.ENSP00000265094	9606.ENSP00000384273	0	0	0	0	0.064	0.510	0.500	0.069	0.758
FBXW11	RASSF5	9606.ENSP00000265094	9606.ENSP00000462099	0	0	0	0	0.048	0	0.800	0.049	0.803
FBXW11	UBE2D1	9606.ENSP00000265094	9606.ENSP00000363019	0	0	0	0	0.062	0.131	0.800	0.152	0.843
FOS	SIRT1	9606.ENSP00000306245	9606.ENSP00000212015	0	0	0	0	0.056	0.304	0	0.598	0.713
FOS	GADD45B	9606.ENSP00000306245	9606.ENSP00000215631	0	0	0	0	0.267	0	0	0.511	0.627
FOS	MAPK1	9606.ENSP00000306245	9606.ENSP00000215832	0	0	0	0	0.055	0.450	0.900	0.864	0.992
FOS	TGFB1	9606.ENSP00000306245	9606.ENSP00000221930	0	0	0	0	0	0	0	0.719	0.719
FOS	SERPINE1	9606.ENSP00000306245	9606.ENSP00000223095	0	0	0	0	0.071	0	0	0.463	0.480
FOS	NFKB1	9606.ENSP00000306245	9606.ENSP00000226574	0	0	0	0	0.045	0.053	0	0.805	0.808
FOS	MAPK14	9606.ENSP00000306245	9606.ENSP00000229795	0	0	0	0	0.067	0.256	0.900	0.814	0.985
FOS	GADD45G	9606.ENSP00000306245	9606.ENSP00000252506	0	0	0	0	0.137	0	0	0.364	0.428
FOS	KDM6B	9606.ENSP00000306245	9606.ENSP00000254846	0	0	0	0	0.080	0.094	0.750	0.255	0.824
FOS	MDM2	9606.ENSP00000306245	9606.ENSP00000258149	0	0	0	0	0	0.244	0	0.648	0.722
FOS	LMNB1	9606.ENSP00000306245	9606.ENSP00000261366	0	0	0	0	0.055	0	0	0.543	0.550
FOS	SMAD2	9606.ENSP00000306245	9606.ENSP00000262160	0	0	0	0	0	0.162	0	0.654	0.697
FOS	MAPK3	9606.ENSP00000306245	9606.ENSP00000263025	0	0	0	0	0.055	0.450	0.900	0.907	0.994
FOS	IL1A	9606.ENSP00000306245	9606.ENSP00000263339	0	0	0	0	0.090	0	0.750	0.592	0.899
FOS	PIK3CA	9606.ENSP00000306245	9606.ENSP00000263967	0	0	0	0	0	0.124	0	0.589	0.625
FOS	STAT3	9606.ENSP00000306245	9606.ENSP00000264657	0	0	0	0	0.132	0.429	0.500	0.984	0.995
FOS	RB1	9606.ENSP00000306245	9606.ENSP00000267163	0	0	0	0	0.042	0.313	0	0.321	0.514
FOS	TP53	9606.ENSP00000306245	9606.ENSP00000269305	0	0	0	0	0.053	0.230	0.500	0.884	0.952
FOS	H2BC1	9606.ENSP00000306245	9606.ENSP00000274764	0	0	0	0	0	0.072	0.500	0.148	0.570
FOS	H2BC5	9606.ENSP00000306245	9606.ENSP00000289316	0	0	0	0	0.067	0.072	0.500	0.184	0.599
FOS	IGFBP7	9606.ENSP00000306245	9606.ENSP00000295666	0	0	0	0	0.050	0	0.750	0.199	0.793
FOS	MAP2K1	9606.ENSP00000306245	9606.ENSP00000302486	0	0	0	0	0.048	0.095	0	0.629	0.652
FOS	TXN	9606.ENSP00000306245	9606.ENSP00000363641	0	0	0	0	0	0.045	0	0.403	0.405
FOS	FOXM1	9606.ENSP00000306245	9606.ENSP00000342307	0	0	0	0	0	0.088	0	0.382	0.412
FOS	MAP2K7	9606.ENSP00000306245	9606.ENSP00000381070	0	0	0	0	0	0.115	0	0.365	0.414
FOS	MAP2K6	9606.ENSP00000306245	9606.ENSP00000468348	0	0	0	0	0.053	0	0	0.406	0.414
FOS	TGFBR2	9606.ENSP00000306245	9606.ENSP00000351905	0	0	0	0	0.063	0.096	0	0.365	0.416
FOS	GATA4	9606.ENSP00000306245	9606.ENSP00000435712	0	0	0	0	0	0.071	0	0.398	0.417
FOS	MAP3K5	9606.ENSP00000306245	9606.ENSP00000351908	0	0	0	0	0.055	0	0	0.440	0.449
FOS	IFNB1	9606.ENSP00000306245	9606.ENSP00000369581	0	0	0	0	0.083	0	0	0.448	0.472
FOS	MAP2K4	9606.ENSP00000306245	9606.ENSP00000410402	0	0	0	0	0.053	0	0	0.469	0.476
FOS	UBE2C	9606.ENSP00000306245	9606.ENSP00000348838	0	0	0	0	0	0.068	0	0.461	0.476
FOS	MDM4	9606.ENSP00000306245	9606.ENSP00000356150	0	0	0	0	0.042	0.059	0	0.468	0.478
FOS	MAP2K3	9606.ENSP00000306245	9606.ENSP00000345083	0	0	0	0	0.059	0	0	0.487	0.497
FOS	MTOR	9606.ENSP00000306245	9606.ENSP00000354558	0	0	0	0	0.051	0.068	0	0.481	0.501
FOS	PIK3CD	9606.ENSP00000306245	9606.ENSP00000366563	0	0	0	0	0.043	0	0	0.511	0.512
FOS	RAF1	9606.ENSP00000306245	9606.ENSP00000401888	0	0	0	0	0	0.096	0	0.487	0.517
FOS	H2AC14	9606.ENSP00000306245	9606.ENSP00000328484	0	0	0	0	0.050	0.054	0.500	0.054	0.518
FOS	H2AC7	9606.ENSP00000306245	9606.ENSP00000341094	0	0	0	0	0.062	0.054	0.500	0	0.518
FOS	H2AB1	9606.ENSP00000306245	9606.ENSP00000484261	0	0	0	0	0.050	0.054	0.500	0.056	0.519
FOS	PIK3CB	9606.ENSP00000306245	9606.ENSP00000501150	0	0	0	0	0	0	0	0.525	0.525
FOS	RPS6KA3	9606.ENSP00000306245	9606.ENSP00000368884	0	0	0	0	0.050	0	0	0.522	0.526
FOS	H2AZ2	9606.ENSP00000306245	9606.ENSP00000308405	0	0	0	0	0	0	0.500	0.091	0.526
FOS	ID1	9606.ENSP00000306245	9606.ENSP00000365280	0	0	0	0	0.109	0	0	0.492	0.528
FOS	H2AJ	9606.ENSP00000306245	9606.ENSP00000438553	0	0	0	0	0.056	0.054	0.500	0.078	0.533
FOS	UBE2D1	9606.ENSP00000306245	9606.ENSP00000363019	0	0	0	0	0	0.311	0	0.356	0.538
FOS	H2AC6	9606.ENSP00000306245	9606.ENSP00000367022	0	0	0	0	0.070	0.054	0.500	0.091	0.547
FOS	H2BC15	9606.ENSP00000306245	9606.ENSP00000483903	0	0	0	0	0	0.072	0.500	0.138	0.565
FOS	H2BC3	9606.ENSP00000306245	9606.ENSP00000482674	0	0	0	0	0.044	0.072	0.500	0.145	0.569
FOS	H2BC17	9606.ENSP00000306245	9606.ENSP00000477527	0	0	0	0	0.042	0.072	0.500	0.145	0.569
FOS	H2BC14	9606.ENSP00000306245	9606.ENSP00000477907	0	0	0	0	0.042	0.072	0.500	0.148	0.570
FOS	H2BC13	9606.ENSP00000306245	9606.ENSP00000366618	0	0	0	0	0	0.072	0.500	0.148	0.570
FOS	H2BC9	9606.ENSP00000306245	9606.ENSP00000479169	0	0	0	0	0.049	0.072	0.500	0.146	0.572
FOS	H2BC12	9606.ENSP00000306245	9606.ENSP00000349430	0	0	0	0	0.048	0.072	0.500	0.151	0.574
FOS	H2BC11	9606.ENSP00000306245	9606.ENSP00000476136	0	0	0	0	0	0.072	0.500	0.175	0.583
FOS	H2BC4	9606.ENSP00000306245	9606.ENSP00000321744	0	0	0	0	0.049	0.072	0.500	0.177	0.588
FOS	H2AX	9606.ENSP00000306245	9606.ENSP00000434024	0	0	0	0	0.050	0.054	0.500	0.252	0.618
FOS	H3-4	9606.ENSP00000306245	9606.ENSP00000355657	0	0	0	0	0.055	0.112	0	0.591	0.627
FOS	H2AC20	9606.ENSP00000306245	9606.ENSP00000332194	0	0	0	0	0.050	0.054	0.500	0.300	0.643
FOS	H2AC18	9606.ENSP00000306245	9606.ENSP00000358155	0	0	0	0	0.082	0.054	0.500	0.305	0.658
FOS	GADD45A	9606.ENSP00000306245	9606.ENSP00000360025	0	0	0	0	0.100	0	0	0.639	0.661
FOS	FOXO3	9606.ENSP00000306245	9606.ENSP00000339527	0	0	0	0	0.044	0.094	0.400	0.461	0.682
FOS	H2BC21	9606.ENSP00000306245	9606.ENSP00000358151	0	0	0	0	0.084	0.072	0.500	0.370	0.696
FOS	PTEN	9606.ENSP00000306245	9606.ENSP00000361021	0	0	0	0	0.073	0.094	0	0.688	0.715
FOS	MAPK7	9606.ENSP00000306245	9606.ENSP00000311005	0	0	0	0	0.056	0.450	0	0.504	0.720
FOS	RPS6KA1	9606.ENSP00000306245	9606.ENSP00000435412	0	0	0	0	0.050	0	0	0.727	0.729
FOS	RPS6KA2	9606.ENSP00000306245	9606.ENSP00000422435	0	0	0	0	0.050	0.292	0	0.667	0.756
FOS	FOXO1	9606.ENSP00000306245	9606.ENSP00000368880	0	0	0	0	0.054	0.091	0.400	0.674	0.809
FOS	IL6	9606.ENSP00000306245	9606.ENSP00000385675	0	0	0	0	0.140	0	0	0.879	0.891
FOS	RELA	9606.ENSP00000306245	9606.ENSP00000384273	0	0	0	0	0.101	0.528	0	0.820	0.917
FOS	SP1	9606.ENSP00000306245	9606.ENSP00000329357	0	0	0	0	0	0.066	0.900	0.453	0.944
FOS	MAPK11	9606.ENSP00000306245	9606.ENSP00000333685	0	0	0	0	0.091	0.256	0.900	0.481	0.960
FOS	MYC	9606.ENSP00000306245	9606.ENSP00000478887	0	0	0	0	0.134	0.221	0.400	0.924	0.965
FOS	MAPK9	9606.ENSP00000306245	9606.ENSP00000394560	0	0	0	0	0	0.297	0.900	0.706	0.977
FOS	MAPK8	9606.ENSP00000306245	9606.ENSP00000378974	0	0	0	0	0	0.174	0.900	0.849	0.986
FOS	JUN	9606.ENSP00000306245	9606.ENSP00000360266	0	0	0	0	0.690	0.999	0.900	0.999	0.999
FOXM1	SIRT1	9606.ENSP00000342307	9606.ENSP00000212015	0	0	0	0	0	0.333	0	0.389	0.575
FOXM1	MYBL2	9606.ENSP00000342307	9606.ENSP00000217026	0	0	0	0	0.523	0.187	0.800	0.980	0.998
FOXM1	NFKB1	9606.ENSP00000342307	9606.ENSP00000226574	0	0	0	0	0	0.059	0	0.592	0.599
FOXM1	MDM2	9606.ENSP00000342307	9606.ENSP00000258149	0	0	0	0	0	0.044	0	0.417	0.418
FOXM1	LMNB1	9606.ENSP00000342307	9606.ENSP00000261366	0	0	0	0	0.262	0.046	0	0.254	0.429
FOXM1	PIK3CA	9606.ENSP00000342307	9606.ENSP00000263967	0	0	0	0	0	0.100	0	0.391	0.429
FOXM1	STAT3	9606.ENSP00000342307	9606.ENSP00000264657	0	0	0	0	0.056	0	0	0.891	0.893
FOXM1	RB1	9606.ENSP00000342307	9606.ENSP00000267163	0	0	0	0	0	0.510	0	0.349	0.667
FOXM1	TP53	9606.ENSP00000342307	9606.ENSP00000269305	0	0	0	0	0.100	0	0	0.776	0.790
FOXM1	LIN37	9606.ENSP00000342307	9606.ENSP00000301159	0	0	0	0	0	0.193	0.500	0.681	0.860
FOXM1	LIN9	9606.ENSP00000342307	9606.ENSP00000329102	0	0	0	0	0.084	0.178	0.500	0.752	0.894
FOXM1	SP1	9606.ENSP00000342307	9606.ENSP00000329357	0	0	0	0	0.042	0.332	0	0.316	0.525
FOXM1	FOXO3	9606.ENSP00000342307	9606.ENSP00000339527	0	0	0	0.563	0.055	0.292	0	0.310	0.498
FOXM1	LIN54	9606.ENSP00000342307	9606.ENSP00000341947	0	0	0	0	0.049	0.184	0.500	0.719	0.876
FOXM1	H3-4	9606.ENSP00000342307	9606.ENSP00000355657	0	0	0	0	0.083	0.135	0	0.434	0.512
FOXM1	PTEN	9606.ENSP00000342307	9606.ENSP00000361021	0	0	0	0	0	0.093	0	0.521	0.547
FOXM1	RELA	9606.ENSP00000342307	9606.ENSP00000384273	0	0	0	0	0.061	0.091	0	0.547	0.580
FOXM1	JUN	9606.ENSP00000342307	9606.ENSP00000360266	0	0	0	0	0.067	0.068	0	0.660	0.679
FOXM1	RBBP4	9606.ENSP00000342307	9606.ENSP00000362592	0	0	0	0	0.089	0.092	0.500	0.366	0.702
FOXM1	MYC	9606.ENSP00000342307	9606.ENSP00000478887	0	0	0	0	0.097	0.346	0	0.627	0.761
FOXM1	FZR1	9606.ENSP00000342307	9606.ENSP00000378529	0	0	0	0	0.243	0.636	0	0.207	0.763
FOXM1	LIN52	9606.ENSP00000342307	9606.ENSP00000451812	0	0	0	0	0.042	0	0.500	0.645	0.815
FOXM1	UBE2C	9606.ENSP00000342307	9606.ENSP00000348838	0	0	0	0	0.663	0.074	0	0.688	0.894
FOXO1	SIRT1	9606.ENSP00000368880	9606.ENSP00000212015	0	0	0	0	0.109	0.816	0.900	0.984	0.999
FOXO1	MAPK1	9606.ENSP00000368880	9606.ENSP00000215832	0	0	0	0	0	0.057	0.900	0.425	0.941
FOXO1	TSC2	9606.ENSP00000368880	9606.ENSP00000219476	0	0	0	0	0	0.297	0	0.781	0.840
FOXO1	TGFB1	9606.ENSP00000368880	9606.ENSP00000221930	0	0	0	0	0	0	0	0.491	0.491
FOXO1	NFKB1	9606.ENSP00000368880	9606.ENSP00000226574	0	0	0	0	0.072	0.059	0	0.695	0.710
FOXO1	MAPK14	9606.ENSP00000368880	9606.ENSP00000229795	0	0	0	0	0	0.057	0.900	0.373	0.935
FOXO1	MDM2	9606.ENSP00000368880	9606.ENSP00000258149	0	0	0	0	0	0.523	0	0.546	0.774
FOXO1	RBL2	9606.ENSP00000368880	9606.ENSP00000262133	0	0	0	0	0.068	0	0.500	0.258	0.624
FOXO1	SMAD2	9606.ENSP00000368880	9606.ENSP00000262160	0	0	0	0	0	0.076	0.900	0.755	0.975
FOXO1	RHEB	9606.ENSP00000368880	9606.ENSP00000262187	0	0	0	0	0	0.093	0	0.530	0.556
FOXO1	MAPK3	9606.ENSP00000368880	9606.ENSP00000263025	0	0	0	0	0	0.057	0.900	0.603	0.959
FOXO1	PIK3CA	9606.ENSP00000368880	9606.ENSP00000263967	0	0	0	0	0.067	0.184	0	0.669	0.726
FOXO1	STAT3	9606.ENSP00000368880	9606.ENSP00000264657	0	0	0	0	0.075	0	0.900	0.644	0.964
FOXO1	TP53	9606.ENSP00000368880	9606.ENSP00000269305	0	0	0	0	0	0	0	0.886	0.886
FOXO1	TSC1	9606.ENSP00000368880	9606.ENSP00000298552	0	0	0	0	0	0.071	0	0.452	0.469
FOXO1	SP1	9606.ENSP00000368880	9606.ENSP00000329357	0	0	0	0	0.044	0.096	0	0.607	0.630
FOXO1	MAPK11	9606.ENSP00000368880	9606.ENSP00000333685	0	0	0	0	0	0.057	0.900	0.316	0.929
FOXO1	FOXO3	9606.ENSP00000368880	9606.ENSP00000339527	0	0	0	0.895	0.073	0	0.900	0.562	0.955
FOXO1	TGFBR2	9606.ENSP00000368880	9606.ENSP00000351905	0	0	0	0	0.183	0.094	0	0.306	0.442
FOXO1	MAP3K5	9606.ENSP00000368880	9606.ENSP00000351908	0	0	0	0	0.091	0	0	0.434	0.464
FOXO1	MTOR	9606.ENSP00000368880	9606.ENSP00000354558	0	0	0	0	0	0.050	0	0.755	0.758
FOXO1	H3-4	9606.ENSP00000368880	9606.ENSP00000355657	0	0	0	0	0.056	0.135	0	0.493	0.549
FOXO1	GADD45A	9606.ENSP00000368880	9606.ENSP00000360025	0	0	0	0	0.048	0	0.500	0.431	0.705
FOXO1	JUN	9606.ENSP00000368880	9606.ENSP00000360266	0	0	0	0	0.069	0.091	0	0.773	0.792
FOXO1	PTEN	9606.ENSP00000368880	9606.ENSP00000361021	0	0	0	0	0.064	0.099	0	0.894	0.903
FOXO1	TXN	9606.ENSP00000368880	9606.ENSP00000363641	0	0	0	0	0	0	0	0.404	0.404
FOXO1	ID1	9606.ENSP00000368880	9606.ENSP00000365280	0	0	0	0	0.044	0.292	0	0.237	0.438
FOXO1	PIK3CD	9606.ENSP00000368880	9606.ENSP00000366563	0	0	0	0	0.064	0.184	0	0.515	0.597
FOXO1	SQSTM1	9606.ENSP00000368880	9606.ENSP00000374455	0	0	0	0	0	0.046	0	0.407	0.410
FOXO1	RELA	9606.ENSP00000368880	9606.ENSP00000384273	0	0	0	0	0	0.091	0	0.561	0.584
FOXO1	GATA4	9606.ENSP00000368880	9606.ENSP00000435712	0	0	0	0	0	0.080	0	0.575	0.593
FOXO1	IL6	9606.ENSP00000368880	9606.ENSP00000385675	0	0	0	0	0.051	0	0	0.733	0.736
FOXO1	MYC	9606.ENSP00000368880	9606.ENSP00000478887	0	0	0	0	0.102	0.047	0.400	0.612	0.774
FOXO1	MAPKAPK5	9606.ENSP00000368880	9606.ENSP00000449381	0	0	0	0	0	0	0.750	0.155	0.779
FOXO1	PIK3CB	9606.ENSP00000368880	9606.ENSP00000501150	0	0	0	0	0	0.184	0	0.792	0.823
FOXO1	MAPK9	9606.ENSP00000368880	9606.ENSP00000394560	0	0	0	0	0	0.099	0.900	0.352	0.936
FOXO1	MAPK8	9606.ENSP00000368880	9606.ENSP00000378974	0	0	0	0	0.049	0.099	0.900	0.498	0.951
FOXO3	SIRT1	9606.ENSP00000339527	9606.ENSP00000212015	0	0	0	0	0.060	0.774	0.900	0.964	0.999
FOXO3	MAPK1	9606.ENSP00000339527	9606.ENSP00000215832	0	0	0	0	0.147	0.303	0.900	0.461	0.963
FOXO3	TSC2	9606.ENSP00000339527	9606.ENSP00000219476	0	0	0	0	0.049	0.045	0	0.651	0.656
FOXO3	TGFB1	9606.ENSP00000339527	9606.ENSP00000221930	0	0	0	0	0	0.292	0	0.490	0.623
FOXO3	NFKB1	9606.ENSP00000339527	9606.ENSP00000226574	0	0	0	0	0.054	0.059	0	0.702	0.711
FOXO3	MAPK14	9606.ENSP00000339527	9606.ENSP00000229795	0	0	0	0	0.180	0.057	0.900	0.422	0.949
FOXO3	MDM2	9606.ENSP00000339527	9606.ENSP00000258149	0	0	0	0	0.049	0.742	0	0.982	0.995
FOXO3	LMNB1	9606.ENSP00000339527	9606.ENSP00000261366	0	0	0	0	0	0.069	0	0.387	0.405
FOXO3	RBL2	9606.ENSP00000339527	9606.ENSP00000262133	0	0	0	0	0.047	0	0.500	0.301	0.637
FOXO3	SMAD2	9606.ENSP00000339527	9606.ENSP00000262160	0	0	0	0	0.049	0.076	0.900	0.925	0.992
FOXO3	RHEB	9606.ENSP00000339527	9606.ENSP00000262187	0	0	0	0	0	0.093	0	0.531	0.556
FOXO3	MAPK3	9606.ENSP00000339527	9606.ENSP00000263025	0	0	0	0	0.082	0.057	0.900	0.604	0.961
FOXO3	PIK3CA	9606.ENSP00000339527	9606.ENSP00000263967	0	0	0	0	0.107	0.184	0	0.517	0.617
FOXO3	STAT3	9606.ENSP00000339527	9606.ENSP00000264657	0	0	0	0	0.081	0	0.900	0.787	0.978
FOXO3	RB1	9606.ENSP00000339527	9606.ENSP00000267163	0	0	0	0	0.060	0.314	0	0.284	0.497
FOXO3	TP53	9606.ENSP00000339527	9606.ENSP00000269305	0	0	0	0	0	0.776	0	0.991	0.998
FOXO3	TSC1	9606.ENSP00000339527	9606.ENSP00000298552	0	0	0	0	0.060	0.071	0	0.460	0.487
FOXO3	MAP2K1	9606.ENSP00000339527	9606.ENSP00000302486	0	0	0	0	0.049	0.045	0	0.410	0.417
FOXO3	SP1	9606.ENSP00000339527	9606.ENSP00000329357	0	0	0	0	0.106	0.096	0	0.318	0.400
FOXO3	MAPK11	9606.ENSP00000339527	9606.ENSP00000333685	0	0	0	0	0	0.057	0.900	0.312	0.929
FOXO3	TNRC6C	9606.ENSP00000339527	9606.ENSP00000336783	0	0	0	0	0.081	0	0.400	0.055	0.433
FOXO3	MOV10	9606.ENSP00000339527	9606.ENSP00000399797	0	0	0	0	0	0	0.400	0	0.400
FOXO3	RBL1	9606.ENSP00000339527	9606.ENSP00000362768	0	0	0	0	0	0.421	0	0.060	0.432
FOXO3	TNRC6B	9606.ENSP00000339527	9606.ENSP00000401946	0	0	0	0	0.082	0	0.400	0.058	0.435
FOXO3	TNRC6A	9606.ENSP00000339527	9606.ENSP00000379144	0	0	0	0	0.056	0	0.400	0.132	0.465
FOXO3	MAP2K3	9606.ENSP00000339527	9606.ENSP00000345083	0	0	0	0	0.253	0	0	0.322	0.472
FOXO3	TXN	9606.ENSP00000339527	9606.ENSP00000363641	0	0	0	0	0	0	0	0.474	0.474
FOXO3	H2AX	9606.ENSP00000339527	9606.ENSP00000434024	0	0	0	0	0	0.297	0	0.305	0.491
FOXO3	SQSTM1	9606.ENSP00000339527	9606.ENSP00000374455	0	0	0	0	0.047	0.046	0	0.511	0.516
FOXO3	PIK3CD	9606.ENSP00000339527	9606.ENSP00000366563	0	0	0	0	0.043	0.184	0	0.439	0.523
FOXO3	LIN54	9606.ENSP00000339527	9606.ENSP00000341947	0	0	0	0	0.049	0	0.540	0.043	0.544
FOXO3	H3-4	9606.ENSP00000339527	9606.ENSP00000355657	0	0	0	0	0.056	0.135	0	0.493	0.549
FOXO3	IL6	9606.ENSP00000339527	9606.ENSP00000385675	0	0	0	0	0.051	0	0	0.577	0.581
FOXO3	RELA	9606.ENSP00000339527	9606.ENSP00000384273	0	0	0	0	0.055	0.091	0	0.654	0.677
FOXO3	MAP3K5	9606.ENSP00000339527	9606.ENSP00000351908	0	0	0	0	0.065	0	0	0.680	0.688
FOXO3	PIK3CB	9606.ENSP00000339527	9606.ENSP00000501150	0	0	0	0	0.095	0.184	0	0.628	0.701
FOXO3	MTOR	9606.ENSP00000339527	9606.ENSP00000354558	0	0	0	0	0.049	0.050	0	0.743	0.747
FOXO3	GADD45A	9606.ENSP00000339527	9606.ENSP00000360025	0	0	0	0	0.074	0	0.500	0.509	0.752
FOXO3	JUN	9606.ENSP00000339527	9606.ENSP00000360266	0	0	0	0	0.067	0.094	0	0.753	0.773
FOXO3	MAPKAPK5	9606.ENSP00000339527	9606.ENSP00000449381	0	0	0	0	0.060	0	0.750	0.229	0.802
FOXO3	KAT5	9606.ENSP00000339527	9606.ENSP00000340330	0	0	0	0	0.052	0.064	0	0.823	0.829
FOXO3	PTEN	9606.ENSP00000339527	9606.ENSP00000361021	0	0	0	0	0.061	0.099	0	0.840	0.853
FOXO3	MYC	9606.ENSP00000339527	9606.ENSP00000478887	0	0	0	0	0.084	0.299	0.540	0.624	0.874
FOXO3	MAPK9	9606.ENSP00000339527	9606.ENSP00000394560	0	0	0	0	0.074	0.099	0.900	0.384	0.941
FOXO3	MAPK8	9606.ENSP00000339527	9606.ENSP00000378974	0	0	0	0	0.060	0.099	0.900	0.525	0.954
FOXO3	ID1	9606.ENSP00000339527	9606.ENSP00000365280	0	0	0	0	0.042	0	0	0.989	0.989
FZR1	NFKB1	9606.ENSP00000378529	9606.ENSP00000226574	0	0	0	0	0.060	0.099	0.500	0.091	0.563
FZR1	PHC2	9606.ENSP00000378529	9606.ENSP00000257118	0	0	0	0	0.082	0.049	0.540	0.042	0.563
FZR1	UBE2S	9606.ENSP00000378529	9606.ENSP00000264552	0	0	0	0	0.104	0.957	0.540	0.399	0.988
FZR1	RB1	9606.ENSP00000378529	9606.ENSP00000267163	0	0	0	0	0.082	0.516	0.700	0.272	0.890
FZR1	TP53	9606.ENSP00000378529	9606.ENSP00000269305	0	0	0	0	0.057	0.317	0	0.253	0.476
FZR1	RPS27A	9606.ENSP00000378529	9606.ENSP00000272317	0	0	0	0	0	0.129	0.500	0.065	0.557
FZR1	UBE2E1	9606.ENSP00000378529	9606.ENSP00000303709	0	0	0	0	0.099	0.094	0.500	0.116	0.591
FZR1	UBE2C	9606.ENSP00000378529	9606.ENSP00000348838	0	0	0	0	0.385	0.946	0.540	0.509	0.991
FZR1	RNF2	9606.ENSP00000378529	9606.ENSP00000356480	0	0	0	0	0	0.058	0.540	0	0.548
FZR1	PTEN	9606.ENSP00000378529	9606.ENSP00000361021	0	0	0	0	0.100	0.537	0	0.494	0.771
FZR1	UBE2D1	9606.ENSP00000378529	9606.ENSP00000363019	0	0	0	0	0.082	0.341	0.500	0.191	0.722
FZR1	RING1	9606.ENSP00000378529	9606.ENSP00000363787	0	0	0	0	0.086	0.058	0.540	0.069	0.581
FZR1	IL6	9606.ENSP00000378529	9606.ENSP00000385675	0	0	0	0	0	0	0.400	0	0.400
FZR1	PHC1	9606.ENSP00000378529	9606.ENSP00000437659	0	0	0	0	0.055	0	0.540	0	0.546
FZR1	RELA	9606.ENSP00000378529	9606.ENSP00000384273	0	0	0	0	0.099	0.082	0.500	0.047	0.553
FZR1	PHC3	9606.ENSP00000378529	9606.ENSP00000420294	0	0	0	0	0	0.049	0.540	0.138	0.590
FZR1	UBA52	9606.ENSP00000378529	9606.ENSP00000388107	0	0	0	0	0.055	0.188	0.500	0.111	0.614
FZR1	UBC	9606.ENSP00000378529	9606.ENSP00000441543	0	0	0	0	0	0.818	0.500	0.100	0.911
FZR1	UBB	9606.ENSP00000378529	9606.ENSP00000478771	0	0	0	0	0	0.823	0.500	0.100	0.913
GADD45A	SIRT1	9606.ENSP00000360025	9606.ENSP00000212015	0	0	0	0	0	0	0	0.575	0.575
GADD45A	GADD45B	9606.ENSP00000360025	9606.ENSP00000215631	0	0	0.061	0.950	0.258	0.292	0.900	0.413	0.965
GADD45A	MAPK1	9606.ENSP00000360025	9606.ENSP00000215832	0	0	0	0	0.042	0.292	0	0.196	0.407
GADD45A	SERPINE1	9606.ENSP00000360025	9606.ENSP00000223095	0	0	0	0	0.127	0	0	0.375	0.431
GADD45A	NFKB1	9606.ENSP00000360025	9606.ENSP00000226574	0	0	0	0	0.055	0	0	0.400	0.408
GADD45A	MAPK14	9606.ENSP00000360025	9606.ENSP00000229795	0	0	0	0	0	0	0	0.669	0.669
GADD45A	GADD45G	9606.ENSP00000360025	9606.ENSP00000252506	0	0	0.063	0.947	0.135	0.292	0.900	0.404	0.959
GADD45A	MDM2	9606.ENSP00000360025	9606.ENSP00000258149	0	0	0	0	0.042	0.292	0	0.797	0.850
GADD45A	IL1A	9606.ENSP00000360025	9606.ENSP00000263339	0	0	0	0	0.048	0	0	0.563	0.566
GADD45A	STAT3	9606.ENSP00000360025	9606.ENSP00000264657	0	0	0	0	0.060	0.292	0	0.351	0.530
GADD45A	TP53	9606.ENSP00000360025	9606.ENSP00000269305	0	0	0	0	0	0.069	0.900	0.913	0.991
GADD45A	MTOR	9606.ENSP00000360025	9606.ENSP00000354558	0	0	0	0	0	0.292	0	0.253	0.448
GADD45A	H3-4	9606.ENSP00000360025	9606.ENSP00000355657	0	0	0	0	0	0	0	0.534	0.534
GADD45A	PTEN	9606.ENSP00000360025	9606.ENSP00000361021	0	0	0	0	0.049	0	0	0.418	0.422
GADD45A	IGFBP3	9606.ENSP00000360025	9606.ENSP00000370473	0	0	0	0	0.062	0	0	0.419	0.431
GADD45A	SQSTM1	9606.ENSP00000360025	9606.ENSP00000374455	0	0	0	0	0.049	0	0	0.481	0.485
GADD45A	MYC	9606.ENSP00000360025	9606.ENSP00000478887	0	0	0	0	0.082	0	0	0.541	0.560
GADD45A	H2AX	9606.ENSP00000360025	9606.ENSP00000434024	0	0	0	0	0	0	0	0.576	0.576
GADD45A	MAP2K7	9606.ENSP00000360025	9606.ENSP00000381070	0	0	0	0	0	0	0	0.581	0.581
GADD45A	JUN	9606.ENSP00000360025	9606.ENSP00000360266	0	0	0	0	0.219	0	0	0.541	0.626
GADD45A	IL6	9606.ENSP00000360025	9606.ENSP00000385675	0	0	0	0	0.101	0	0	0.612	0.636
GADD45A	MAP2K6	9606.ENSP00000360025	9606.ENSP00000468348	0	0	0	0	0	0.591	0	0.228	0.670
GADD45B	MYC	9606.ENSP00000215631	9606.ENSP00000478887	0	0	0	0	0.062	0	0	0.396	0.409
GADD45B	NFKB1	9606.ENSP00000215631	9606.ENSP00000226574	0	0	0	0	0.121	0	0	0.358	0.411
GADD45B	SQSTM1	9606.ENSP00000215631	9606.ENSP00000374455	0	0	0	0	0.062	0	0	0.443	0.455
GADD45B	MAP3K5	9606.ENSP00000215631	9606.ENSP00000351908	0	0	0	0	0.067	0.292	0	0.272	0.477
GADD45B	MAPK14	9606.ENSP00000215631	9606.ENSP00000229795	0	0	0	0	0	0	0	0.497	0.497
GADD45B	RELA	9606.ENSP00000215631	9606.ENSP00000384273	0	0	0	0	0.092	0	0	0.520	0.546
GADD45B	STAT3	9606.ENSP00000215631	9606.ENSP00000264657	0	0	0	0	0.080	0	0	0.553	0.571
GADD45B	MAPK8	9606.ENSP00000215631	9606.ENSP00000378974	0	0	0	0	0	0	0	0.598	0.598
GADD45B	IL6	9606.ENSP00000215631	9606.ENSP00000385675	0	0	0	0	0.261	0	0	0.594	0.687
GADD45B	JUN	9606.ENSP00000215631	9606.ENSP00000360266	0	0	0	0	0.453	0	0	0.478	0.702
GADD45B	GADD45G	9606.ENSP00000215631	9606.ENSP00000252506	0	0	0.056	0.946	0.280	0	0.900	0.416	0.955
GADD45B	TP53	9606.ENSP00000215631	9606.ENSP00000269305	0	0	0	0	0	0	0.900	0.660	0.964
GADD45B	MAP2K7	9606.ENSP00000215631	9606.ENSP00000381070	0	0	0	0	0.049	0.625	0	0.946	0.979
GADD45G	MAPK14	9606.ENSP00000252506	9606.ENSP00000229795	0	0	0	0	0.042	0	0	0.522	0.522
GADD45G	MAP2K6	9606.ENSP00000252506	9606.ENSP00000468348	0	0	0	0	0	0.230	0	0.275	0.418
GADD45G	JUN	9606.ENSP00000252506	9606.ENSP00000360266	0	0	0	0	0.168	0	0	0.352	0.437
GADD45G	STAT3	9606.ENSP00000252506	9606.ENSP00000264657	0	0	0	0	0.044	0	0	0.521	0.522
GADD45G	IL6	9606.ENSP00000252506	9606.ENSP00000385675	0	0	0	0	0.049	0	0	0.522	0.525
GADD45G	MAPK8	9606.ENSP00000252506	9606.ENSP00000378974	0	0	0	0	0	0	0	0.537	0.537
GADD45G	TP53	9606.ENSP00000252506	9606.ENSP00000269305	0	0	0	0	0	0	0.900	0.400	0.937
GATA4	MAPK1	9606.ENSP00000435712	9606.ENSP00000215832	0	0	0	0	0.055	0.328	0	0.290	0.510
GATA4	TGFB1	9606.ENSP00000435712	9606.ENSP00000221930	0	0	0	0	0.067	0.046	0	0.437	0.455
GATA4	SMAD2	9606.ENSP00000435712	9606.ENSP00000262160	0	0	0	0	0.055	0.095	0	0.413	0.455
GATA4	MAPK3	9606.ENSP00000435712	9606.ENSP00000263025	0	0	0	0	0.055	0.091	0	0.447	0.483
GATA4	STAT3	9606.ENSP00000435712	9606.ENSP00000264657	0	0	0	0	0.067	0	0	0.469	0.483
GATA4	TP53	9606.ENSP00000435712	9606.ENSP00000269305	0	0	0	0	0.076	0	0	0.501	0.519
GATA4	SUZ12	9606.ENSP00000435712	9606.ENSP00000316578	0	0	0	0	0	0.292	0	0.405	0.561
GATA4	SP1	9606.ENSP00000435712	9606.ENSP00000329357	0	0	0	0	0	0.535	0	0.297	0.659
GATA4	MTOR	9606.ENSP00000435712	9606.ENSP00000354558	0	0	0	0	0	0.252	0	0.389	0.523
GATA4	H3-4	9606.ENSP00000435712	9606.ENSP00000355657	0	0	0	0	0.042	0.094	0	0.504	0.532
GATA4	RNF2	9606.ENSP00000435712	9606.ENSP00000356480	0	0	0	0	0	0.345	0	0.266	0.499
GATA4	JUN	9606.ENSP00000435712	9606.ENSP00000360266	0	0	0	0	0	0.118	0	0.664	0.691
GATA4	ID1	9606.ENSP00000435712	9606.ENSP00000365280	0	0	0	0	0.051	0.306	0	0.249	0.463
GATA4	SQSTM1	9606.ENSP00000435712	9606.ENSP00000374455	0	0	0	0	0	0.095	0.900	0.489	0.949
GATA4	HIPK2	9606.ENSP00000435712	9606.ENSP00000385571	0	0	0	0	0	0.091	0.500	0.138	0.574
GATA4	HIPK1	9606.ENSP00000435712	9606.ENSP00000407442	0	0	0	0	0	0.091	0.500	0.164	0.587
GATA4	MYC	9606.ENSP00000435712	9606.ENSP00000478887	0	0	0	0	0.094	0.051	0	0.561	0.589
H1-0	SIRT1	9606.ENSP00000344504	9606.ENSP00000212015	0	0	0	0	0.047	0.072	0	0.674	0.686
H1-0	H1-3	9606.ENSP00000344504	9606.ENSP00000244534	0	0	0	0.751	0.055	0	0.400	0.238	0.530
H1-0	H1-1	9606.ENSP00000344504	9606.ENSP00000244573	0	0	0	0.775	0.055	0	0.400	0.227	0.523
H1-0	LMNB1	9606.ENSP00000344504	9606.ENSP00000261366	0	0	0	0	0.058	0	0.400	0.412	0.638
H1-0	UBN1	9606.ENSP00000344504	9606.ENSP00000262376	0	0	0	0	0.087	0	0.500	0.159	0.582
H1-0	HIRA	9606.ENSP00000344504	9606.ENSP00000263208	0	0	0	0	0.059	0	0.500	0.263	0.623
H1-0	STAT3	9606.ENSP00000344504	9606.ENSP00000264657	0	0	0	0	0.043	0	0	0.419	0.420
H1-0	RB1	9606.ENSP00000344504	9606.ENSP00000267163	0	0	0	0	0	0	0.400	0.266	0.540
H1-0	TP53	9606.ENSP00000344504	9606.ENSP00000269305	0	0	0	0	0.049	0.143	0.400	0.507	0.726
H1-0	H2BC1	9606.ENSP00000344504	9606.ENSP00000274764	0	0	0	0	0.109	0.132	0	0.577	0.644
H1-0	H2BC5	9606.ENSP00000344504	9606.ENSP00000289316	0	0	0	0	0.127	0.132	0	0.520	0.604
H1-0	H1-4	9606.ENSP00000344504	9606.ENSP00000307705	0	0	0	0.781	0.061	0.164	0.400	0.428	0.694
H1-0	H2AZ2	9606.ENSP00000344504	9606.ENSP00000308405	0	0	0	0	0.081	0.299	0	0.506	0.654
H1-0	SUZ12	9606.ENSP00000344504	9606.ENSP00000316578	0	0	0	0	0.042	0.221	0	0.312	0.441
H1-0	H2BC4	9606.ENSP00000344504	9606.ENSP00000321744	0	0	0	0	0.114	0.132	0	0.544	0.619
H1-0	H2AC14	9606.ENSP00000344504	9606.ENSP00000328484	0	0	0	0	0.069	0.375	0	0.120	0.444
H1-0	H1-5	9606.ENSP00000344504	9606.ENSP00000330074	0	0	0	0.781	0.055	0.164	0.400	0.223	0.582
H1-0	H2AC20	9606.ENSP00000344504	9606.ENSP00000332194	0	0	0	0	0.067	0.136	0	0.995	0.995
H1-0	H1-2	9606.ENSP00000344504	9606.ENSP00000339566	0	0	0	0.787	0.073	0.164	0.400	0.219	0.588
H1-0	KAT5	9606.ENSP00000344504	9606.ENSP00000340330	0	0	0	0	0	0.067	0	0.417	0.433
H1-0	H3-3A	9606.ENSP00000344504	9606.ENSP00000355780	0	0	0	0	0.065	0.199	0	0.307	0.436
H1-0	H2AJ	9606.ENSP00000344504	9606.ENSP00000438553	0	0	0	0	0.108	0.283	0	0.201	0.445
H1-0	MYC	9606.ENSP00000344504	9606.ENSP00000478887	0	0	0	0	0.074	0.177	0	0.448	0.542
H1-0	H2AB1	9606.ENSP00000344504	9606.ENSP00000484261	0	0	0	0	0.067	0.136	0	0.481	0.545
H1-0	H2BC13	9606.ENSP00000344504	9606.ENSP00000366618	0	0	0	0	0.109	0.132	0	0.520	0.596
H1-0	H2BC3	9606.ENSP00000344504	9606.ENSP00000482674	0	0	0	0	0.109	0.132	0	0.520	0.596
H1-0	H2BC15	9606.ENSP00000344504	9606.ENSP00000483903	0	0	0	0	0.111	0.132	0	0.520	0.597
H1-0	HMGA1	9606.ENSP00000344504	9606.ENSP00000399888	0	0	0	0	0.054	0.197	0	0.544	0.623
H1-0	H2BC17	9606.ENSP00000344504	9606.ENSP00000477527	0	0	0	0	0.130	0.132	0	0.544	0.625
H1-0	H2AX	9606.ENSP00000344504	9606.ENSP00000434024	0	0	0	0	0.079	0.136	0	0.597	0.651
H1-0	H2BC9	9606.ENSP00000344504	9606.ENSP00000479169	0	0	0	0	0.122	0.243	0	0.520	0.653
H1-0	H3-4	9606.ENSP00000344504	9606.ENSP00000355657	0	0	0	0	0.065	0.301	0	0.737	0.813
H1-0	H2AC4	9606.ENSP00000344504	9606.ENSP00000483842	0	0	0	0	0.067	0.819	0	0.154	0.845
H1-0	H3C15	9606.ENSP00000344504	9606.ENSP00000385479	0	0	0	0	0.065	0.832	0	0.116	0.849
H1-0	H4C1	9606.ENSP00000344504	9606.ENSP00000479106	0	0	0	0	0.111	0.849	0	0.322	0.901
H1-0	H3C1	9606.ENSP00000344504	9606.ENSP00000480826	0	0	0	0	0.065	0.899	0	0.167	0.915
H1-0	H2BC14	9606.ENSP00000344504	9606.ENSP00000477907	0	0	0	0	0.109	0.818	0	0.520	0.915
H1-0	H2BC12	9606.ENSP00000344504	9606.ENSP00000349430	0	0	0	0	0.122	0.818	0	0.519	0.916
H1-0	H2BC11	9606.ENSP00000344504	9606.ENSP00000476136	0	0	0	0	0.122	0.818	0	0.538	0.920
H1-0	H2AC18	9606.ENSP00000344504	9606.ENSP00000358155	0	0	0	0	0.088	0.136	0	0.995	0.995
H1-0	H2BC21	9606.ENSP00000344504	9606.ENSP00000358151	0	0	0	0	0.148	0.298	0	0.994	0.996
H1-1	H1-3	9606.ENSP00000244573	9606.ENSP00000244534	0	0	0.064	0.951	0.186	0.165	0.400	0.404	0.731
H1-1	RB1	9606.ENSP00000244573	9606.ENSP00000267163	0	0	0	0	0	0	0.400	0.049	0.405
H1-1	H2BC1	9606.ENSP00000244573	9606.ENSP00000274764	0	0.005	0	0	0.104	0.116	0	0.309	0.406
H1-1	H2BC14	9606.ENSP00000244573	9606.ENSP00000477907	0	0.005	0	0	0.197	0.116	0	0.258	0.428
H1-1	H2BC4	9606.ENSP00000244573	9606.ENSP00000321744	0	0.005	0	0	0.132	0.116	0	0.319	0.432
H1-1	H2BC17	9606.ENSP00000244573	9606.ENSP00000477527	0	0.005	0	0	0.135	0.116	0	0.318	0.433
H1-1	H2BC5	9606.ENSP00000244573	9606.ENSP00000289316	0	0.005	0	0	0.123	0.116	0	0.335	0.440
H1-1	LMNB1	9606.ENSP00000244573	9606.ENSP00000261366	0	0	0	0	0.053	0	0.400	0.109	0.450
H1-1	TP53	9606.ENSP00000244573	9606.ENSP00000269305	0	0	0	0	0.049	0	0.400	0.153	0.474
H1-1	UBN1	9606.ENSP00000244573	9606.ENSP00000262376	0	0	0	0	0	0	0.500	0	0.499
H1-1	HIRA	9606.ENSP00000244573	9606.ENSP00000263208	0	0	0	0	0	0	0.500	0	0.499
H1-1	H2BC9	9606.ENSP00000244573	9606.ENSP00000479169	0	0.005	0	0	0.143	0.229	0	0.316	0.509
H1-1	H1-4	9606.ENSP00000244573	9606.ENSP00000307705	0	0	0.059	0.961	0.184	0	0.400	0.077	0.518
H1-1	H2BC3	9606.ENSP00000244573	9606.ENSP00000482674	0	0.005	0	0	0.194	0.116	0	0.506	0.618
H1-1	H2AC4	9606.ENSP00000244573	9606.ENSP00000483842	0	0.002	0	0	0.182	0.136	0	0.539	0.646
H1-1	H3-4	9606.ENSP00000244573	9606.ENSP00000355657	0	0	0	0	0.103	0.249	0	0.562	0.679
H1-1	H1-2	9606.ENSP00000244573	9606.ENSP00000339566	0	0	0.063	0.953	0.063	0.164	0.400	0.388	0.681
H1-1	H3C1	9606.ENSP00000244573	9606.ENSP00000480826	0	0	0	0	0.160	0.532	0	0.336	0.716
H1-1	H4C1	9606.ENSP00000244573	9606.ENSP00000479106	0	0	0	0	0.150	0.172	0	0.691	0.764
H1-1	H1-5	9606.ENSP00000244573	9606.ENSP00000330074	0	0	0.066	0.948	0.338	0.164	0.400	0.851	0.945
H1-1	H2BC21	9606.ENSP00000244573	9606.ENSP00000358151	0	0.005	0	0	0.104	0.229	0	0.982	0.987
H1-1	H2AC18	9606.ENSP00000244573	9606.ENSP00000358155	0	0.002	0	0	0.079	0.136	0	0.994	0.994
H1-1	H2AC20	9606.ENSP00000244573	9606.ENSP00000332194	0	0.002	0	0	0.119	0.246	0	0.994	0.995
H1-2	H1-3	9606.ENSP00000339566	9606.ENSP00000244534	0	0	0.053	0.974	0.190	0.165	0.400	0.622	0.828
H1-2	LMNB1	9606.ENSP00000339566	9606.ENSP00000261366	0	0	0	0	0.067	0.190	0.400	0.465	0.725
H1-2	UBN1	9606.ENSP00000339566	9606.ENSP00000262376	0	0	0	0	0.060	0	0.500	0	0.509
H1-2	HIRA	9606.ENSP00000339566	9606.ENSP00000263208	0	0	0	0	0.044	0	0.500	0.060	0.511
H1-2	RB1	9606.ENSP00000339566	9606.ENSP00000267163	0	0	0	0	0.042	0	0.400	0.070	0.419
H1-2	TP53	9606.ENSP00000339566	9606.ENSP00000269305	0	0	0	0	0.049	0.164	0.400	0.308	0.625
H1-2	H2BC1	9606.ENSP00000339566	9606.ENSP00000274764	0	0.006	0	0	0.104	0.116	0	0.322	0.416
H1-2	H2BC5	9606.ENSP00000339566	9606.ENSP00000289316	0	0.007	0	0	0.789	0.116	0	0.459	0.890
H1-2	H1-4	9606.ENSP00000339566	9606.ENSP00000307705	0	0	0.051	0.979	0.253	0.164	0.400	0.586	0.826
H1-2	H2BC4	9606.ENSP00000339566	9606.ENSP00000321744	0	0.007	0	0	0.778	0.116	0	0.423	0.877
H1-2	H2AC14	9606.ENSP00000339566	9606.ENSP00000328484	0	0.002	0	0	0.260	0.246	0	0.109	0.461
H1-2	H1-5	9606.ENSP00000339566	9606.ENSP00000330074	0	0	0.055	0.970	0.122	0.164	0.400	0.400	0.704
H1-2	H2AC20	9606.ENSP00000339566	9606.ENSP00000332194	0	0.002	0	0	0.131	0.136	0	0.772	0.814
H1-2	H2AC4	9606.ENSP00000339566	9606.ENSP00000483842	0	0.002	0	0	0.182	0.136	0	0.223	0.404
H1-2	TXN	9606.ENSP00000339566	9606.ENSP00000363641	0	0	0	0	0.072	0.049	0	0.389	0.413
H1-2	H2BC15	9606.ENSP00000339566	9606.ENSP00000483903	0	0.007	0	0	0.217	0.116	0	0.304	0.477
H1-2	H2BC14	9606.ENSP00000339566	9606.ENSP00000477907	0	0.007	0	0	0.267	0.116	0	0.291	0.501
H1-2	H2BC13	9606.ENSP00000339566	9606.ENSP00000366618	0	0.007	0	0	0.253	0.116	0	0.307	0.503
H1-2	H2AX	9606.ENSP00000339566	9606.ENSP00000434024	0	0.002	0	0	0.096	0.253	0	0.377	0.542
H1-2	H3-4	9606.ENSP00000339566	9606.ENSP00000355657	0	0	0	0	0.075	0.249	0	0.417	0.560
H1-2	H2BC11	9606.ENSP00000339566	9606.ENSP00000476136	0	0.007	0	0	0.374	0.116	0	0.332	0.598
H1-2	H2BC17	9606.ENSP00000339566	9606.ENSP00000477527	0	0.007	0	0	0.370	0.116	0	0.351	0.607
H1-2	H3C1	9606.ENSP00000339566	9606.ENSP00000480826	0	0	0	0	0.142	0.305	0	0.411	0.618
H1-2	H4C1	9606.ENSP00000339566	9606.ENSP00000479106	0	0	0	0	0.152	0.172	0	0.540	0.649
H1-2	H2BC3	9606.ENSP00000339566	9606.ENSP00000482674	0	0.007	0	0	0.280	0.347	0	0.334	0.660
H1-2	H2AC7	9606.ENSP00000339566	9606.ENSP00000341094	0	0.002	0	0	0.444	0.284	0	0.250	0.676
H1-2	H2BC9	9606.ENSP00000339566	9606.ENSP00000479169	0	0.007	0	0	0.649	0.229	0	0.292	0.792
H1-2	H2AC6	9606.ENSP00000339566	9606.ENSP00000367022	0	0.002	0	0	0.770	0.136	0	0.397	0.870
H1-2	H2BC12	9606.ENSP00000339566	9606.ENSP00000349430	0	0.007	0	0	0.786	0.116	0	0.397	0.876
H1-2	H2BC21	9606.ENSP00000339566	9606.ENSP00000358151	0	0.007	0	0	0.650	0.300	0	0.732	0.928
H1-2	H2AC18	9606.ENSP00000339566	9606.ENSP00000358155	0	0.002	0	0	0.781	0.136	0	0.773	0.953
H1-3	RB1	9606.ENSP00000244534	9606.ENSP00000267163	0	0	0	0	0.042	0	0.400	0.062	0.414
H1-3	H3-4	9606.ENSP00000244534	9606.ENSP00000355657	0	0	0	0	0.075	0.139	0	0.338	0.427
H1-3	H2AC6	9606.ENSP00000244534	9606.ENSP00000367022	0	0.002	0	0	0.100	0.136	0	0.324	0.428
H1-3	H2BC13	9606.ENSP00000244534	9606.ENSP00000366618	0	0.006	0	0	0.261	0.116	0	0.203	0.434
H1-3	H2BC12	9606.ENSP00000244534	9606.ENSP00000349430	0	0.006	0	0	0.143	0.116	0	0.326	0.445
H1-3	H2AC4	9606.ENSP00000244534	9606.ENSP00000483842	0	0.002	0	0	0.272	0.136	0	0.192	0.448
H1-3	HIRA	9606.ENSP00000244534	9606.ENSP00000263208	0	0	0	0	0	0	0.500	0	0.499
H1-3	UBN1	9606.ENSP00000244534	9606.ENSP00000262376	0	0	0	0	0.042	0	0.500	0	0.500
H1-3	H2BC4	9606.ENSP00000244534	9606.ENSP00000321744	0	0.006	0	0	0.195	0.116	0	0.376	0.517
H1-3	H2BC17	9606.ENSP00000244534	9606.ENSP00000477527	0	0.006	0	0	0.294	0.116	0	0.295	0.521
H1-3	H2BC3	9606.ENSP00000244534	9606.ENSP00000482674	0	0.006	0	0	0.309	0.116	0	0.284	0.525
H1-3	H2BC14	9606.ENSP00000244534	9606.ENSP00000477907	0	0.006	0	0	0.366	0.116	0	0.225	0.528
H1-3	H2BC5	9606.ENSP00000244534	9606.ENSP00000289316	0	0.006	0	0	0.190	0.116	0	0.395	0.530
H1-3	H3C1	9606.ENSP00000244534	9606.ENSP00000480826	0	0	0	0	0.319	0.139	0	0.277	0.539
H1-3	LMNB1	9606.ENSP00000244534	9606.ENSP00000261366	0	0	0	0	0.061	0.190	0.400	0.125	0.548
H1-3	H2AC14	9606.ENSP00000244534	9606.ENSP00000328484	0	0.002	0	0	0.434	0.136	0	0.155	0.551
H1-3	H2AC7	9606.ENSP00000244534	9606.ENSP00000341094	0	0.002	0	0	0.357	0.136	0	0.271	0.560
H1-3	TP53	9606.ENSP00000244534	9606.ENSP00000269305	0	0	0	0	0.049	0.163	0.400	0.203	0.568
H1-3	H2BC9	9606.ENSP00000244534	9606.ENSP00000479169	0	0.006	0	0	0.295	0.116	0	0.467	0.639
H1-3	H4C1	9606.ENSP00000244534	9606.ENSP00000479106	0	0	0	0	0.199	0.172	0	0.534	0.664
H1-3	H2AC18	9606.ENSP00000244534	9606.ENSP00000358155	0	0.002	0	0	0.119	0.136	0	0.771	0.810
H1-3	H2BC21	9606.ENSP00000244534	9606.ENSP00000358151	0	0.006	0	0	0.128	0.248	0	0.751	0.822
H1-3	H2AC20	9606.ENSP00000244534	9606.ENSP00000332194	0	0.002	0	0	0.190	0.136	0	0.772	0.826
H1-3	H1-5	9606.ENSP00000244534	9606.ENSP00000330074	0	0	0.055	0.970	0.724	0.165	0.400	0.426	0.911
H1-3	H1-4	9606.ENSP00000244534	9606.ENSP00000307705	0	0	0.051	0.978	0.781	0.165	0.400	0.594	0.950
H1-4	SIRT1	9606.ENSP00000307705	9606.ENSP00000212015	0	0	0	0	0	0.063	0	0.500	0.511
H1-4	LMNB1	9606.ENSP00000307705	9606.ENSP00000261366	0	0	0	0	0.066	0	0.400	0.201	0.513
H1-4	UBN1	9606.ENSP00000307705	9606.ENSP00000262376	0	0	0	0	0.049	0	0.500	0	0.504
H1-4	MAPK3	9606.ENSP00000307705	9606.ENSP00000263025	0	0	0	0	0.044	0	0	0.409	0.411
H1-4	HIRA	9606.ENSP00000307705	9606.ENSP00000263208	0	0	0	0	0	0	0.500	0.105	0.533
H1-4	RB1	9606.ENSP00000307705	9606.ENSP00000267163	0	0	0	0	0	0	0.400	0.049	0.405
H1-4	TP53	9606.ENSP00000307705	9606.ENSP00000269305	0	0	0	0	0.049	0	0.400	0.301	0.566
H1-4	H2BC1	9606.ENSP00000307705	9606.ENSP00000274764	0	0.006	0	0	0.104	0.116	0	0.517	0.584
H1-4	H2BC5	9606.ENSP00000307705	9606.ENSP00000289316	0	0.007	0	0	0.217	0.116	0	0.416	0.561
H1-4	H2AZ2	9606.ENSP00000307705	9606.ENSP00000308405	0	0	0	0	0.088	0.187	0	0.272	0.413
H1-4	H2BC15	9606.ENSP00000307705	9606.ENSP00000483903	0	0.007	0	0	0.294	0.116	0	0.230	0.478
H1-4	H2BC13	9606.ENSP00000307705	9606.ENSP00000366618	0	0.007	0	0	0.298	0.116	0	0.236	0.485
H1-4	H2BC4	9606.ENSP00000307705	9606.ENSP00000321744	0	0.007	0	0	0.236	0.116	0	0.378	0.543
H1-4	H2AC7	9606.ENSP00000307705	9606.ENSP00000341094	0	0.002	0	0	0.357	0.136	0	0.275	0.562
H1-4	H2BC9	9606.ENSP00000307705	9606.ENSP00000479169	0	0.007	0	0	0.290	0.229	0	0.280	0.572
H1-4	H2BC17	9606.ENSP00000307705	9606.ENSP00000477527	0	0.007	0	0	0.379	0.116	0	0.285	0.574
H1-4	H3-4	9606.ENSP00000307705	9606.ENSP00000355657	0	0	0	0	0.092	0.249	0	0.445	0.588
H1-4	H2BC3	9606.ENSP00000307705	9606.ENSP00000482674	0	0.007	0	0	0.460	0.116	0	0.257	0.615
H1-4	H2BC14	9606.ENSP00000307705	9606.ENSP00000477907	0	0.007	0	0	0.512	0.116	0	0.290	0.667
H1-4	H2AC14	9606.ENSP00000307705	9606.ENSP00000328484	0	0.002	0	0	0.465	0.136	0	0.445	0.721
H1-4	H2AC18	9606.ENSP00000307705	9606.ENSP00000358155	0	0.002	0	0	0.137	0.136	0	0.707	0.762
H1-4	H2AC20	9606.ENSP00000307705	9606.ENSP00000332194	0	0.002	0	0	0.281	0.168	0	0.707	0.809
H1-4	H2BC21	9606.ENSP00000307705	9606.ENSP00000358151	0	0.007	0	0	0.142	0.339	0	0.704	0.818
H1-4	H3C15	9606.ENSP00000307705	9606.ENSP00000385479	0	0	0	0	0.155	0.820	0	0.084	0.849
H1-4	H2BC11	9606.ENSP00000307705	9606.ENSP00000476136	0	0.007	0	0	0.233	0.815	0	0.187	0.875
H1-4	H1-5	9606.ENSP00000307705	9606.ENSP00000330074	0	0	0.052	0.976	0.775	0.164	0.400	0.063	0.881
H1-4	H2AC4	9606.ENSP00000307705	9606.ENSP00000483842	0	0.002	0	0	0.434	0.819	0	0.138	0.904
H1-4	H2BC12	9606.ENSP00000307705	9606.ENSP00000349430	0	0.007	0	0	0.157	0.815	0	0.573	0.927
H1-4	H4C1	9606.ENSP00000307705	9606.ENSP00000479106	0	0	0	0	0.211	0.827	0	0.525	0.929
H1-4	H3C1	9606.ENSP00000307705	9606.ENSP00000480826	0	0	0	0	0.434	0.854	0	0.228	0.931
H1-5	LMNB1	9606.ENSP00000330074	9606.ENSP00000261366	0	0	0	0	0.078	0	0.400	0.139	0.482
H1-5	UBN1	9606.ENSP00000330074	9606.ENSP00000262376	0	0	0	0	0.042	0	0.500	0	0.500
H1-5	HIRA	9606.ENSP00000330074	9606.ENSP00000263208	0	0	0	0	0	0.080	0.500	0.095	0.547
H1-5	RB1	9606.ENSP00000330074	9606.ENSP00000267163	0	0	0	0	0	0	0.400	0.049	0.405
H1-5	TP53	9606.ENSP00000330074	9606.ENSP00000269305	0	0	0	0	0.049	0	0.400	0.205	0.506
H1-5	H2BC5	9606.ENSP00000330074	9606.ENSP00000289316	0	0.006	0	0	0.162	0.116	0	0.594	0.673
H1-5	H2AZ2	9606.ENSP00000330074	9606.ENSP00000308405	0	0	0	0	0.070	0.187	0	0.280	0.408
H1-5	H2BC4	9606.ENSP00000330074	9606.ENSP00000321744	0	0.006	0	0	0.184	0.116	0	0.592	0.680
H1-5	H2AC14	9606.ENSP00000330074	9606.ENSP00000328484	0	0.005	0	0	0.455	0.136	0	0.581	0.786
H1-5	JUN	9606.ENSP00000330074	9606.ENSP00000360266	0	0	0	0	0.044	0	0	0.415	0.416
H1-5	H2BC12	9606.ENSP00000330074	9606.ENSP00000349430	0	0.006	0	0	0.143	0.116	0	0.336	0.453
H1-5	H2BC15	9606.ENSP00000330074	9606.ENSP00000483903	0	0.006	0	0	0.253	0.116	0	0.280	0.484
H1-5	H3-4	9606.ENSP00000330074	9606.ENSP00000355657	0	0	0	0	0.101	0.249	0	0.354	0.526
H1-5	HMGA1	9606.ENSP00000330074	9606.ENSP00000399888	0	0	0	0	0.062	0.164	0	0.456	0.536
H1-5	H2BC9	9606.ENSP00000330074	9606.ENSP00000479169	0	0.006	0	0	0.266	0.229	0	0.283	0.559
H1-5	H2BC13	9606.ENSP00000330074	9606.ENSP00000366618	0	0.006	0	0	0.374	0.116	0	0.277	0.565
H1-5	H2BC17	9606.ENSP00000330074	9606.ENSP00000477527	0	0.006	0	0	0.345	0.116	0	0.322	0.574
H1-5	H2BC3	9606.ENSP00000330074	9606.ENSP00000482674	0	0.006	0	0	0.461	0.116	0	0.256	0.615
H1-5	H2AC4	9606.ENSP00000330074	9606.ENSP00000483842	0	0.005	0	0	0.452	0.136	0	0.270	0.624
H1-5	H3C1	9606.ENSP00000330074	9606.ENSP00000480826	0	0	0	0	0.336	0.305	0	0.304	0.651
H1-5	H2BC14	9606.ENSP00000330074	9606.ENSP00000477907	0	0.006	0	0	0.554	0.116	0	0.301	0.700
H1-5	H4C1	9606.ENSP00000330074	9606.ENSP00000479106	0	0	0	0	0.211	0.172	0	0.686	0.777
H1-5	H2BC21	9606.ENSP00000330074	9606.ENSP00000358151	0	0.006	0	0	0.106	0.229	0	0.976	0.982
H1-5	H2AC18	9606.ENSP00000330074	9606.ENSP00000358155	0	0.005	0	0	0.098	0.136	0	0.989	0.991
H1-5	H2AC20	9606.ENSP00000330074	9606.ENSP00000332194	0	0.005	0	0	0.180	0.136	0	0.989	0.991
H2AB1	SIRT1	9606.ENSP00000484261	9606.ENSP00000212015	0	0	0	0	0.081	0.071	0.500	0.070	0.550
H2AB1	MAPK14	9606.ENSP00000484261	9606.ENSP00000229795	0	0	0	0	0	0	0.500	0	0.499
H2AB1	KDM6B	9606.ENSP00000484261	9606.ENSP00000254846	0	0	0	0	0	0.395	0.500	0.049	0.687
H2AB1	TERF2	9606.ENSP00000484261	9606.ENSP00000254942	0	0	0	0	0	0	0.500	0.055	0.507
H2AB1	PHC2	9606.ENSP00000484261	9606.ENSP00000257118	0	0	0	0	0	0	0.500	0	0.499
H2AB1	NBN	9606.ENSP00000484261	9606.ENSP00000265433	0	0	0	0	0	0	0.500	0.066	0.513
H2AB1	RB1	9606.ENSP00000484261	9606.ENSP00000267163	0	0	0	0	0	0	0.500	0.061	0.510
H2AB1	TINF2	9606.ENSP00000484261	9606.ENSP00000267415	0	0	0	0	0	0.096	0.500	0	0.528
H2AB1	H2BC1	9606.ENSP00000484261	9606.ENSP00000274764	0	0	0	0	0.243	0.178	0.400	0.450	0.767
H2AB1	TERF1	9606.ENSP00000484261	9606.ENSP00000276603	0	0	0	0	0	0	0.500	0.055	0.507
H2AB1	H2BC5	9606.ENSP00000484261	9606.ENSP00000289316	0	0	0	0	0.243	0.178	0.400	0.074	0.608
H2AB1	TERF2IP	9606.ENSP00000484261	9606.ENSP00000300086	0	0	0	0	0	0.095	0.500	0.051	0.533
H2AB1	H2AZ2	9606.ENSP00000484261	9606.ENSP00000308405	0	0	0.082	0.791	0.099	0.300	0.400	0.135	0.645
H2AB1	SUZ12	9606.ENSP00000484261	9606.ENSP00000316578	0	0	0	0	0	0.131	0.500	0.094	0.572
H2AB1	H2BC4	9606.ENSP00000484261	9606.ENSP00000321744	0	0	0	0	0.243	0.178	0.400	0.074	0.608
H2AB1	MRE11	9606.ENSP00000484261	9606.ENSP00000325863	0	0	0	0	0	0.067	0.500	0.106	0.546
H2AB1	H2AC14	9606.ENSP00000484261	9606.ENSP00000328484	0	0	0.093	0.891	0	0	0.400	0	0.432
H2AB1	H2AC20	9606.ENSP00000484261	9606.ENSP00000332194	0	0	0.092	0.893	0	0	0.400	0.103	0.468
H2AB1	MAPK11	9606.ENSP00000484261	9606.ENSP00000333685	0	0	0	0	0	0	0.500	0	0.499
H2AB1	TNRC6C	9606.ENSP00000484261	9606.ENSP00000336783	0	0	0	0	0	0.153	0.500	0	0.558
H2AB1	KAT5	9606.ENSP00000484261	9606.ENSP00000340330	0	0	0	0	0	0.145	0.500	0.153	0.606
H2AB1	H2AC7	9606.ENSP00000484261	9606.ENSP00000341094	0	0	0.094	0.889	0	0	0.400	0.053	0.440
H2AB1	H2BC12	9606.ENSP00000484261	9606.ENSP00000349430	0	0	0	0	0.243	0.238	0.400	0.074	0.636
H2AB1	POT1	9606.ENSP00000484261	9606.ENSP00000350249	0	0	0	0	0	0	0.500	0	0.499
H2AB1	H3-4	9606.ENSP00000484261	9606.ENSP00000355657	0	0	0	0	0.128	0.177	0.500	0.345	0.733
H2AB1	MAPKAPK2	9606.ENSP00000484261	9606.ENSP00000356070	0	0	0	0	0	0	0.500	0	0.499
H2AB1	RNF2	9606.ENSP00000484261	9606.ENSP00000356480	0	0	0	0	0	0.064	0.500	0.290	0.638
H2AB1	H2BC21	9606.ENSP00000484261	9606.ENSP00000358151	0	0	0	0	0.243	0.178	0.400	0.708	0.876
H2AB1	H2AC18	9606.ENSP00000484261	9606.ENSP00000358155	0	0	0.092	0.892	0	0	0.400	0.106	0.470
H2AB1	JUN	9606.ENSP00000484261	9606.ENSP00000360266	0	0	0	0	0	0	0.500	0	0.499
H2AB1	RBBP4	9606.ENSP00000484261	9606.ENSP00000362592	0	0	0	0	0.050	0.249	0.500	0.086	0.630
H2AB1	RING1	9606.ENSP00000484261	9606.ENSP00000363787	0	0	0	0	0	0.064	0.500	0.102	0.543
H2AB1	H2BC13	9606.ENSP00000484261	9606.ENSP00000366618	0	0	0	0	0.243	0.178	0.400	0.074	0.608
H2AB1	H2AC6	9606.ENSP00000484261	9606.ENSP00000367022	0	0	0.092	0.893	0	0	0.400	0	0.432
H2AB1	RAD50	9606.ENSP00000484261	9606.ENSP00000368100	0	0	0	0	0	0	0.500	0.067	0.513
H2AB1	RBBP7	9606.ENSP00000484261	9606.ENSP00000369424	0	0	0	0	0.050	0.249	0.500	0.114	0.641
H2AB1	TNRC6A	9606.ENSP00000484261	9606.ENSP00000379144	0	0	0	0	0	0	0.500	0	0.499
H2AB1	MAPKAPK3	9606.ENSP00000484261	9606.ENSP00000396467	0	0	0	0	0	0	0.500	0	0.499
H2AB1	MOV10	9606.ENSP00000484261	9606.ENSP00000399797	0	0	0	0	0	0	0.500	0	0.499
H2AB1	TNRC6B	9606.ENSP00000484261	9606.ENSP00000401946	0	0	0	0	0	0.049	0.500	0	0.504
H2AB1	PHC3	9606.ENSP00000484261	9606.ENSP00000420294	0	0	0	0	0	0	0.500	0	0.499
H2AB1	H2AX	9606.ENSP00000484261	9606.ENSP00000434024	0	0	0.088	0.900	0	0	0.400	0.091	0.459
H2AB1	PHC1	9606.ENSP00000484261	9606.ENSP00000437659	0	0	0	0	0	0	0.500	0	0.499
H2AB1	H2AJ	9606.ENSP00000484261	9606.ENSP00000438553	0	0	0.093	0.890	0	0	0.400	0	0.433
H2AB1	H2BC11	9606.ENSP00000484261	9606.ENSP00000476136	0	0	0	0	0.243	0.238	0.400	0.074	0.636
H2AB1	H2BC17	9606.ENSP00000484261	9606.ENSP00000477527	0	0	0	0	0.243	0.295	0.400	0.135	0.686
H2AB1	H2BC14	9606.ENSP00000484261	9606.ENSP00000477907	0	0	0	0	0.243	0.207	0.400	0.074	0.621
H2AB1	MYC	9606.ENSP00000484261	9606.ENSP00000478887	0	0	0	0	0	0	0.400	0.145	0.465
H2AB1	H2BC9	9606.ENSP00000484261	9606.ENSP00000479169	0	0	0	0	0.243	0.295	0.400	0.074	0.663
H2AB1	H2BC3	9606.ENSP00000484261	9606.ENSP00000482674	0	0	0	0	0.243	0.178	0.400	0.074	0.608
H2AB1	H2BC15	9606.ENSP00000484261	9606.ENSP00000483903	0	0	0	0	0.243	0.178	0.400	0.074	0.608
H2AC14	SIRT1	9606.ENSP00000328484	9606.ENSP00000212015	0	0	0	0	0.081	0.071	0.500	0.057	0.543
H2AC14	MAPK14	9606.ENSP00000328484	9606.ENSP00000229795	0	0	0	0	0.056	0	0.500	0	0.507
H2AC14	KDM6B	9606.ENSP00000328484	9606.ENSP00000254846	0	0	0	0	0	0.395	0.500	0.049	0.687
H2AC14	TERF2	9606.ENSP00000328484	9606.ENSP00000254942	0	0	0	0	0	0	0.500	0.055	0.507
H2AC14	PHC2	9606.ENSP00000328484	9606.ENSP00000257118	0	0	0	0	0	0	0.500	0	0.499
H2AC14	NBN	9606.ENSP00000328484	9606.ENSP00000265433	0	0	0	0	0	0	0.500	0.066	0.513
H2AC14	RB1	9606.ENSP00000328484	9606.ENSP00000267163	0	0	0	0	0	0	0.500	0.061	0.510
H2AC14	TINF2	9606.ENSP00000328484	9606.ENSP00000267415	0	0	0	0	0	0.096	0.500	0	0.528
H2AC14	RPS27A	9606.ENSP00000328484	9606.ENSP00000272317	0	0	0	0	0.086	0.335	0.400	0.047	0.605
H2AC14	H2BC1	9606.ENSP00000328484	9606.ENSP00000274764	0	0.084	0	0	0.243	0.178	0.400	0.074	0.625
H2AC14	TERF1	9606.ENSP00000328484	9606.ENSP00000276603	0	0	0	0	0	0	0.500	0.055	0.507
H2AC14	H2BC5	9606.ENSP00000328484	9606.ENSP00000289316	0	0.086	0	0	0.437	0.178	0.400	0.457	0.837
H2AC14	TERF2IP	9606.ENSP00000328484	9606.ENSP00000300086	0	0	0	0	0	0.095	0.500	0.051	0.533
H2AC14	H2AZ2	9606.ENSP00000328484	9606.ENSP00000308405	0	0	0.055	0.946	0.099	0.300	0.400	0.087	0.614
H2AC14	SUZ12	9606.ENSP00000328484	9606.ENSP00000316578	0	0	0	0	0	0.127	0.500	0.051	0.549
H2AC14	H2BC4	9606.ENSP00000328484	9606.ENSP00000321744	0	0.086	0	0	0.433	0.178	0.400	0.393	0.816
H2AC14	MRE11	9606.ENSP00000328484	9606.ENSP00000325863	0	0	0	0	0	0.067	0.500	0.106	0.546
H2AC14	MYC	9606.ENSP00000328484	9606.ENSP00000478887	0	0	0	0	0	0	0.400	0	0.400
H2AC14	H2AX	9606.ENSP00000328484	9606.ENSP00000434024	0	0	0.050	0.981	0.056	0	0.400	0.045	0.417
H2AC14	MAPK11	9606.ENSP00000328484	9606.ENSP00000333685	0	0	0	0	0	0	0.500	0	0.499
H2AC14	PHC1	9606.ENSP00000328484	9606.ENSP00000437659	0	0	0	0	0	0	0.500	0	0.499
H2AC14	POT1	9606.ENSP00000328484	9606.ENSP00000350249	0	0	0	0	0	0	0.500	0	0.499
H2AC14	PHC3	9606.ENSP00000328484	9606.ENSP00000420294	0	0	0	0	0	0	0.500	0	0.499
H2AC14	MAPKAPK3	9606.ENSP00000328484	9606.ENSP00000396467	0	0	0	0	0	0	0.500	0	0.499
H2AC14	TNRC6A	9606.ENSP00000328484	9606.ENSP00000379144	0	0	0	0	0	0	0.500	0	0.499
H2AC14	MOV10	9606.ENSP00000328484	9606.ENSP00000399797	0	0	0	0	0	0	0.500	0	0.499
H2AC14	JUN	9606.ENSP00000328484	9606.ENSP00000360266	0	0	0	0	0.044	0	0.500	0	0.501
H2AC14	MAPKAPK2	9606.ENSP00000328484	9606.ENSP00000356070	0	0	0	0	0.047	0	0.500	0	0.503
H2AC14	TNRC6B	9606.ENSP00000328484	9606.ENSP00000401946	0	0	0	0	0	0.049	0.500	0	0.504
H2AC14	RAD50	9606.ENSP00000328484	9606.ENSP00000368100	0	0	0	0	0	0	0.500	0.067	0.513
H2AC14	RING1	9606.ENSP00000328484	9606.ENSP00000363787	0	0	0	0	0	0.064	0.500	0.102	0.543
H2AC14	RNF2	9606.ENSP00000328484	9606.ENSP00000356480	0	0	0	0	0	0.064	0.500	0.102	0.543
H2AC14	KAT5	9606.ENSP00000328484	9606.ENSP00000340330	0	0	0	0	0.042	0.145	0.500	0.047	0.557
H2AC14	TNRC6C	9606.ENSP00000328484	9606.ENSP00000336783	0	0	0	0	0	0.153	0.500	0	0.558
H2AC14	H3C1	9606.ENSP00000328484	9606.ENSP00000480826	0	0.036	0	0	0.388	0.177	0	0.194	0.558
H2AC14	UBB	9606.ENSP00000328484	9606.ENSP00000478771	0	0	0	0	0.057	0.299	0.400	0.047	0.571
H2AC14	UBC	9606.ENSP00000328484	9606.ENSP00000441543	0	0	0	0	0.071	0.299	0.400	0.047	0.578
H2AC14	RBBP4	9606.ENSP00000328484	9606.ENSP00000362592	0	0	0	0	0.050	0.249	0.500	0.065	0.621
H2AC14	RBBP7	9606.ENSP00000328484	9606.ENSP00000369424	0	0	0	0	0.050	0.249	0.500	0.065	0.621
H2AC14	UBA52	9606.ENSP00000328484	9606.ENSP00000388107	0	0	0	0	0.053	0.357	0.400	0.124	0.637
H2AC14	H3-4	9606.ENSP00000328484	9606.ENSP00000355657	0	0.035	0	0	0.165	0.283	0.500	0.076	0.686
H2AC14	H2AC7	9606.ENSP00000328484	9606.ENSP00000341094	0	0	0.048	0.984	0.533	0	0.400	0.046	0.711
H2AC14	H2BC15	9606.ENSP00000328484	9606.ENSP00000483903	0	0.086	0	0	0.408	0.178	0.400	0.190	0.745
H2AC14	H2BC21	9606.ENSP00000328484	9606.ENSP00000358151	0	0.085	0	0	0.310	0.406	0.400	0.312	0.817
H2AC14	H2BC13	9606.ENSP00000328484	9606.ENSP00000366618	0	0.085	0	0	0.543	0.178	0.400	0.271	0.822
H2AC14	H2BC9	9606.ENSP00000328484	9606.ENSP00000479169	0	0.086	0	0	0.591	0.283	0.400	0.178	0.844
H2AC14	H2BC17	9606.ENSP00000328484	9606.ENSP00000477527	0	0.085	0	0	0.612	0.178	0.400	0.291	0.853
H2AC14	H2BC3	9606.ENSP00000328484	9606.ENSP00000482674	0	0.086	0	0	0.706	0.178	0.400	0.155	0.867
H2AC14	H2AJ	9606.ENSP00000328484	9606.ENSP00000438553	0	0	0.049	0.983	0.072	0.800	0.400	0.057	0.881
H2AC14	H2AC18	9606.ENSP00000328484	9606.ENSP00000358155	0	0	0.048	0.984	0.183	0.800	0.400	0.044	0.894
H2AC14	H2AC20	9606.ENSP00000328484	9606.ENSP00000332194	0	0	0.049	0.983	0.184	0.800	0.400	0.045	0.894
H2AC14	H2BC14	9606.ENSP00000328484	9606.ENSP00000477907	0	0.085	0	0	0.733	0.293	0.400	0.371	0.923
H2AC14	H3C15	9606.ENSP00000328484	9606.ENSP00000385479	0	0.036	0	0	0.218	0.914	0	0.232	0.944
H2AC14	H2AC6	9606.ENSP00000328484	9606.ENSP00000367022	0	0	0.048	0.984	0.139	0.900	0.400	0.045	0.944
H2AC14	H4C1	9606.ENSP00000328484	9606.ENSP00000479106	0	0.028	0	0	0.294	0.915	0	0.316	0.955
H2AC14	H2AC4	9606.ENSP00000328484	9606.ENSP00000483842	0	0	0.048	0.984	0.623	0.900	0	0.045	0.961
H2AC14	H2BC12	9606.ENSP00000328484	9606.ENSP00000349430	0	0.085	0	0	0.338	0.914	0.400	0.135	0.968
H2AC14	H2BC11	9606.ENSP00000328484	9606.ENSP00000476136	0	0.085	0	0	0.370	0.914	0.400	0.174	0.971
H2AC18	SIRT1	9606.ENSP00000358155	9606.ENSP00000212015	0	0	0	0	0.081	0.071	0.500	0.548	0.781
H2AC18	MAPK14	9606.ENSP00000358155	9606.ENSP00000229795	0	0	0	0	0.042	0	0.500	0.119	0.541
H2AC18	KDM6B	9606.ENSP00000358155	9606.ENSP00000254846	0	0	0	0	0.049	0.395	0.500	0.475	0.828
H2AC18	TERF2	9606.ENSP00000358155	9606.ENSP00000254942	0	0	0	0	0.049	0	0.500	0.149	0.560
H2AC18	PHC2	9606.ENSP00000358155	9606.ENSP00000257118	0	0	0	0	0	0	0.500	0.565	0.773
H2AC18	HIRA	9606.ENSP00000358155	9606.ENSP00000263208	0	0	0	0	0	0.071	0	0.482	0.498
H2AC18	NBN	9606.ENSP00000358155	9606.ENSP00000265433	0	0	0	0	0.047	0	0.500	0.210	0.590
H2AC18	RB1	9606.ENSP00000358155	9606.ENSP00000267163	0	0	0	0	0	0	0.500	0.217	0.592
H2AC18	TINF2	9606.ENSP00000358155	9606.ENSP00000267415	0	0	0	0	0.044	0.096	0.500	0.176	0.596
H2AC18	TP53	9606.ENSP00000358155	9606.ENSP00000269305	0	0	0	0	0	0	0	0.583	0.583
H2AC18	RPS27A	9606.ENSP00000358155	9606.ENSP00000272317	0	0	0	0	0.101	0.930	0.400	0.405	0.974
H2AC18	H2BC1	9606.ENSP00000358155	9606.ENSP00000274764	0	0.057	0	0	0.243	0.178	0.400	0.772	0.905
H2AC18	TERF1	9606.ENSP00000358155	9606.ENSP00000276603	0	0	0	0	0	0	0.500	0.345	0.658
H2AC18	H2BC5	9606.ENSP00000358155	9606.ENSP00000289316	0	0.018	0	0	0.813	0.178	0.400	0.764	0.975
H2AC18	TERF2IP	9606.ENSP00000358155	9606.ENSP00000300086	0	0	0	0	0.049	0.095	0.500	0.051	0.536
H2AC18	H2AZ2	9606.ENSP00000358155	9606.ENSP00000308405	0	0	0.055	0.947	0.671	0.300	0.400	0.113	0.863
H2AC18	RAD9A	9606.ENSP00000358155	9606.ENSP00000311360	0	0	0	0	0.042	0.052	0	0.865	0.867
H2AC18	SUZ12	9606.ENSP00000358155	9606.ENSP00000316578	0	0	0	0	0.044	0.132	0.500	0.695	0.856
H2AC18	H2BC4	9606.ENSP00000358155	9606.ENSP00000321744	0	0.018	0	0	0.711	0.916	0.400	0.764	0.996
H2AC18	MRE11	9606.ENSP00000358155	9606.ENSP00000325863	0	0	0	0	0.049	0.067	0.500	0.216	0.606
H2AC18	H2AC20	9606.ENSP00000358155	9606.ENSP00000332194	0	0	0.048	0.984	0	0.900	0.400	0.042	0.938
H2AC18	MAPK11	9606.ENSP00000358155	9606.ENSP00000333685	0	0	0	0	0	0	0.500	0.079	0.519
H2AC18	TNRC6C	9606.ENSP00000358155	9606.ENSP00000336783	0	0	0	0	0	0.153	0.500	0	0.558
H2AC18	KAT5	9606.ENSP00000358155	9606.ENSP00000340330	0	0	0	0	0.042	0.145	0.500	0.885	0.946
H2AC18	H2AC7	9606.ENSP00000358155	9606.ENSP00000341094	0	0	0.048	0.984	0.468	0	0.400	0.045	0.671
H2AC18	H2BC12	9606.ENSP00000358155	9606.ENSP00000349430	0	0.018	0	0	0.708	0.925	0.400	0.807	0.997
H2AC18	POT1	9606.ENSP00000358155	9606.ENSP00000350249	0	0	0	0	0	0	0.500	0.117	0.539
H2AC18	H3-4	9606.ENSP00000358155	9606.ENSP00000355657	0	0.024	0	0	0.141	0.177	0.500	0.998	0.999
H2AC18	H3-3A	9606.ENSP00000358155	9606.ENSP00000355780	0	0.024	0	0	0.128	0.177	0	0.341	0.486
H2AC18	MAPKAPK2	9606.ENSP00000358155	9606.ENSP00000356070	0	0	0	0	0.048	0	0.500	0	0.503
H2AC18	RNF2	9606.ENSP00000358155	9606.ENSP00000356480	0	0	0	0	0	0.633	0.500	0.925	0.985
H2AC18	H2BC21	9606.ENSP00000358155	9606.ENSP00000358151	0	0.018	0	0	0.823	0.393	0.400	0.999	0.999
H2AC18	H2AX	9606.ENSP00000358155	9606.ENSP00000434024	0	0	0.050	0.981	0.056	0	0.400	0.055	0.423
H2AC18	TNRC6B	9606.ENSP00000358155	9606.ENSP00000401946	0	0	0	0	0	0.049	0.500	0	0.504
H2AC18	MOV10	9606.ENSP00000358155	9606.ENSP00000399797	0	0	0	0	0.056	0	0.500	0	0.507
H2AC18	TNRC6A	9606.ENSP00000358155	9606.ENSP00000379144	0	0	0	0	0	0	0.500	0.060	0.509
H2AC18	MAPKAPK3	9606.ENSP00000358155	9606.ENSP00000396467	0	0	0	0	0	0	0.500	0.069	0.514
H2AC18	H3C1	9606.ENSP00000358155	9606.ENSP00000480826	0	0.024	0	0	0.185	0.284	0	0.268	0.536
H2AC18	RAD50	9606.ENSP00000358155	9606.ENSP00000368100	0	0	0	0	0.044	0	0.500	0.168	0.567
H2AC18	PHC3	9606.ENSP00000358155	9606.ENSP00000420294	0	0	0	0	0	0	0.500	0.222	0.594
H2AC18	JUN	9606.ENSP00000358155	9606.ENSP00000360266	0	0	0	0	0.074	0	0.500	0.300	0.647
H2AC18	MYC	9606.ENSP00000358155	9606.ENSP00000478887	0	0	0	0	0	0	0.400	0.544	0.714
H2AC18	RBBP7	9606.ENSP00000358155	9606.ENSP00000369424	0	0	0	0	0.063	0.250	0.500	0.491	0.797
H2AC18	PHC1	9606.ENSP00000358155	9606.ENSP00000437659	0	0	0	0	0	0	0.500	0.625	0.804
H2AC18	H2BC13	9606.ENSP00000358155	9606.ENSP00000366618	0	0.018	0	0	0.250	0.178	0.400	0.735	0.889
H2AC18	RBBP4	9606.ENSP00000358155	9606.ENSP00000362592	0	0	0	0	0.061	0.395	0.500	0.668	0.893
H2AC18	H2BC14	9606.ENSP00000358155	9606.ENSP00000477907	0	0.018	0	0	0.296	0.207	0.400	0.734	0.899
H2AC18	H2AJ	9606.ENSP00000358155	9606.ENSP00000438553	0	0	0.049	0.983	0.223	0.800	0.400	0.048	0.900
H2AC18	H2BC15	9606.ENSP00000358155	9606.ENSP00000483903	0	0.018	0	0	0.306	0.335	0.400	0.732	0.916
H2AC18	H2BC3	9606.ENSP00000358155	9606.ENSP00000482674	0	0.018	0	0	0.328	0.393	0.400	0.757	0.932
H2AC18	H2BC11	9606.ENSP00000358155	9606.ENSP00000476136	0	0.018	0	0	0.413	0.378	0.400	0.762	0.941
H2AC18	H3C15	9606.ENSP00000358155	9606.ENSP00000385479	0	0.024	0	0	0.128	0.921	0	0.228	0.942
H2AC18	H2BC9	9606.ENSP00000358155	9606.ENSP00000479169	0	0.018	0	0	0.550	0.295	0.400	0.736	0.943
H2AC18	RING1	9606.ENSP00000358155	9606.ENSP00000363787	0	0	0	0	0.050	0.064	0.500	0.893	0.946
H2AC18	UBB	9606.ENSP00000358155	9606.ENSP00000478771	0	0	0	0	0.071	0.926	0.400	0.160	0.961
H2AC18	UBC	9606.ENSP00000358155	9606.ENSP00000441543	0	0	0	0	0.077	0.932	0.400	0.207	0.966
H2AC18	H2AC6	9606.ENSP00000358155	9606.ENSP00000367022	0	0	0.048	0.984	0.771	0.814	0.400	0.047	0.972
H2AC18	H4C1	9606.ENSP00000358155	9606.ENSP00000479106	0	0.019	0	0	0.193	0.915	0	0.630	0.972
H2AC18	UBA52	9606.ENSP00000358155	9606.ENSP00000388107	0	0	0	0	0.047	0.932	0.400	0.472	0.977
H2AC18	H2BC17	9606.ENSP00000358155	9606.ENSP00000477527	0	0.018	0	0	0.813	0.299	0.400	0.761	0.978
H2AC20	SIRT1	9606.ENSP00000332194	9606.ENSP00000212015	0	0	0	0	0.081	0.071	0.500	0.548	0.781
H2AC20	MAPK14	9606.ENSP00000332194	9606.ENSP00000229795	0	0	0	0	0	0	0.500	0.119	0.540
H2AC20	KDM6B	9606.ENSP00000332194	9606.ENSP00000254846	0	0	0	0	0	0.395	0.500	0.478	0.828
H2AC20	TERF2	9606.ENSP00000332194	9606.ENSP00000254942	0	0	0	0	0	0.292	0.500	0.145	0.671
H2AC20	PHC2	9606.ENSP00000332194	9606.ENSP00000257118	0	0	0	0	0	0	0.500	0.565	0.773
H2AC20	LMNB1	9606.ENSP00000332194	9606.ENSP00000261366	0	0	0	0	0.045	0.190	0	0.349	0.452
H2AC20	HIRA	9606.ENSP00000332194	9606.ENSP00000263208	0	0	0	0	0	0.071	0	0.483	0.499
H2AC20	NBN	9606.ENSP00000332194	9606.ENSP00000265433	0	0	0	0	0	0	0.500	0.207	0.586
H2AC20	RB1	9606.ENSP00000332194	9606.ENSP00000267163	0	0	0	0	0	0	0.500	0.217	0.592
H2AC20	TINF2	9606.ENSP00000332194	9606.ENSP00000267415	0	0	0	0	0	0.096	0.500	0.176	0.595
H2AC20	TP53	9606.ENSP00000332194	9606.ENSP00000269305	0	0	0	0	0	0	0	0.583	0.583
H2AC20	RPS27A	9606.ENSP00000332194	9606.ENSP00000272317	0	0	0	0	0.086	0.335	0.400	0.406	0.754
H2AC20	H2BC1	9606.ENSP00000332194	9606.ENSP00000274764	0	0.085	0	0	0.243	0.955	0.400	0.772	0.995
H2AC20	TERF1	9606.ENSP00000332194	9606.ENSP00000276603	0	0	0	0	0	0	0.500	0.333	0.652
H2AC20	H2BC5	9606.ENSP00000332194	9606.ENSP00000289316	0	0.086	0	0	0.297	0.304	0.400	0.764	0.925
H2AC20	TERF2IP	9606.ENSP00000332194	9606.ENSP00000300086	0	0	0	0	0	0.095	0.500	0.051	0.533
H2AC20	H2AZ2	9606.ENSP00000332194	9606.ENSP00000308405	0	0	0.055	0.947	0.099	0.300	0.400	0.113	0.625
H2AC20	RAD9A	9606.ENSP00000332194	9606.ENSP00000311360	0	0	0	0	0	0.052	0	0.865	0.866
H2AC20	SUZ12	9606.ENSP00000332194	9606.ENSP00000316578	0	0	0	0	0	0.131	0.500	0.695	0.856
H2AC20	H2BC4	9606.ENSP00000332194	9606.ENSP00000321744	0	0.086	0	0	0.321	0.914	0.400	0.762	0.991
H2AC20	MRE11	9606.ENSP00000332194	9606.ENSP00000325863	0	0	0	0	0	0.067	0.500	0.216	0.602
H2AC20	H3-3A	9606.ENSP00000332194	9606.ENSP00000355780	0	0.036	0	0	0.143	0.177	0	0.323	0.481
H2AC20	H2AC7	9606.ENSP00000332194	9606.ENSP00000341094	0	0	0.049	0.983	0.177	0	0.400	0.046	0.492
H2AC20	MOV10	9606.ENSP00000332194	9606.ENSP00000399797	0	0	0	0	0	0	0.500	0	0.499
H2AC20	MAPKAPK2	9606.ENSP00000332194	9606.ENSP00000356070	0	0	0	0	0.042	0	0.500	0	0.500
H2AC20	TNRC6B	9606.ENSP00000332194	9606.ENSP00000401946	0	0	0	0	0	0.049	0.500	0	0.504
H2AC20	TNRC6A	9606.ENSP00000332194	9606.ENSP00000379144	0	0	0	0	0	0	0.500	0.060	0.509
H2AC20	MAPK11	9606.ENSP00000332194	9606.ENSP00000333685	0	0	0	0	0	0	0.500	0.067	0.513
H2AC20	MAPKAPK3	9606.ENSP00000332194	9606.ENSP00000396467	0	0	0	0	0	0	0.500	0.069	0.514
H2AC20	TNRC6C	9606.ENSP00000332194	9606.ENSP00000336783	0	0	0	0	0	0.153	0.500	0	0.558
H2AC20	RAD50	9606.ENSP00000332194	9606.ENSP00000368100	0	0	0	0	0	0	0.500	0.161	0.562
H2AC20	PHC3	9606.ENSP00000332194	9606.ENSP00000420294	0	0	0	0	0	0	0.500	0.220	0.593
H2AC20	UBB	9606.ENSP00000332194	9606.ENSP00000478771	0	0	0	0	0.057	0.299	0.400	0.161	0.622
H2AC20	JUN	9606.ENSP00000332194	9606.ENSP00000360266	0	0	0	0	0	0	0.500	0.298	0.633
H2AC20	H2AX	9606.ENSP00000332194	9606.ENSP00000434024	0	0	0.050	0.981	0.054	0.416	0.400	0.055	0.648
H2AC20	POT1	9606.ENSP00000332194	9606.ENSP00000350249	0	0	0	0	0	0.292	0.500	0.117	0.660
H2AC20	MYC	9606.ENSP00000332194	9606.ENSP00000478887	0	0	0	0	0.044	0.161	0.400	0.544	0.751
H2AC20	UBC	9606.ENSP00000332194	9606.ENSP00000441543	0	0	0	0	0.057	0.516	0.400	0.207	0.754
H2AC20	UBA52	9606.ENSP00000332194	9606.ENSP00000388107	0	0	0	0	0	0.357	0.400	0.472	0.778
H2AC20	PHC1	9606.ENSP00000332194	9606.ENSP00000437659	0	0	0	0	0	0	0.500	0.625	0.804
H2AC20	RBBP7	9606.ENSP00000332194	9606.ENSP00000369424	0	0	0	0	0.050	0.445	0.500	0.492	0.848
H2AC20	H2AJ	9606.ENSP00000332194	9606.ENSP00000438553	0	0	0.048	0.984	0.044	0.800	0.400	0.047	0.877
H2AC20	H2AC6	9606.ENSP00000332194	9606.ENSP00000367022	0	0	0.049	0.983	0.072	0.800	0.400	0.046	0.880
H2AC20	H2BC15	9606.ENSP00000332194	9606.ENSP00000483903	0	0.086	0	0	0.278	0.178	0.400	0.732	0.897
H2AC20	RBBP4	9606.ENSP00000332194	9606.ENSP00000362592	0	0	0	0	0.050	0.445	0.500	0.668	0.901
H2AC20	H2BC14	9606.ENSP00000332194	9606.ENSP00000477907	0	0.086	0	0	0.326	0.207	0.400	0.734	0.908
H2AC20	H2BC13	9606.ENSP00000332194	9606.ENSP00000366618	0	0.086	0	0	0.353	0.178	0.400	0.736	0.909
H2AC20	H2BC11	9606.ENSP00000332194	9606.ENSP00000476136	0	0.086	0	0	0.319	0.238	0.400	0.755	0.917
H2AC20	H2BC9	9606.ENSP00000332194	9606.ENSP00000479169	0	0.086	0	0	0.295	0.385	0.400	0.734	0.925
H2AC20	H2BC17	9606.ENSP00000332194	9606.ENSP00000477527	0	0.086	0	0	0.353	0.403	0.400	0.759	0.939
H2AC20	RING1	9606.ENSP00000332194	9606.ENSP00000363787	0	0	0	0	0	0.064	0.500	0.893	0.945
H2AC20	KAT5	9606.ENSP00000332194	9606.ENSP00000340330	0	0	0	0	0	0.145	0.500	0.885	0.946
H2AC20	H3C15	9606.ENSP00000332194	9606.ENSP00000385479	0	0.036	0	0	0.226	0.918	0	0.316	0.953
H2AC20	H4C1	9606.ENSP00000332194	9606.ENSP00000479106	0	0.028	0	0	0.282	0.915	0	0.616	0.974
H2AC20	H3C1	9606.ENSP00000332194	9606.ENSP00000480826	0	0.036	0	0	0.234	0.965	0	0.210	0.977
H2AC20	H2BC3	9606.ENSP00000332194	9606.ENSP00000482674	0	0.086	0	0	0.319	0.914	0.400	0.744	0.990
H2AC20	H2BC12	9606.ENSP00000332194	9606.ENSP00000349430	0	0.086	0	0	0.278	0.920	0.400	0.795	0.992
H2AC20	RNF2	9606.ENSP00000332194	9606.ENSP00000356480	0	0	0	0	0	0.840	0.500	0.926	0.993
H2AC20	H3-4	9606.ENSP00000332194	9606.ENSP00000355657	0	0.035	0	0	0.128	0.283	0.500	0.998	0.999
H2AC20	H2BC21	9606.ENSP00000332194	9606.ENSP00000358151	0	0.086	0	0	0.276	0.947	0.400	0.999	0.999
H2AC4	KDM6B	9606.ENSP00000483842	9606.ENSP00000254846	0	0	0	0	0	0.395	0	0.049	0.400
H2AC4	TP53	9606.ENSP00000483842	9606.ENSP00000269305	0	0	0	0	0	0.800	0	0	0.800
H2AC4	RPS27A	9606.ENSP00000483842	9606.ENSP00000272317	0	0	0	0	0.086	0.930	0	0.106	0.938
H2AC4	H2BC1	9606.ENSP00000483842	9606.ENSP00000274764	0	0.057	0	0	0.256	0.914	0	0.074	0.936
H2AC4	H2BC5	9606.ENSP00000483842	9606.ENSP00000289316	0	0.018	0	0	0.351	0.178	0	0.380	0.640
H2AC4	SUZ12	9606.ENSP00000483842	9606.ENSP00000316578	0	0	0	0	0	0.817	0	0.051	0.819
H2AC4	H2BC4	9606.ENSP00000483842	9606.ENSP00000321744	0	0.018	0	0	0.369	0.178	0	0.373	0.646
H2AC4	H2AC7	9606.ENSP00000483842	9606.ENSP00000341094	0	0	0.048	0.984	0.433	0	0	0.046	0.440
H2AC4	H2BC12	9606.ENSP00000483842	9606.ENSP00000349430	0	0.018	0	0	0.287	0.914	0	0.526	0.968
H2AC4	H3-4	9606.ENSP00000483842	9606.ENSP00000355657	0	0.024	0	0	0.190	0.914	0	0.076	0.930
H2AC4	H3-3A	9606.ENSP00000483842	9606.ENSP00000355780	0	0.024	0	0	0.128	0.914	0	0.180	0.933
H2AC4	H2BC21	9606.ENSP00000483842	9606.ENSP00000358151	0	0.018	0	0	0.293	0.914	0	0.538	0.969
H2AC4	H2BC13	9606.ENSP00000483842	9606.ENSP00000366618	0	0.018	0	0	0.472	0.178	0	0.074	0.563
H2AC4	H2AC6	9606.ENSP00000483842	9606.ENSP00000367022	0	0	0.048	0.984	0.086	0.907	0	0.047	0.912
H2AC4	H3C15	9606.ENSP00000483842	9606.ENSP00000385479	0	0.024	0	0	0.320	0.914	0	0.566	0.972
H2AC4	UBA52	9606.ENSP00000483842	9606.ENSP00000388107	0	0	0	0	0.042	0.932	0	0.117	0.938
H2AC4	UBC	9606.ENSP00000483842	9606.ENSP00000441543	0	0	0	0	0.064	0.926	0	0.047	0.929
H2AC4	H2BC11	9606.ENSP00000483842	9606.ENSP00000476136	0	0.018	0	0	0.381	0.914	0.540	0.166	0.976
H2AC4	H2BC17	9606.ENSP00000483842	9606.ENSP00000477527	0	0.018	0	0	0.504	0.798	0	0.116	0.903
H2AC4	H2BC14	9606.ENSP00000483842	9606.ENSP00000477907	0	0.018	0	0	0.626	0.190	0	0.272	0.760
H2AC4	UBB	9606.ENSP00000483842	9606.ENSP00000478771	0	0	0	0	0.057	0.926	0	0.047	0.928
H2AC4	H4C1	9606.ENSP00000483842	9606.ENSP00000479106	0	0.019	0	0	0.432	0.915	0.540	0.745	0.993
H2AC4	H2BC9	9606.ENSP00000483842	9606.ENSP00000479169	0	0.018	0	0	0.404	0.312	0	0.207	0.646
H2AC4	H3C1	9606.ENSP00000483842	9606.ENSP00000480826	0	0.024	0	0	0.484	0.914	0	0.714	0.986
H2AC4	H2BC3	9606.ENSP00000483842	9606.ENSP00000482674	0	0.018	0	0	0.589	0.914	0	0.312	0.973
H2AC4	H2BC15	9606.ENSP00000483842	9606.ENSP00000483903	0	0.018	0	0	0.355	0.178	0	0.074	0.466
H2AC6	SIRT1	9606.ENSP00000367022	9606.ENSP00000212015	0	0	0	0	0.086	0.071	0.500	0.085	0.560
H2AC6	MAPK14	9606.ENSP00000367022	9606.ENSP00000229795	0	0	0	0	0.056	0	0.500	0	0.507
H2AC6	KDM6B	9606.ENSP00000367022	9606.ENSP00000254846	0	0	0	0	0.049	0.395	0.500	0.049	0.689
H2AC6	TERF2	9606.ENSP00000367022	9606.ENSP00000254942	0	0	0	0	0.063	0	0.500	0.055	0.518
H2AC6	PHC2	9606.ENSP00000367022	9606.ENSP00000257118	0	0	0	0	0.042	0	0.500	0	0.500
H2AC6	NBN	9606.ENSP00000367022	9606.ENSP00000265433	0	0	0	0	0.057	0	0.500	0.066	0.521
H2AC6	RB1	9606.ENSP00000367022	9606.ENSP00000267163	0	0	0	0	0.042	0	0.500	0.061	0.510
H2AC6	TINF2	9606.ENSP00000367022	9606.ENSP00000267415	0	0	0	0	0.044	0.096	0.500	0	0.530
H2AC6	RPS27A	9606.ENSP00000367022	9606.ENSP00000272317	0	0	0	0	0.093	0.930	0.400	0.062	0.959
H2AC6	H2BC1	9606.ENSP00000367022	9606.ENSP00000274764	0	0.058	0	0	0.243	0.178	0.400	0.287	0.703
H2AC6	TERF1	9606.ENSP00000367022	9606.ENSP00000276603	0	0	0	0	0	0	0.500	0.073	0.517
H2AC6	H2BC5	9606.ENSP00000367022	9606.ENSP00000289316	0	0.018	0	0	0.822	0.967	0.400	0.595	0.998
H2AC6	TERF2IP	9606.ENSP00000367022	9606.ENSP00000300086	0	0	0	0	0.049	0.095	0.500	0.171	0.595
H2AC6	H2AZ2	9606.ENSP00000367022	9606.ENSP00000308405	0	0	0.055	0.946	0.151	0.300	0.400	0.087	0.636
H2AC6	SUZ12	9606.ENSP00000367022	9606.ENSP00000316578	0	0	0	0	0.056	0.818	0.500	0.051	0.907
H2AC6	H2BC4	9606.ENSP00000367022	9606.ENSP00000321744	0	0.018	0	0	0.708	0.914	0.400	0.420	0.990
H2AC6	MRE11	9606.ENSP00000367022	9606.ENSP00000325863	0	0	0	0	0.057	0.067	0.500	0.106	0.554
H2AC6	MAPK11	9606.ENSP00000367022	9606.ENSP00000333685	0	0	0	0	0	0	0.500	0	0.499
H2AC6	TNRC6C	9606.ENSP00000367022	9606.ENSP00000336783	0	0	0	0	0	0.153	0.500	0	0.558
H2AC6	KAT5	9606.ENSP00000367022	9606.ENSP00000340330	0	0	0	0	0	0.145	0.500	0.047	0.557
H2AC6	H2AC7	9606.ENSP00000367022	9606.ENSP00000341094	0	0	0.048	0.984	0.417	0	0.400	0.047	0.640
H2AC6	H2BC12	9606.ENSP00000367022	9606.ENSP00000349430	0	0.018	0	0	0.822	0.923	0.400	0.414	0.994
H2AC6	POT1	9606.ENSP00000367022	9606.ENSP00000350249	0	0	0	0	0	0	0.500	0	0.499
H2AC6	H3-4	9606.ENSP00000367022	9606.ENSP00000355657	0	0.024	0	0	0.134	0.177	0.500	0.114	0.642
H2AC6	H3-3A	9606.ENSP00000367022	9606.ENSP00000355780	0	0.024	0	0	0.136	0.177	0	0.275	0.439
H2AC6	MAPKAPK2	9606.ENSP00000367022	9606.ENSP00000356070	0	0	0	0	0.042	0	0.500	0.085	0.523
H2AC6	RNF2	9606.ENSP00000367022	9606.ENSP00000356480	0	0	0	0	0	0.064	0.500	0.135	0.559
H2AC6	H2BC21	9606.ENSP00000367022	9606.ENSP00000358151	0	0.018	0	0	0.823	0.926	0.400	0.372	0.994
H2AC6	JUN	9606.ENSP00000367022	9606.ENSP00000360266	0	0	0	0	0.056	0	0.500	0.068	0.521
H2AC6	RBBP4	9606.ENSP00000367022	9606.ENSP00000362592	0	0	0	0	0.057	0.249	0.500	0.065	0.624
H2AC6	RING1	9606.ENSP00000367022	9606.ENSP00000363787	0	0	0	0	0.055	0.064	0.500	0.102	0.549
H2AC6	H2BC13	9606.ENSP00000367022	9606.ENSP00000366618	0	0.018	0	0	0.275	0.178	0.400	0.136	0.650
H2AC6	H2AX	9606.ENSP00000367022	9606.ENSP00000434024	0	0	0.050	0.981	0.044	0	0.400	0.044	0.409
H2AC6	PHC1	9606.ENSP00000367022	9606.ENSP00000437659	0	0	0	0	0	0	0.500	0	0.499
H2AC6	MAPKAPK3	9606.ENSP00000367022	9606.ENSP00000396467	0	0	0	0	0	0	0.500	0	0.499
H2AC6	TNRC6A	9606.ENSP00000367022	9606.ENSP00000379144	0	0	0	0	0	0	0.500	0	0.499
H2AC6	MOV10	9606.ENSP00000367022	9606.ENSP00000399797	0	0	0	0	0.042	0	0.500	0	0.500
H2AC6	TNRC6B	9606.ENSP00000367022	9606.ENSP00000401946	0	0	0	0	0.042	0.049	0.500	0	0.504
H2AC6	PHC3	9606.ENSP00000367022	9606.ENSP00000420294	0	0	0	0	0	0	0.500	0.063	0.511
H2AC6	MYC	9606.ENSP00000367022	9606.ENSP00000478887	0	0	0	0	0	0	0.500	0.063	0.511
H2AC6	RAD50	9606.ENSP00000367022	9606.ENSP00000368100	0	0	0	0	0.054	0	0.500	0.067	0.520
H2AC6	RBBP7	9606.ENSP00000367022	9606.ENSP00000369424	0	0	0	0	0.057	0.249	0.500	0.065	0.624
H2AC6	H2AJ	9606.ENSP00000367022	9606.ENSP00000438553	0	0	0.049	0.982	0.127	0.800	0.400	0.048	0.887
H2AC6	H3C1	9606.ENSP00000367022	9606.ENSP00000480826	0	0.024	0	0	0.156	0.914	0	0.151	0.933
H2AC6	H3C15	9606.ENSP00000367022	9606.ENSP00000385479	0	0.025	0	0	0.168	0.918	0	0.276	0.946
H2AC6	UBC	9606.ENSP00000367022	9606.ENSP00000441543	0	0	0	0	0.082	0.926	0.400	0.047	0.956
H2AC6	UBB	9606.ENSP00000367022	9606.ENSP00000478771	0	0	0	0	0.073	0.926	0.400	0.047	0.956
H2AC6	UBA52	9606.ENSP00000367022	9606.ENSP00000388107	0	0	0	0	0.042	0.932	0.400	0.146	0.962
H2AC6	H4C1	9606.ENSP00000367022	9606.ENSP00000479106	0	0.019	0	0	0.210	0.938	0	0.423	0.969
H2AC6	H2BC3	9606.ENSP00000367022	9606.ENSP00000482674	0	0.018	0	0	0.310	0.967	0.400	0.216	0.987
H2AC6	H2BC14	9606.ENSP00000367022	9606.ENSP00000477907	0	0.018	0	0	0.307	0.967	0.400	0.230	0.988
H2AC6	H2BC11	9606.ENSP00000367022	9606.ENSP00000476136	0	0.018	0	0	0.546	0.920	0.400	0.542	0.988
H2AC6	H2BC15	9606.ENSP00000367022	9606.ENSP00000483903	0	0.018	0	0	0.312	0.967	0.400	0.241	0.988
H2AC6	H2BC17	9606.ENSP00000367022	9606.ENSP00000477527	0	0.018	0	0	0.456	0.967	0.400	0.254	0.990
H2AC6	H2BC9	9606.ENSP00000367022	9606.ENSP00000479169	0	0.018	0	0	0.572	0.967	0.400	0.210	0.992
H2AC7	SIRT1	9606.ENSP00000341094	9606.ENSP00000212015	0	0	0	0	0.081	0.071	0.500	0.057	0.543
H2AC7	MAPK14	9606.ENSP00000341094	9606.ENSP00000229795	0	0	0	0	0.074	0	0.500	0	0.517
H2AC7	KDM6B	9606.ENSP00000341094	9606.ENSP00000254846	0	0	0	0	0.042	0.395	0.500	0.049	0.687
H2AC7	TERF2	9606.ENSP00000341094	9606.ENSP00000254942	0	0	0	0	0	0	0.500	0.055	0.507
H2AC7	PHC2	9606.ENSP00000341094	9606.ENSP00000257118	0	0	0	0	0.042	0	0.500	0	0.500
H2AC7	NBN	9606.ENSP00000341094	9606.ENSP00000265433	0	0	0	0	0.044	0	0.500	0.066	0.514
H2AC7	RB1	9606.ENSP00000341094	9606.ENSP00000267163	0	0	0	0	0	0	0.500	0.061	0.510
H2AC7	TINF2	9606.ENSP00000341094	9606.ENSP00000267415	0	0	0	0	0	0.096	0.500	0	0.528
H2AC7	RPS27A	9606.ENSP00000341094	9606.ENSP00000272317	0	0	0	0	0.086	0.335	0.400	0.115	0.634
H2AC7	H2BC1	9606.ENSP00000341094	9606.ENSP00000274764	0	0.017	0	0	0.243	0.914	0.400	0.216	0.965
H2AC7	TERF1	9606.ENSP00000341094	9606.ENSP00000276603	0	0	0	0	0	0	0.500	0.055	0.507
H2AC7	H2BC5	9606.ENSP00000341094	9606.ENSP00000289316	0	0.018	0	0	0.571	0.914	0.400	0.328	0.983
H2AC7	TERF2IP	9606.ENSP00000341094	9606.ENSP00000300086	0	0	0	0	0	0.095	0.500	0.051	0.533
H2AC7	H2AZ2	9606.ENSP00000341094	9606.ENSP00000308405	0	0	0.055	0.947	0.106	0.435	0.400	0.087	0.691
H2AC7	SUZ12	9606.ENSP00000341094	9606.ENSP00000316578	0	0	0	0	0	0.127	0.500	0.051	0.549
H2AC7	H2BC4	9606.ENSP00000341094	9606.ENSP00000321744	0	0.018	0	0	0.706	0.914	0.400	0.250	0.987
H2AC7	MRE11	9606.ENSP00000341094	9606.ENSP00000325863	0	0	0	0	0	0.067	0.500	0.106	0.546
H2AC7	MAPK11	9606.ENSP00000341094	9606.ENSP00000333685	0	0	0	0	0	0	0.500	0	0.499
H2AC7	TNRC6C	9606.ENSP00000341094	9606.ENSP00000336783	0	0	0	0	0	0.153	0.500	0	0.558
H2AC7	KAT5	9606.ENSP00000341094	9606.ENSP00000340330	0	0	0	0	0.056	0.145	0.500	0.047	0.563
H2AC7	MYC	9606.ENSP00000341094	9606.ENSP00000478887	0	0	0	0	0	0	0.400	0.060	0.411
H2AC7	H2AX	9606.ENSP00000341094	9606.ENSP00000434024	0	0	0.050	0.980	0.056	0	0.400	0.044	0.417
H2AC7	H2AJ	9606.ENSP00000341094	9606.ENSP00000438553	0	0	0.049	0.982	0.149	0	0.400	0.045	0.474
H2AC7	MAPKAPK3	9606.ENSP00000341094	9606.ENSP00000396467	0	0	0	0	0	0	0.500	0	0.499
H2AC7	TNRC6A	9606.ENSP00000341094	9606.ENSP00000379144	0	0	0	0	0	0	0.500	0	0.499
H2AC7	POT1	9606.ENSP00000341094	9606.ENSP00000350249	0	0	0	0	0	0	0.500	0	0.499
H2AC7	PHC1	9606.ENSP00000341094	9606.ENSP00000437659	0	0	0	0	0	0	0.500	0	0.499
H2AC7	PHC3	9606.ENSP00000341094	9606.ENSP00000420294	0	0	0	0	0.042	0	0.500	0	0.500
H2AC7	MOV10	9606.ENSP00000341094	9606.ENSP00000399797	0	0	0	0	0.042	0	0.500	0	0.500
H2AC7	MAPKAPK2	9606.ENSP00000341094	9606.ENSP00000356070	0	0	0	0	0.044	0	0.500	0	0.501
H2AC7	TNRC6B	9606.ENSP00000341094	9606.ENSP00000401946	0	0	0	0	0	0.049	0.500	0	0.504
H2AC7	RAD50	9606.ENSP00000341094	9606.ENSP00000368100	0	0	0	0	0	0	0.500	0.067	0.513
H2AC7	RING1	9606.ENSP00000341094	9606.ENSP00000363787	0	0	0	0	0	0.064	0.500	0.102	0.543
H2AC7	RNF2	9606.ENSP00000341094	9606.ENSP00000356480	0	0	0	0	0	0.064	0.500	0.102	0.543
H2AC7	JUN	9606.ENSP00000341094	9606.ENSP00000360266	0	0	0	0	0.056	0.131	0.500	0	0.554
H2AC7	UBB	9606.ENSP00000341094	9606.ENSP00000478771	0	0	0	0	0.057	0.299	0.400	0.047	0.571
H2AC7	UBC	9606.ENSP00000341094	9606.ENSP00000441543	0	0	0	0	0.064	0.299	0.400	0.047	0.575
H2AC7	UBA52	9606.ENSP00000341094	9606.ENSP00000388107	0	0	0	0	0	0.357	0.400	0.091	0.618
H2AC7	RBBP4	9606.ENSP00000341094	9606.ENSP00000362592	0	0	0	0	0.050	0.249	0.500	0.065	0.621
H2AC7	RBBP7	9606.ENSP00000341094	9606.ENSP00000369424	0	0	0	0	0.050	0.249	0.500	0.107	0.639
H2AC7	H3-4	9606.ENSP00000341094	9606.ENSP00000355657	0	0.023	0	0	0.211	0.177	0.500	0.156	0.689
H2AC7	H2BC12	9606.ENSP00000341094	9606.ENSP00000349430	0	0.018	0	0	0.409	0.178	0.400	0.138	0.715
H2AC7	H2BC13	9606.ENSP00000341094	9606.ENSP00000366618	0	0.018	0	0	0.373	0.178	0.400	0.271	0.744
H2AC7	H2BC11	9606.ENSP00000341094	9606.ENSP00000476136	0	0.018	0	0	0.450	0.178	0.400	0.224	0.761
H2AC7	H3-3A	9606.ENSP00000341094	9606.ENSP00000355780	0	0.023	0	0	0.128	0.914	0	0.076	0.924
H2AC7	H4C1	9606.ENSP00000341094	9606.ENSP00000479106	0	0.018	0	0	0.307	0.915	0	0.081	0.941
H2AC7	H3C1	9606.ENSP00000341094	9606.ENSP00000480826	0	0.023	0	0	0.416	0.914	0	0.076	0.949
H2AC7	H2BC15	9606.ENSP00000341094	9606.ENSP00000483903	0	0.018	0	0	0.423	0.914	0.400	0.229	0.974
H2AC7	H2BC14	9606.ENSP00000341094	9606.ENSP00000477907	0	0.018	0	0	0.542	0.915	0.400	0.123	0.976
H2AC7	H2BC3	9606.ENSP00000341094	9606.ENSP00000482674	0	0.018	0	0	0.611	0.928	0.400	0.231	0.985
H2AC7	H2BC21	9606.ENSP00000341094	9606.ENSP00000358151	0	0.018	0	0	0.520	0.927	0.400	0.370	0.985
H2AC7	H2BC9	9606.ENSP00000341094	9606.ENSP00000479169	0	0.018	0	0	0.816	0.914	0.400	0.195	0.991
H2AC7	H2BC17	9606.ENSP00000341094	9606.ENSP00000477527	0	0.018	0	0	0.815	0.914	0.400	0.333	0.992
H2AJ	SIRT1	9606.ENSP00000438553	9606.ENSP00000212015	0	0	0	0	0.081	0.071	0.500	0.057	0.543
H2AJ	MAPK14	9606.ENSP00000438553	9606.ENSP00000229795	0	0	0	0	0	0	0.500	0	0.499
H2AJ	KDM6B	9606.ENSP00000438553	9606.ENSP00000254846	0	0	0	0	0	0.395	0.500	0.049	0.687
H2AJ	TERF2	9606.ENSP00000438553	9606.ENSP00000254942	0	0	0	0	0	0	0.500	0.055	0.507
H2AJ	PHC2	9606.ENSP00000438553	9606.ENSP00000257118	0	0	0	0	0	0	0.500	0	0.499
H2AJ	NBN	9606.ENSP00000438553	9606.ENSP00000265433	0	0	0	0	0	0	0.500	0.066	0.513
H2AJ	RB1	9606.ENSP00000438553	9606.ENSP00000267163	0	0	0	0	0	0	0.500	0.061	0.510
H2AJ	TINF2	9606.ENSP00000438553	9606.ENSP00000267415	0	0	0	0	0.042	0.096	0.500	0	0.529
H2AJ	H2BC1	9606.ENSP00000438553	9606.ENSP00000274764	0	0.080	0	0	0.243	0.178	0.500	0.166	0.718
H2AJ	TERF1	9606.ENSP00000438553	9606.ENSP00000276603	0	0	0	0	0	0	0.500	0.055	0.507
H2AJ	H2BC5	9606.ENSP00000438553	9606.ENSP00000289316	0	0.081	0	0	0.292	0.922	0.500	0.294	0.979
H2AJ	TERF2IP	9606.ENSP00000438553	9606.ENSP00000300086	0	0	0	0	0.054	0.095	0.500	0.051	0.539
H2AJ	H2AZ2	9606.ENSP00000438553	9606.ENSP00000308405	0	0	0.055	0.947	0.100	0.300	0.400	0.098	0.619
H2AJ	SUZ12	9606.ENSP00000438553	9606.ENSP00000316578	0	0	0	0	0	0.131	0.500	0.051	0.551
H2AJ	H2BC4	9606.ENSP00000438553	9606.ENSP00000321744	0	0.081	0	0	0.310	0.914	0.500	0.210	0.974
H2AJ	MRE11	9606.ENSP00000438553	9606.ENSP00000325863	0	0	0	0	0	0.067	0.500	0.106	0.546
H2AJ	MAPK11	9606.ENSP00000438553	9606.ENSP00000333685	0	0	0	0	0	0	0.500	0	0.499
H2AJ	TNRC6C	9606.ENSP00000438553	9606.ENSP00000336783	0	0	0	0	0	0.153	0.500	0	0.558
H2AJ	KAT5	9606.ENSP00000438553	9606.ENSP00000340330	0	0	0	0	0	0.145	0.500	0.047	0.557
H2AJ	H2BC12	9606.ENSP00000438553	9606.ENSP00000349430	0	0.081	0	0	0.306	0.238	0.500	0.203	0.771
H2AJ	POT1	9606.ENSP00000438553	9606.ENSP00000350249	0	0	0	0	0	0	0.500	0	0.499
H2AJ	H3-4	9606.ENSP00000438553	9606.ENSP00000355657	0	0.033	0	0	0.130	0.177	0.500	0.090	0.631
H2AJ	H3-3A	9606.ENSP00000438553	9606.ENSP00000355780	0	0.034	0	0	0.130	0.177	0	0.248	0.415
H2AJ	MAPKAPK2	9606.ENSP00000438553	9606.ENSP00000356070	0	0	0	0	0	0	0.500	0.117	0.539
H2AJ	RNF2	9606.ENSP00000438553	9606.ENSP00000356480	0	0	0	0	0	0.064	0.500	0.203	0.594
H2AJ	H2BC21	9606.ENSP00000438553	9606.ENSP00000358151	0	0.081	0	0	0.409	0.926	0.500	0.228	0.981
H2AJ	JUN	9606.ENSP00000438553	9606.ENSP00000360266	0	0	0	0	0.049	0	0.500	0.056	0.511
H2AJ	RBBP4	9606.ENSP00000438553	9606.ENSP00000362592	0	0	0	0	0.050	0.249	0.500	0.065	0.621
H2AJ	RING1	9606.ENSP00000438553	9606.ENSP00000363787	0	0	0	0	0.042	0.064	0.500	0.102	0.543
H2AJ	H2BC13	9606.ENSP00000438553	9606.ENSP00000366618	0	0.081	0	0	0.243	0.178	0.500	0.074	0.687
H2AJ	RAD50	9606.ENSP00000438553	9606.ENSP00000368100	0	0	0	0	0	0	0.500	0.067	0.513
H2AJ	RBBP7	9606.ENSP00000438553	9606.ENSP00000369424	0	0	0	0	0.055	0.249	0.500	0.091	0.634
H2AJ	TNRC6A	9606.ENSP00000438553	9606.ENSP00000379144	0	0	0	0	0	0	0.500	0	0.499
H2AJ	H3C15	9606.ENSP00000438553	9606.ENSP00000385479	0	0.034	0	0	0.128	0.837	0	0.102	0.861
H2AJ	MAPKAPK3	9606.ENSP00000438553	9606.ENSP00000396467	0	0	0	0	0	0	0.500	0	0.499
H2AJ	MOV10	9606.ENSP00000438553	9606.ENSP00000399797	0	0	0	0	0	0	0.500	0	0.499
H2AJ	TNRC6B	9606.ENSP00000438553	9606.ENSP00000401946	0	0	0	0	0	0.049	0.500	0	0.504
H2AJ	PHC3	9606.ENSP00000438553	9606.ENSP00000420294	0	0	0	0	0	0	0.500	0	0.499
H2AJ	H2AX	9606.ENSP00000438553	9606.ENSP00000434024	0	0	0.050	0.981	0	0	0.400	0.045	0.408
H2AJ	PHC1	9606.ENSP00000438553	9606.ENSP00000437659	0	0	0	0	0	0	0.500	0	0.499
H2AJ	MYC	9606.ENSP00000438553	9606.ENSP00000478887	0	0	0	0	0	0	0.400	0.068	0.416
H2AJ	H2BC11	9606.ENSP00000438553	9606.ENSP00000476136	0	0.081	0	0	0.291	0.238	0.500	0.180	0.759
H2AJ	H4C1	9606.ENSP00000438553	9606.ENSP00000479106	0	0.027	0	0	0.193	0.830	0	0.495	0.924
H2AJ	H2BC3	9606.ENSP00000438553	9606.ENSP00000482674	0	0.081	0	0	0.264	0.914	0.500	0.074	0.968
H2AJ	H2BC14	9606.ENSP00000438553	9606.ENSP00000477907	0	0.081	0	0	0.249	0.917	0.500	0.074	0.968
H2AJ	H2BC15	9606.ENSP00000438553	9606.ENSP00000483903	0	0.081	0	0	0.258	0.914	0.500	0.074	0.968
H2AJ	H2BC9	9606.ENSP00000438553	9606.ENSP00000479169	0	0.081	0	0	0.310	0.926	0.500	0.074	0.974
H2AJ	H2BC17	9606.ENSP00000438553	9606.ENSP00000477527	0	0.081	0	0	0.278	0.933	0.500	0.092	0.976
H2AX	SIRT1	9606.ENSP00000434024	9606.ENSP00000212015	0	0	0	0	0.081	0.071	0.500	0.652	0.831
H2AX	MAPK14	9606.ENSP00000434024	9606.ENSP00000229795	0	0	0	0	0	0	0.500	0.225	0.595
H2AX	KDM6B	9606.ENSP00000434024	9606.ENSP00000254846	0	0	0	0	0.042	0.395	0.500	0.157	0.723
H2AX	TERF2	9606.ENSP00000434024	9606.ENSP00000254942	0	0	0	0	0.042	0.572	0.500	0.566	0.899
H2AX	PHC2	9606.ENSP00000434024	9606.ENSP00000257118	0	0	0	0	0	0	0.500	0	0.499
H2AX	MDM2	9606.ENSP00000434024	9606.ENSP00000258149	0	0	0	0	0	0	0	0.676	0.676
H2AX	HUS1	9606.ENSP00000434024	9606.ENSP00000258774	0	0	0	0	0	0	0	0.535	0.535
H2AX	LMNB1	9606.ENSP00000434024	9606.ENSP00000261366	0	0	0	0	0.149	0	0	0.403	0.470
H2AX	STAT3	9606.ENSP00000434024	9606.ENSP00000264657	0	0	0	0	0	0.059	0	0.589	0.596
H2AX	NBN	9606.ENSP00000434024	9606.ENSP00000265433	0	0	0	0	0	0.889	0.500	0.676	0.980
H2AX	RB1	9606.ENSP00000434024	9606.ENSP00000267163	0	0	0	0	0.042	0	0.500	0.303	0.637
H2AX	TINF2	9606.ENSP00000434024	9606.ENSP00000267415	0	0	0	0	0	0.096	0.500	0.290	0.651
H2AX	TP53	9606.ENSP00000434024	9606.ENSP00000269305	0	0	0	0	0.047	0.292	0	0.854	0.892
H2AX	RPS27A	9606.ENSP00000434024	9606.ENSP00000272317	0	0	0	0	0.088	0.927	0.500	0.130	0.967
H2AX	H2BC1	9606.ENSP00000434024	9606.ENSP00000274764	0	0.079	0	0	0.243	0.178	0.400	0.438	0.771
H2AX	TERF1	9606.ENSP00000434024	9606.ENSP00000276603	0	0	0	0	0	0	0.500	0.407	0.691
H2AX	H2BC5	9606.ENSP00000434024	9606.ENSP00000289316	0	0.081	0	0	0.252	0.526	0.400	0.391	0.859
H2AX	TERF2IP	9606.ENSP00000434024	9606.ENSP00000300086	0	0	0	0	0.044	0.236	0.500	0.120	0.636
H2AX	H2AZ2	9606.ENSP00000434024	9606.ENSP00000308405	0	0	0.054	0.944	0.120	0.300	0.400	0.119	0.636
H2AX	RAD9A	9606.ENSP00000434024	9606.ENSP00000311360	0	0	0	0	0.047	0.052	0	0.763	0.767
H2AX	SUZ12	9606.ENSP00000434024	9606.ENSP00000316578	0	0	0	0	0.049	0.358	0.500	0.193	0.721
H2AX	H2BC4	9606.ENSP00000434024	9606.ENSP00000321744	0	0.081	0	0	0.243	0.393	0.400	0.388	0.817
H2AX	MRE11	9606.ENSP00000434024	9606.ENSP00000325863	0	0	0	0	0	0.833	0.500	0.492	0.954
H2AX	MAPK11	9606.ENSP00000434024	9606.ENSP00000333685	0	0	0	0	0.042	0	0.500	0.138	0.551
H2AX	TNRC6C	9606.ENSP00000434024	9606.ENSP00000336783	0	0	0	0	0	0.153	0.500	0	0.558
H2AX	KAT5	9606.ENSP00000434024	9606.ENSP00000340330	0	0	0	0	0	0.665	0.500	0.698	0.945
H2AX	PPP1CC	9606.ENSP00000434024	9606.ENSP00000341779	0	0	0	0	0.056	0.098	0	0.672	0.696
H2AX	UBE2C	9606.ENSP00000434024	9606.ENSP00000348838	0	0	0	0	0.311	0.071	0	0.182	0.431
H2AX	H2BC12	9606.ENSP00000434024	9606.ENSP00000349430	0	0.080	0	0	0.263	0.920	0.400	0.390	0.976
H2AX	POT1	9606.ENSP00000434024	9606.ENSP00000350249	0	0	0	0	0	0	0.500	0.182	0.573
H2AX	H3-4	9606.ENSP00000434024	9606.ENSP00000355657	0	0.033	0	0	0.129	0.490	0.800	0.849	0.984
H2AX	MAPKAPK2	9606.ENSP00000434024	9606.ENSP00000356070	0	0	0	0	0.060	0	0.500	0.150	0.565
H2AX	RNF2	9606.ENSP00000434024	9606.ENSP00000356480	0	0	0	0	0	0.521	0.500	0.497	0.869
H2AX	H2BC21	9606.ENSP00000434024	9606.ENSP00000358151	0	0.081	0	0	0.246	0.725	0.400	0.986	0.998
H2AX	JUN	9606.ENSP00000434024	9606.ENSP00000360266	0	0	0	0	0.042	0	0.500	0.400	0.687
H2AX	PTEN	9606.ENSP00000434024	9606.ENSP00000361021	0	0	0	0	0	0.292	0	0.417	0.569
H2AX	RBBP4	9606.ENSP00000434024	9606.ENSP00000362592	0	0	0	0	0.063	0.249	0.500	0.222	0.690
H2AX	RING1	9606.ENSP00000434024	9606.ENSP00000363787	0	0	0	0	0.067	0.217	0.500	0.293	0.707
H2AX	HLA-G	9606.ENSP00000434024	9606.ENSP00000366024	0	0	0	0	0	0.488	0	0.063	0.499
H2AX	H2BC13	9606.ENSP00000434024	9606.ENSP00000366618	0	0.080	0	0	0.254	0.178	0.400	0.374	0.750
H2AX	RAD50	9606.ENSP00000434024	9606.ENSP00000368100	0	0	0	0	0	0.809	0.500	0.365	0.934
H2AX	RBBP7	9606.ENSP00000434024	9606.ENSP00000369424	0	0	0	0	0.096	0.249	0.500	0.252	0.712
H2AX	MAPK8	9606.ENSP00000434024	9606.ENSP00000378974	0	0	0	0	0	0.629	0.500	0.753	0.950
H2AX	TNRC6A	9606.ENSP00000434024	9606.ENSP00000379144	0	0	0	0	0	0	0.500	0.083	0.521
H2AX	HIPK2	9606.ENSP00000434024	9606.ENSP00000385571	0	0	0	0	0	0	0	0.461	0.461
H2AX	UBA52	9606.ENSP00000434024	9606.ENSP00000388107	0	0	0	0	0.061	0.865	0.500	0.181	0.941
H2AX	MAPKAPK3	9606.ENSP00000434024	9606.ENSP00000396467	0	0	0	0	0.062	0	0.500	0.068	0.524
H2AX	MOV10	9606.ENSP00000434024	9606.ENSP00000399797	0	0	0	0	0.044	0	0.500	0	0.501
H2AX	TNRC6B	9606.ENSP00000434024	9606.ENSP00000401946	0	0	0	0	0	0.049	0.500	0	0.504
H2AX	PHC3	9606.ENSP00000434024	9606.ENSP00000420294	0	0	0	0	0	0	0.500	0.247	0.607
H2AX	HMGA2	9606.ENSP00000434024	9606.ENSP00000437621	0	0	0	0	0.061	0.294	0	0.182	0.411
H2AX	PHC1	9606.ENSP00000434024	9606.ENSP00000437659	0	0	0	0	0.044	0	0.500	0.091	0.527
H2AX	H2BC15	9606.ENSP00000434024	9606.ENSP00000483903	0	0.081	0	0	0.254	0.178	0.400	0.372	0.749
H2AX	MYC	9606.ENSP00000434024	9606.ENSP00000478887	0	0	0	0	0.081	0.292	0.400	0.516	0.785
H2AX	H2BC9	9606.ENSP00000434024	9606.ENSP00000479169	0	0.081	0	0	0.257	0.385	0.400	0.372	0.813
H2AX	H2BC3	9606.ENSP00000434024	9606.ENSP00000482674	0	0.081	0	0	0.250	0.393	0.400	0.390	0.819
H2AX	H2BC17	9606.ENSP00000434024	9606.ENSP00000477527	0	0.081	0	0	0.259	0.427	0.400	0.413	0.837
H2AX	H2BC14	9606.ENSP00000434024	9606.ENSP00000477907	0	0.080	0	0	0.261	0.514	0.400	0.379	0.854
H2AX	UBB	9606.ENSP00000434024	9606.ENSP00000478771	0	0	0	0	0.057	0.891	0.500	0.073	0.946
H2AX	UBC	9606.ENSP00000434024	9606.ENSP00000441543	0	0	0	0	0.058	0.891	0.500	0.102	0.948
H2AX	H4C1	9606.ENSP00000434024	9606.ENSP00000479106	0	0.026	0	0	0.193	0.915	0	0.335	0.950
H2AX	H2BC11	9606.ENSP00000434024	9606.ENSP00000476136	0	0.080	0	0	0.258	0.933	0.400	0.381	0.980
H2AX	H3C1	9606.ENSP00000434024	9606.ENSP00000480826	0	0.034	0	0	0.136	0.982	0	0.140	0.986
H2AZ2	SIRT1	9606.ENSP00000308405	9606.ENSP00000212015	0	0	0	0	0.063	0	0.500	0.269	0.628
H2AZ2	MAPK14	9606.ENSP00000308405	9606.ENSP00000229795	0	0	0	0	0.044	0	0.500	0	0.501
H2AZ2	KDM6B	9606.ENSP00000308405	9606.ENSP00000254846	0	0	0	0	0.074	0.118	0.500	0.115	0.590
H2AZ2	TERF2	9606.ENSP00000308405	9606.ENSP00000254942	0	0	0	0	0.057	0	0.500	0	0.508
H2AZ2	PHC2	9606.ENSP00000308405	9606.ENSP00000257118	0	0	0	0	0	0	0.500	0.055	0.507
H2AZ2	NBN	9606.ENSP00000308405	9606.ENSP00000265433	0	0	0	0	0.055	0.094	0.500	0	0.534
H2AZ2	RB1	9606.ENSP00000308405	9606.ENSP00000267163	0	0	0	0	0.077	0	0.500	0.071	0.534
H2AZ2	TINF2	9606.ENSP00000308405	9606.ENSP00000267415	0	0	0	0	0	0.100	0.500	0.052	0.536
H2AZ2	H2BC1	9606.ENSP00000308405	9606.ENSP00000274764	0	0	0	0	0.055	0.308	0.500	0.217	0.709
H2AZ2	TERF1	9606.ENSP00000308405	9606.ENSP00000276603	0	0	0	0	0.056	0	0.500	0.070	0.522
H2AZ2	H2BC5	9606.ENSP00000308405	9606.ENSP00000289316	0	0	0	0	0.062	0.308	0.500	0.184	0.700
H2AZ2	TERF2IP	9606.ENSP00000308405	9606.ENSP00000300086	0	0	0	0	0.054	0.066	0.500	0.078	0.538
H2AZ2	H3C15	9606.ENSP00000308405	9606.ENSP00000385479	0	0	0	0	0.140	0.309	0	0.204	0.485
H2AZ2	TNRC6A	9606.ENSP00000308405	9606.ENSP00000379144	0	0	0	0	0	0	0.500	0	0.499
H2AZ2	MAPKAPK3	9606.ENSP00000308405	9606.ENSP00000396467	0	0	0	0	0	0	0.500	0	0.499
H2AZ2	MAPK11	9606.ENSP00000308405	9606.ENSP00000333685	0	0	0	0	0	0	0.500	0	0.499
H2AZ2	MAPKAPK2	9606.ENSP00000308405	9606.ENSP00000356070	0	0	0	0	0.042	0	0.500	0	0.500
H2AZ2	MOV10	9606.ENSP00000308405	9606.ENSP00000399797	0	0	0	0	0.042	0	0.500	0.052	0.506
H2AZ2	MRE11	9606.ENSP00000308405	9606.ENSP00000325863	0	0	0	0	0.056	0	0.500	0	0.507
H2AZ2	POT1	9606.ENSP00000308405	9606.ENSP00000350249	0	0	0	0	0.062	0	0.500	0	0.510
H2AZ2	PHC1	9606.ENSP00000308405	9606.ENSP00000437659	0	0	0	0	0.058	0	0.500	0.081	0.529
H2AZ2	RAD50	9606.ENSP00000308405	9606.ENSP00000368100	0	0	0	0	0.050	0.110	0.500	0	0.540
H2AZ2	TNRC6B	9606.ENSP00000308405	9606.ENSP00000401946	0	0	0	0	0.049	0.096	0.500	0.064	0.543
H2AZ2	H3-3A	9606.ENSP00000308405	9606.ENSP00000355780	0	0	0	0	0.150	0.309	0	0.296	0.551
H2AZ2	JUN	9606.ENSP00000308405	9606.ENSP00000360266	0	0	0	0	0	0.131	0.500	0.061	0.556
H2AZ2	MYC	9606.ENSP00000308405	9606.ENSP00000478887	0	0	0	0	0	0.161	0.400	0.196	0.559
H2AZ2	RING1	9606.ENSP00000308405	9606.ENSP00000363787	0	0	0	0	0.060	0	0.500	0.149	0.565
H2AZ2	TNRC6C	9606.ENSP00000308405	9606.ENSP00000336783	0	0	0	0	0.053	0.094	0.500	0.127	0.575
H2AZ2	RNF2	9606.ENSP00000308405	9606.ENSP00000356480	0	0	0	0	0.047	0	0.500	0.216	0.594
H2AZ2	SUZ12	9606.ENSP00000308405	9606.ENSP00000316578	0	0	0	0	0.058	0	0.500	0.214	0.597
H2AZ2	PHC3	9606.ENSP00000308405	9606.ENSP00000420294	0	0	0	0	0.047	0	0.500	0.322	0.648
H2AZ2	H2BC12	9606.ENSP00000308405	9606.ENSP00000349430	0	0	0	0	0.062	0.308	0.500	0.129	0.680
H2AZ2	H2BC15	9606.ENSP00000308405	9606.ENSP00000483903	0	0	0	0	0.062	0.308	0.500	0.130	0.680
H2AZ2	H2BC11	9606.ENSP00000308405	9606.ENSP00000476136	0	0	0	0	0.057	0.308	0.500	0.167	0.692
H2AZ2	H2BC4	9606.ENSP00000308405	9606.ENSP00000321744	0	0	0	0	0.055	0.308	0.500	0.172	0.693
H2AZ2	H2BC3	9606.ENSP00000308405	9606.ENSP00000482674	0	0	0	0	0.055	0.308	0.500	0.176	0.694
H2AZ2	H2BC13	9606.ENSP00000308405	9606.ENSP00000366618	0	0	0	0	0.060	0.308	0.500	0.187	0.700
H2AZ2	H2BC14	9606.ENSP00000308405	9606.ENSP00000477907	0	0	0	0	0.062	0.308	0.500	0.187	0.701
H2AZ2	H2BC9	9606.ENSP00000308405	9606.ENSP00000479169	0	0	0	0	0.069	0.336	0.500	0.162	0.706
H2AZ2	RBBP7	9606.ENSP00000308405	9606.ENSP00000369424	0	0	0	0	0.357	0.058	0.500	0.169	0.715
H2AZ2	RBBP4	9606.ENSP00000308405	9606.ENSP00000362592	0	0	0	0	0.366	0.058	0.500	0.232	0.740
H2AZ2	H3-4	9606.ENSP00000308405	9606.ENSP00000355657	0	0	0	0	0.140	0.309	0.500	0.487	0.827
H2AZ2	KAT5	9606.ENSP00000308405	9606.ENSP00000340330	0	0	0	0	0.055	0.290	0.500	0.713	0.891
H2AZ2	H2BC17	9606.ENSP00000308405	9606.ENSP00000477527	0	0	0	0	0.667	0.308	0.500	0.193	0.894
H2AZ2	H3C1	9606.ENSP00000308405	9606.ENSP00000480826	0	0	0	0	0.146	0.927	0	0.175	0.944
H2AZ2	H4C1	9606.ENSP00000308405	9606.ENSP00000479106	0	0	0	0	0.074	0.933	0	0.258	0.950
H2AZ2	H2BC21	9606.ENSP00000308405	9606.ENSP00000358151	0	0	0	0	0.061	0.927	0.500	0.717	0.989
H2BC1	SIRT1	9606.ENSP00000274764	9606.ENSP00000212015	0	0	0	0	0	0.128	0.500	0.274	0.655
H2BC1	MAPK14	9606.ENSP00000274764	9606.ENSP00000229795	0	0	0	0	0	0.045	0.500	0.077	0.521
H2BC1	KDM6B	9606.ENSP00000274764	9606.ENSP00000254846	0	0	0	0	0	0.316	0.500	0.148	0.683
H2BC1	TERF2	9606.ENSP00000274764	9606.ENSP00000254942	0	0	0	0	0	0	0.500	0	0.499
H2BC1	PHC2	9606.ENSP00000274764	9606.ENSP00000257118	0	0	0	0	0	0	0.500	0	0.499
H2BC1	NBN	9606.ENSP00000274764	9606.ENSP00000265433	0	0	0	0	0	0	0.500	0.058	0.508
H2BC1	RB1	9606.ENSP00000274764	9606.ENSP00000267163	0	0	0	0	0	0	0.500	0.108	0.535
H2BC1	TINF2	9606.ENSP00000274764	9606.ENSP00000267415	0	0	0	0	0	0.099	0.500	0	0.530
H2BC1	RPS27A	9606.ENSP00000274764	9606.ENSP00000272317	0	0	0	0	0.057	0.112	0.500	0.177	0.609
H2BC1	H2BC15	9606.ENSP00000274764	9606.ENSP00000483903	0	0	0.051	0.978	0	0	0.400	0	0.406
H2BC1	H2BC5	9606.ENSP00000274764	9606.ENSP00000289316	0	0	0.051	0.978	0	0	0.400	0.043	0.408
H2BC1	H2BC4	9606.ENSP00000274764	9606.ENSP00000321744	0	0	0.051	0.978	0	0	0.400	0.048	0.411
H2BC1	H3-3A	9606.ENSP00000274764	9606.ENSP00000355780	0	0.053	0	0	0.174	0.183	0	0.190	0.413
H2BC1	H2BC14	9606.ENSP00000274764	9606.ENSP00000477907	0	0	0.051	0.978	0	0.072	0.400	0.042	0.426
H2BC1	H2BC3	9606.ENSP00000274764	9606.ENSP00000482674	0	0	0.051	0.978	0.043	0.071	0.400	0.049	0.431
H2BC1	H2BC21	9606.ENSP00000274764	9606.ENSP00000358151	0	0	0.051	0.978	0	0.080	0.400	0.055	0.439
H2BC1	H2BC12	9606.ENSP00000274764	9606.ENSP00000349430	0	0	0.051	0.978	0	0.127	0.400	0.042	0.460
H2BC1	MOV10	9606.ENSP00000274764	9606.ENSP00000399797	0	0	0	0	0	0	0.500	0	0.499
H2BC1	POT1	9606.ENSP00000274764	9606.ENSP00000350249	0	0	0	0	0	0	0.500	0	0.499
H2BC1	MAPKAPK3	9606.ENSP00000274764	9606.ENSP00000396467	0	0	0	0	0	0	0.500	0	0.499
H2BC1	TNRC6A	9606.ENSP00000274764	9606.ENSP00000379144	0	0	0	0	0	0	0.500	0	0.499
H2BC1	PHC1	9606.ENSP00000274764	9606.ENSP00000437659	0	0	0	0	0.052	0	0.500	0	0.505
H2BC1	MAPKAPK2	9606.ENSP00000274764	9606.ENSP00000356070	0	0	0	0	0	0	0.500	0.060	0.509
H2BC1	RAD50	9606.ENSP00000274764	9606.ENSP00000368100	0	0	0	0	0	0.065	0.500	0	0.512
H2BC1	TNRC6B	9606.ENSP00000274764	9606.ENSP00000401946	0	0	0	0	0	0.071	0.500	0	0.515
H2BC1	MRE11	9606.ENSP00000274764	9606.ENSP00000325863	0	0	0	0	0	0.067	0.500	0.048	0.517
H2BC1	MAPK11	9606.ENSP00000274764	9606.ENSP00000333685	0	0	0	0	0	0.045	0.500	0.078	0.521
H2BC1	MAPK8	9606.ENSP00000274764	9606.ENSP00000378974	0	0	0	0	0	0	0.500	0.089	0.525
H2BC1	UBE2E1	9606.ENSP00000274764	9606.ENSP00000303709	0	0	0	0	0.058	0.110	0	0.480	0.526
H2BC1	RING1	9606.ENSP00000274764	9606.ENSP00000363787	0	0	0	0	0	0	0.500	0.115	0.538
H2BC1	RNF2	9606.ENSP00000274764	9606.ENSP00000356480	0	0	0	0	0	0	0.500	0.114	0.538
H2BC1	PHC3	9606.ENSP00000274764	9606.ENSP00000420294	0	0	0	0	0	0	0.500	0.119	0.540
H2BC1	TERF2IP	9606.ENSP00000274764	9606.ENSP00000300086	0	0	0	0	0	0.091	0.500	0.082	0.546
H2BC1	H2BC17	9606.ENSP00000274764	9606.ENSP00000477527	0	0	0.051	0.978	0	0.282	0.400	0.043	0.556
H2BC1	H2BC9	9606.ENSP00000274764	9606.ENSP00000479169	0	0	0.051	0.978	0	0.282	0.400	0.042	0.556
H2BC1	H2BC11	9606.ENSP00000274764	9606.ENSP00000476136	0	0	0.051	0.978	0	0.284	0.400	0.043	0.558
H2BC1	TNRC6C	9606.ENSP00000274764	9606.ENSP00000336783	0	0	0	0	0	0.144	0.500	0.052	0.558
H2BC1	TERF1	9606.ENSP00000274764	9606.ENSP00000276603	0	0	0	0	0	0	0.500	0.166	0.565
H2BC1	UBB	9606.ENSP00000274764	9606.ENSP00000478771	0	0	0	0	0	0.135	0.500	0.094	0.574
H2BC1	SUZ12	9606.ENSP00000274764	9606.ENSP00000316578	0	0	0	0	0	0.130	0.500	0.116	0.581
H2BC1	UBC	9606.ENSP00000274764	9606.ENSP00000441543	0	0	0	0	0	0.135	0.500	0.179	0.613
H2BC1	JUN	9606.ENSP00000274764	9606.ENSP00000360266	0	0	0	0	0	0.158	0.500	0.185	0.627
H2BC1	RBBP7	9606.ENSP00000274764	9606.ENSP00000369424	0	0	0	0	0	0.258	0.500	0.082	0.629
H2BC1	RBBP4	9606.ENSP00000274764	9606.ENSP00000362592	0	0	0	0	0	0.258	0.500	0.104	0.638
H2BC1	UBA52	9606.ENSP00000274764	9606.ENSP00000388107	0	0	0	0	0	0.177	0.500	0.217	0.649
H2BC1	MYC	9606.ENSP00000274764	9606.ENSP00000478887	0	0	0	0	0	0.053	0.500	0.391	0.686
H2BC1	H3C1	9606.ENSP00000274764	9606.ENSP00000480826	0	0.053	0	0	0.174	0.829	0	0.095	0.863
H2BC1	KAT5	9606.ENSP00000274764	9606.ENSP00000340330	0	0	0	0	0	0.757	0.500	0.246	0.900
H2BC1	H2BC13	9606.ENSP00000274764	9606.ENSP00000366618	0	0	0.051	0.979	0	0.860	0.400	0	0.913
H2BC1	H3-4	9606.ENSP00000274764	9606.ENSP00000355657	0	0.052	0	0	0.192	0.183	0.500	0.816	0.932
H2BC1	H4C1	9606.ENSP00000274764	9606.ENSP00000479106	0	0.059	0	0	0.239	0.915	0	0.166	0.942
H2BC11	SIRT1	9606.ENSP00000476136	9606.ENSP00000212015	0	0	0	0	0	0.128	0.500	0.271	0.654
H2BC11	MAPK14	9606.ENSP00000476136	9606.ENSP00000229795	0	0	0	0	0.047	0.045	0.500	0.078	0.524
H2BC11	KDM6B	9606.ENSP00000476136	9606.ENSP00000254846	0	0	0	0	0	0.316	0.500	0.132	0.677
H2BC11	TERF2	9606.ENSP00000476136	9606.ENSP00000254942	0	0	0	0	0	0	0.500	0	0.499
H2BC11	PHC2	9606.ENSP00000476136	9606.ENSP00000257118	0	0	0	0	0	0	0.500	0	0.499
H2BC11	MDM2	9606.ENSP00000476136	9606.ENSP00000258149	0	0	0	0	0	0.237	0	0.280	0.427
H2BC11	NBN	9606.ENSP00000476136	9606.ENSP00000265433	0	0	0	0	0	0	0.500	0.059	0.509
H2BC11	RB1	9606.ENSP00000476136	9606.ENSP00000267163	0	0	0	0	0	0	0.500	0.122	0.542
H2BC11	TINF2	9606.ENSP00000476136	9606.ENSP00000267415	0	0	0	0	0	0.099	0.500	0.052	0.535
H2BC11	TP53	9606.ENSP00000476136	9606.ENSP00000269305	0	0	0	0	0	0.800	0	0.400	0.874
H2BC11	RPS27A	9606.ENSP00000476136	9606.ENSP00000272317	0	0	0	0	0.057	0.907	0.500	0.172	0.959
H2BC11	TERF1	9606.ENSP00000476136	9606.ENSP00000276603	0	0	0	0	0	0	0.500	0.172	0.568
H2BC11	H2BC5	9606.ENSP00000476136	9606.ENSP00000289316	0	0	0.048	0.984	0.337	0.127	0.400	0.046	0.627
H2BC11	TERF2IP	9606.ENSP00000476136	9606.ENSP00000300086	0	0	0	0	0	0.091	0.500	0.082	0.546
H2BC11	UBE2E1	9606.ENSP00000476136	9606.ENSP00000303709	0	0	0	0	0.058	0.110	0	0.479	0.525
H2BC11	SUZ12	9606.ENSP00000476136	9606.ENSP00000316578	0	0	0	0	0	0.818	0.500	0.088	0.910
H2BC11	H2BC4	9606.ENSP00000476136	9606.ENSP00000321744	0	0	0.048	0.984	0.425	0.127	0.400	0.044	0.676
H2BC11	MRE11	9606.ENSP00000476136	9606.ENSP00000325863	0	0	0	0	0.042	0.067	0.500	0.048	0.517
H2BC11	MAPK11	9606.ENSP00000476136	9606.ENSP00000333685	0	0	0	0	0	0.045	0.500	0.074	0.519
H2BC11	TNRC6C	9606.ENSP00000476136	9606.ENSP00000336783	0	0	0	0	0	0.144	0.500	0.052	0.558
H2BC11	KAT5	9606.ENSP00000476136	9606.ENSP00000340330	0	0	0	0	0	0.125	0.500	0.231	0.634
H2BC11	H2BC12	9606.ENSP00000476136	9606.ENSP00000349430	0	0	0.048	0.984	0.339	0.905	0.400	0.377	0.973
H2BC11	POT1	9606.ENSP00000476136	9606.ENSP00000350249	0	0	0	0	0	0	0.500	0	0.499
H2BC11	H3-4	9606.ENSP00000476136	9606.ENSP00000355657	0	0.118	0	0	0.187	0.829	0.500	0.808	0.986
H2BC11	H3-3A	9606.ENSP00000476136	9606.ENSP00000355780	0	0.124	0	0	0.174	0.829	0	0.106	0.875
H2BC11	MAPKAPK2	9606.ENSP00000476136	9606.ENSP00000356070	0	0	0	0	0	0	0.500	0.072	0.516
H2BC11	RNF2	9606.ENSP00000476136	9606.ENSP00000356480	0	0	0	0	0	0	0.500	0.092	0.526
H2BC11	H2BC21	9606.ENSP00000476136	9606.ENSP00000358151	0	0	0.048	0.984	0.306	0.817	0.400	0.274	0.938
H2BC11	JUN	9606.ENSP00000476136	9606.ENSP00000360266	0	0	0	0	0.042	0.071	0.500	0.200	0.596
H2BC11	RBBP4	9606.ENSP00000476136	9606.ENSP00000362592	0	0	0	0	0	0.319	0.500	0.101	0.667
H2BC11	RING1	9606.ENSP00000476136	9606.ENSP00000363787	0	0	0	0	0	0	0.500	0.080	0.520
H2BC11	H2BC13	9606.ENSP00000476136	9606.ENSP00000366618	0	0	0.048	0.984	0.224	0.126	0.400	0	0.561
H2BC11	RAD50	9606.ENSP00000476136	9606.ENSP00000368100	0	0	0	0	0	0.065	0.500	0	0.512
H2BC11	RBBP7	9606.ENSP00000476136	9606.ENSP00000369424	0	0	0	0	0	0.297	0.500	0.070	0.644
H2BC11	MAPK8	9606.ENSP00000476136	9606.ENSP00000378974	0	0	0	0	0	0	0.500	0.091	0.526
H2BC11	TNRC6A	9606.ENSP00000476136	9606.ENSP00000379144	0	0	0	0	0	0	0.500	0	0.499
H2BC11	H3C15	9606.ENSP00000476136	9606.ENSP00000385479	0	0.125	0	0	0.298	0.840	0	0.080	0.897
H2BC11	UBA52	9606.ENSP00000476136	9606.ENSP00000388107	0	0	0	0	0	0.914	0.500	0.218	0.963
H2BC11	MAPKAPK3	9606.ENSP00000476136	9606.ENSP00000396467	0	0	0	0	0	0	0.500	0	0.499
H2BC11	MOV10	9606.ENSP00000476136	9606.ENSP00000399797	0	0	0	0	0	0	0.500	0	0.499
H2BC11	TNRC6B	9606.ENSP00000476136	9606.ENSP00000401946	0	0	0	0	0	0.071	0.500	0	0.515
H2BC11	PHC3	9606.ENSP00000476136	9606.ENSP00000420294	0	0	0	0	0	0	0.500	0.125	0.543
H2BC11	PHC1	9606.ENSP00000476136	9606.ENSP00000437659	0	0	0	0	0.053	0	0.500	0	0.506
H2BC11	UBC	9606.ENSP00000476136	9606.ENSP00000441543	0	0	0	0	0	0.909	0.500	0.170	0.959
H2BC11	H2BC14	9606.ENSP00000476136	9606.ENSP00000477907	0	0	0.049	0.983	0.255	0.070	0.400	0.042	0.552
H2BC11	H2BC15	9606.ENSP00000476136	9606.ENSP00000483903	0	0	0.048	0.984	0.312	0.127	0.400	0	0.611
H2BC11	MYC	9606.ENSP00000476136	9606.ENSP00000478887	0	0	0	0	0.059	0.053	0.500	0.375	0.684
H2BC11	H2BC3	9606.ENSP00000476136	9606.ENSP00000482674	0	0	0.048	0.984	0.311	0.354	0.400	0.043	0.712
H2BC11	H2BC9	9606.ENSP00000476136	9606.ENSP00000479169	0	0	0.048	0.984	0.436	0.297	0.400	0.043	0.744
H2BC11	H2BC17	9606.ENSP00000476136	9606.ENSP00000477527	0	0	0.048	0.984	0.501	0.319	0.400	0.044	0.780
H2BC11	H3C1	9606.ENSP00000476136	9606.ENSP00000480826	0	0.124	0	0	0.270	0.914	0	0.108	0.945
H2BC11	UBB	9606.ENSP00000476136	9606.ENSP00000478771	0	0	0	0	0.047	0.909	0.500	0.064	0.954
H2BC11	H4C1	9606.ENSP00000476136	9606.ENSP00000479106	0	0.065	0	0	0.305	0.915	0.540	0.190	0.975
H2BC12	SIRT1	9606.ENSP00000349430	9606.ENSP00000212015	0	0	0	0	0	0.128	0.500	0.271	0.654
H2BC12	MAPK14	9606.ENSP00000349430	9606.ENSP00000229795	0	0	0	0	0.044	0.045	0.500	0.073	0.520
H2BC12	KDM6B	9606.ENSP00000349430	9606.ENSP00000254846	0	0	0	0	0	0.316	0.500	0.122	0.673
H2BC12	TERF2	9606.ENSP00000349430	9606.ENSP00000254942	0	0	0	0	0.044	0	0.500	0	0.501
H2BC12	PHC2	9606.ENSP00000349430	9606.ENSP00000257118	0	0	0	0	0	0	0.500	0	0.499
H2BC12	HIRA	9606.ENSP00000349430	9606.ENSP00000263208	0	0	0	0	0	0.331	0	0.462	0.625
H2BC12	NBN	9606.ENSP00000349430	9606.ENSP00000265433	0	0	0	0	0	0	0.500	0.058	0.508
H2BC12	RB1	9606.ENSP00000349430	9606.ENSP00000267163	0	0	0	0	0	0	0.500	0.112	0.537
H2BC12	TINF2	9606.ENSP00000349430	9606.ENSP00000267415	0	0	0	0	0.063	0.099	0.500	0	0.541
H2BC12	TP53	9606.ENSP00000349430	9606.ENSP00000269305	0	0	0	0	0	0.800	0	0.407	0.876
H2BC12	RPS27A	9606.ENSP00000349430	9606.ENSP00000272317	0	0	0	0	0.057	0.907	0.500	0.211	0.960
H2BC12	TERF1	9606.ENSP00000349430	9606.ENSP00000276603	0	0	0	0	0	0	0.500	0.174	0.569
H2BC12	H2BC5	9606.ENSP00000349430	9606.ENSP00000289316	0	0	0.048	0.984	0.663	0.127	0.400	0.049	0.811
H2BC12	TERF2IP	9606.ENSP00000349430	9606.ENSP00000300086	0	0	0	0	0.049	0.091	0.500	0.082	0.550
H2BC12	UBE2E1	9606.ENSP00000349430	9606.ENSP00000303709	0	0	0	0	0.075	0.110	0	0.479	0.534
H2BC12	SUZ12	9606.ENSP00000349430	9606.ENSP00000316578	0	0	0	0	0	0.818	0.500	0.087	0.909
H2BC12	H2BC4	9606.ENSP00000349430	9606.ENSP00000321744	0	0	0.048	0.984	0.448	0.127	0.400	0.043	0.688
H2BC12	MRE11	9606.ENSP00000349430	9606.ENSP00000325863	0	0	0	0	0	0.067	0.500	0.048	0.517
H2BC12	MAPK11	9606.ENSP00000349430	9606.ENSP00000333685	0	0	0	0	0	0.045	0.500	0.073	0.519
H2BC12	TNRC6C	9606.ENSP00000349430	9606.ENSP00000336783	0	0	0	0	0	0.144	0.500	0.052	0.558
H2BC12	KAT5	9606.ENSP00000349430	9606.ENSP00000340330	0	0	0	0	0	0.125	0.500	0.231	0.634
H2BC12	H2BC14	9606.ENSP00000349430	9606.ENSP00000477907	0	0	0.049	0.983	0.152	0.070	0.400	0.042	0.490
H2BC12	MAPKAPK3	9606.ENSP00000349430	9606.ENSP00000396467	0	0	0	0	0	0	0.500	0	0.499
H2BC12	TNRC6A	9606.ENSP00000349430	9606.ENSP00000379144	0	0	0	0	0	0	0.500	0	0.499
H2BC12	POT1	9606.ENSP00000349430	9606.ENSP00000350249	0	0	0	0	0	0	0.500	0	0.499
H2BC12	MOV10	9606.ENSP00000349430	9606.ENSP00000399797	0	0	0	0	0.042	0	0.500	0	0.500
H2BC12	PHC1	9606.ENSP00000349430	9606.ENSP00000437659	0	0	0	0	0.052	0	0.500	0	0.506
H2BC12	MAPKAPK2	9606.ENSP00000349430	9606.ENSP00000356070	0	0	0	0	0.042	0	0.500	0.056	0.508
H2BC12	RAD50	9606.ENSP00000349430	9606.ENSP00000368100	0	0	0	0	0	0.065	0.500	0	0.512
H2BC12	H2BC15	9606.ENSP00000349430	9606.ENSP00000483903	0	0	0.048	0.984	0.138	0.127	0.400	0.042	0.513
H2BC12	TNRC6B	9606.ENSP00000349430	9606.ENSP00000401946	0	0	0	0	0.044	0.071	0.500	0	0.517
H2BC12	H2BC13	9606.ENSP00000349430	9606.ENSP00000366618	0	0	0.048	0.984	0.158	0.126	0.400	0.042	0.524
H2BC12	MAPK8	9606.ENSP00000349430	9606.ENSP00000378974	0	0	0	0	0	0	0.500	0.094	0.527
H2BC12	RNF2	9606.ENSP00000349430	9606.ENSP00000356480	0	0	0	0	0	0	0.500	0.096	0.528
H2BC12	RING1	9606.ENSP00000349430	9606.ENSP00000363787	0	0	0	0	0.044	0	0.500	0.115	0.540
H2BC12	PHC3	9606.ENSP00000349430	9606.ENSP00000420294	0	0	0	0	0	0	0.500	0.125	0.543
H2BC12	JUN	9606.ENSP00000349430	9606.ENSP00000360266	0	0	0	0	0.048	0.071	0.500	0.193	0.595
H2BC12	H2BC3	9606.ENSP00000349430	9606.ENSP00000482674	0	0	0.048	0.984	0.149	0.354	0.400	0.042	0.645
H2BC12	RBBP7	9606.ENSP00000349430	9606.ENSP00000369424	0	0	0	0	0.044	0.297	0.500	0.081	0.650
H2BC12	RBBP4	9606.ENSP00000349430	9606.ENSP00000362592	0	0	0	0	0	0.319	0.500	0.103	0.668
H2BC12	MYC	9606.ENSP00000349430	9606.ENSP00000478887	0	0	0	0	0.072	0.053	0.500	0.379	0.690
H2BC12	H2BC9	9606.ENSP00000349430	9606.ENSP00000479169	0	0	0.048	0.984	0.476	0.297	0.400	0.043	0.762
H2BC12	H2BC17	9606.ENSP00000349430	9606.ENSP00000477527	0	0	0.048	0.984	0.330	0.764	0.400	0.043	0.897
H2BC12	H3-3A	9606.ENSP00000349430	9606.ENSP00000355780	0	0.124	0	0	0.174	0.829	0	0.466	0.925
H2BC12	H2BC21	9606.ENSP00000349430	9606.ENSP00000358151	0	0	0.048	0.984	0.534	0.764	0.400	0.047	0.929
H2BC12	H3C15	9606.ENSP00000349430	9606.ENSP00000385479	0	0.125	0	0	0.230	0.896	0	0.132	0.931
H2BC12	H3C1	9606.ENSP00000349430	9606.ENSP00000480826	0	0.125	0	0	0.212	0.914	0	0.235	0.949
H2BC12	UBB	9606.ENSP00000349430	9606.ENSP00000478771	0	0	0	0	0.060	0.909	0.500	0.085	0.956
H2BC12	UBC	9606.ENSP00000349430	9606.ENSP00000441543	0	0	0	0	0.066	0.909	0.500	0.182	0.960
H2BC12	UBA52	9606.ENSP00000349430	9606.ENSP00000388107	0	0	0	0	0.048	0.914	0.500	0.216	0.963
H2BC12	H4C1	9606.ENSP00000349430	9606.ENSP00000479106	0	0.065	0	0	0.265	0.915	0	0.554	0.970
H2BC12	H3-4	9606.ENSP00000349430	9606.ENSP00000355657	0	0.118	0	0	0.179	0.829	0.500	0.880	0.991
H2BC13	SIRT1	9606.ENSP00000366618	9606.ENSP00000212015	0	0	0	0	0	0.128	0.500	0.273	0.655
H2BC13	MAPK14	9606.ENSP00000366618	9606.ENSP00000229795	0	0	0	0	0	0.045	0.500	0.077	0.521
H2BC13	KDM6B	9606.ENSP00000366618	9606.ENSP00000254846	0	0	0	0	0	0.316	0.500	0.121	0.673
H2BC13	TERF2	9606.ENSP00000366618	9606.ENSP00000254942	0	0	0	0	0	0	0.500	0	0.499
H2BC13	PHC2	9606.ENSP00000366618	9606.ENSP00000257118	0	0	0	0	0	0	0.500	0	0.499
H2BC13	NBN	9606.ENSP00000366618	9606.ENSP00000265433	0	0	0	0	0	0	0.500	0.060	0.509
H2BC13	RB1	9606.ENSP00000366618	9606.ENSP00000267163	0	0	0	0	0	0	0.500	0.110	0.536
H2BC13	TINF2	9606.ENSP00000366618	9606.ENSP00000267415	0	0	0	0	0	0.099	0.500	0.055	0.537
H2BC13	TP53	9606.ENSP00000366618	9606.ENSP00000269305	0	0	0	0	0	0.164	0	0.399	0.476
H2BC13	RPS27A	9606.ENSP00000366618	9606.ENSP00000272317	0	0	0	0	0.057	0.112	0.500	0.191	0.615
H2BC13	TERF1	9606.ENSP00000366618	9606.ENSP00000276603	0	0	0	0	0	0	0.500	0.170	0.567
H2BC13	H2BC5	9606.ENSP00000366618	9606.ENSP00000289316	0	0	0.049	0.983	0.184	0	0.400	0.048	0.497
H2BC13	TERF2IP	9606.ENSP00000366618	9606.ENSP00000300086	0	0	0	0	0	0.091	0.500	0.082	0.546
H2BC13	UBE2E1	9606.ENSP00000366618	9606.ENSP00000303709	0	0	0	0	0.058	0.110	0	0.480	0.526
H2BC13	SUZ12	9606.ENSP00000366618	9606.ENSP00000316578	0	0	0	0	0	0.130	0.500	0.095	0.572
H2BC13	H2BC4	9606.ENSP00000366618	9606.ENSP00000321744	0	0	0.048	0.984	0.180	0	0.400	0.049	0.495
H2BC13	MRE11	9606.ENSP00000366618	9606.ENSP00000325863	0	0	0	0	0.042	0.067	0.500	0.048	0.517
H2BC13	MAPK11	9606.ENSP00000366618	9606.ENSP00000333685	0	0	0	0	0	0.045	0.500	0.077	0.521
H2BC13	TNRC6C	9606.ENSP00000366618	9606.ENSP00000336783	0	0	0	0	0	0.144	0.500	0.052	0.558
H2BC13	KAT5	9606.ENSP00000366618	9606.ENSP00000340330	0	0	0	0	0	0.125	0.500	0.231	0.634
H2BC13	POT1	9606.ENSP00000366618	9606.ENSP00000350249	0	0	0	0	0	0	0.500	0	0.499
H2BC13	H3-4	9606.ENSP00000366618	9606.ENSP00000355657	0	0.051	0	0	0.210	0.288	0.500	0.811	0.940
H2BC13	MAPKAPK2	9606.ENSP00000366618	9606.ENSP00000356070	0	0	0	0	0	0	0.500	0.058	0.508
H2BC13	RNF2	9606.ENSP00000366618	9606.ENSP00000356480	0	0	0	0	0.044	0	0.500	0.090	0.527
H2BC13	H2BC21	9606.ENSP00000366618	9606.ENSP00000358151	0	0	0.048	0.984	0.105	0.190	0.400	0.046	0.533
H2BC13	JUN	9606.ENSP00000366618	9606.ENSP00000360266	0	0	0	0	0	0.071	0.500	0.186	0.588
H2BC13	RBBP4	9606.ENSP00000366618	9606.ENSP00000362592	0	0	0	0	0	0.258	0.500	0.101	0.637
H2BC13	RING1	9606.ENSP00000366618	9606.ENSP00000363787	0	0	0	0	0	0	0.500	0.082	0.521
H2BC13	MAPKAPK3	9606.ENSP00000366618	9606.ENSP00000396467	0	0	0	0	0	0	0.500	0	0.499
H2BC13	TNRC6A	9606.ENSP00000366618	9606.ENSP00000379144	0	0	0	0	0	0	0.500	0	0.499
H2BC13	PHC1	9606.ENSP00000366618	9606.ENSP00000437659	0	0	0	0	0.052	0	0.500	0	0.505
H2BC13	RAD50	9606.ENSP00000366618	9606.ENSP00000368100	0	0	0	0	0	0.065	0.500	0	0.512
H2BC13	TNRC6B	9606.ENSP00000366618	9606.ENSP00000401946	0	0	0	0	0	0.071	0.500	0	0.515
H2BC13	MOV10	9606.ENSP00000366618	9606.ENSP00000399797	0	0	0	0	0	0	0.500	0.078	0.519
H2BC13	MAPK8	9606.ENSP00000366618	9606.ENSP00000378974	0	0	0	0	0	0	0.500	0.090	0.525
H2BC13	H2BC9	9606.ENSP00000366618	9606.ENSP00000479169	0	0	0.048	0.984	0.180	0.135	0.400	0.042	0.541
H2BC13	PHC3	9606.ENSP00000366618	9606.ENSP00000420294	0	0	0	0	0	0	0.500	0.125	0.543
H2BC13	H3C15	9606.ENSP00000366618	9606.ENSP00000385479	0	0.053	0	0	0.346	0.183	0	0.224	0.555
H2BC13	UBB	9606.ENSP00000366618	9606.ENSP00000478771	0	0	0	0	0	0.135	0.500	0.064	0.559
H2BC13	H2BC3	9606.ENSP00000366618	9606.ENSP00000482674	0	0	0.049	0.983	0.304	0	0.400	0.042	0.568
H2BC13	H2BC15	9606.ENSP00000366618	9606.ENSP00000483903	0	0	0.048	0.984	0.335	0	0.400	0.042	0.587
H2BC13	UBC	9606.ENSP00000366618	9606.ENSP00000441543	0	0	0	0	0	0.135	0.500	0.176	0.612
H2BC13	RBBP7	9606.ENSP00000366618	9606.ENSP00000369424	0	0	0	0	0	0.258	0.500	0.073	0.626
H2BC13	H3C1	9606.ENSP00000366618	9606.ENSP00000480826	0	0.053	0	0	0.311	0.183	0	0.399	0.637
H2BC13	UBA52	9606.ENSP00000366618	9606.ENSP00000388107	0	0	0	0	0.048	0.177	0.500	0.220	0.653
H2BC13	H2BC17	9606.ENSP00000366618	9606.ENSP00000477527	0	0	0.049	0.983	0.393	0.135	0.400	0.043	0.661
H2BC13	MYC	9606.ENSP00000366618	9606.ENSP00000478887	0	0	0	0	0	0.134	0.500	0.374	0.705
H2BC13	H4C1	9606.ENSP00000366618	9606.ENSP00000479106	0	0.144	0	0	0.373	0.190	0	0.434	0.721
H2BC13	H2BC14	9606.ENSP00000366618	9606.ENSP00000477907	0	0	0.049	0.983	0.546	0.071	0.400	0.043	0.727
H2BC14	SIRT1	9606.ENSP00000477907	9606.ENSP00000212015	0	0	0	0	0	0.128	0.500	0.272	0.654
H2BC14	MAPK14	9606.ENSP00000477907	9606.ENSP00000229795	0	0	0	0	0.050	0.045	0.500	0.083	0.528
H2BC14	KDM6B	9606.ENSP00000477907	9606.ENSP00000254846	0	0	0	0	0	0.316	0.500	0.121	0.673
H2BC14	TERF2	9606.ENSP00000477907	9606.ENSP00000254942	0	0	0	0	0	0	0.500	0	0.499
H2BC14	PHC2	9606.ENSP00000477907	9606.ENSP00000257118	0	0	0	0	0	0	0.500	0	0.499
H2BC14	NBN	9606.ENSP00000477907	9606.ENSP00000265433	0	0	0	0	0	0	0.500	0.060	0.509
H2BC14	RB1	9606.ENSP00000477907	9606.ENSP00000267163	0	0	0	0	0.042	0	0.500	0.113	0.538
H2BC14	TINF2	9606.ENSP00000477907	9606.ENSP00000267415	0	0	0	0	0	0.099	0.500	0.055	0.537
H2BC14	TP53	9606.ENSP00000477907	9606.ENSP00000269305	0	0	0	0	0	0	0	0.400	0.400
H2BC14	RPS27A	9606.ENSP00000477907	9606.ENSP00000272317	0	0	0	0	0.057	0.112	0.500	0.173	0.607
H2BC14	TERF1	9606.ENSP00000477907	9606.ENSP00000276603	0	0	0	0	0	0	0.500	0.167	0.565
H2BC14	H2BC5	9606.ENSP00000477907	9606.ENSP00000289316	0	0	0.048	0.984	0.332	0.812	0.400	0.048	0.919
H2BC14	TERF2IP	9606.ENSP00000477907	9606.ENSP00000300086	0	0	0	0	0	0.091	0.500	0.081	0.545
H2BC14	UBE2E1	9606.ENSP00000477907	9606.ENSP00000303709	0	0	0	0	0.058	0.110	0	0.480	0.526
H2BC14	SUZ12	9606.ENSP00000477907	9606.ENSP00000316578	0	0	0	0	0	0.130	0.500	0.089	0.569
H2BC14	H2BC4	9606.ENSP00000477907	9606.ENSP00000321744	0	0	0.048	0.984	0.245	0.812	0.400	0.047	0.908
H2BC14	MRE11	9606.ENSP00000477907	9606.ENSP00000325863	0	0	0	0	0.044	0.067	0.500	0.048	0.518
H2BC14	MAPK11	9606.ENSP00000477907	9606.ENSP00000333685	0	0	0	0	0	0.045	0.500	0.076	0.520
H2BC14	TNRC6C	9606.ENSP00000477907	9606.ENSP00000336783	0	0	0	0	0	0.144	0.500	0.052	0.558
H2BC14	KAT5	9606.ENSP00000477907	9606.ENSP00000340330	0	0	0	0	0	0.125	0.500	0.231	0.634
H2BC14	POT1	9606.ENSP00000477907	9606.ENSP00000350249	0	0	0	0	0	0	0.500	0	0.499
H2BC14	H3-4	9606.ENSP00000477907	9606.ENSP00000355657	0	0.118	0	0	0.228	0.286	0.500	0.810	0.945
H2BC14	H3-3A	9606.ENSP00000477907	9606.ENSP00000355780	0	0.124	0	0	0.174	0.181	0	0.375	0.580
H2BC14	MAPKAPK2	9606.ENSP00000477907	9606.ENSP00000356070	0	0	0	0	0.044	0	0.500	0.063	0.512
H2BC14	RNF2	9606.ENSP00000477907	9606.ENSP00000356480	0	0	0	0	0	0	0.500	0.089	0.525
H2BC14	H2BC21	9606.ENSP00000477907	9606.ENSP00000358151	0	0	0.048	0.984	0.127	0.835	0.400	0.046	0.907
H2BC14	JUN	9606.ENSP00000477907	9606.ENSP00000360266	0	0	0	0	0.044	0.071	0.500	0.185	0.589
H2BC14	RBBP4	9606.ENSP00000477907	9606.ENSP00000362592	0	0	0	0	0	0.258	0.500	0.124	0.646
H2BC14	RING1	9606.ENSP00000477907	9606.ENSP00000363787	0	0	0	0	0	0	0.500	0.087	0.524
H2BC14	RAD50	9606.ENSP00000477907	9606.ENSP00000368100	0	0	0	0	0	0.065	0.500	0	0.512
H2BC14	RBBP7	9606.ENSP00000477907	9606.ENSP00000369424	0	0	0	0	0	0.258	0.500	0.078	0.628
H2BC14	MAPK8	9606.ENSP00000477907	9606.ENSP00000378974	0	0	0	0	0	0	0.500	0.091	0.526
H2BC14	TNRC6A	9606.ENSP00000477907	9606.ENSP00000379144	0	0	0	0	0	0	0.500	0	0.499
H2BC14	H3C15	9606.ENSP00000477907	9606.ENSP00000385479	0	0.125	0	0	0.260	0.829	0	0.173	0.896
H2BC14	UBA52	9606.ENSP00000477907	9606.ENSP00000388107	0	0	0	0	0.044	0.177	0.500	0.238	0.660
H2BC14	MAPKAPK3	9606.ENSP00000477907	9606.ENSP00000396467	0	0	0	0	0	0	0.500	0	0.499
H2BC14	MOV10	9606.ENSP00000477907	9606.ENSP00000399797	0	0	0	0	0	0	0.500	0	0.499
H2BC14	TNRC6B	9606.ENSP00000477907	9606.ENSP00000401946	0	0	0	0	0	0.071	0.500	0	0.515
H2BC14	PHC3	9606.ENSP00000477907	9606.ENSP00000420294	0	0	0	0	0	0	0.500	0.124	0.543
H2BC14	PHC1	9606.ENSP00000477907	9606.ENSP00000437659	0	0	0	0	0.052	0	0.500	0	0.505
H2BC14	UBC	9606.ENSP00000477907	9606.ENSP00000441543	0	0	0	0	0.044	0.135	0.500	0.173	0.612
H2BC14	H2BC17	9606.ENSP00000477907	9606.ENSP00000477527	0	0	0.049	0.983	0.769	0.812	0.400	0.043	0.971
H2BC14	UBB	9606.ENSP00000477907	9606.ENSP00000478771	0	0	0	0	0	0.135	0.500	0.064	0.559
H2BC14	H3C1	9606.ENSP00000477907	9606.ENSP00000480826	0	0.124	0	0	0.502	0.181	0	0.143	0.653
H2BC14	MYC	9606.ENSP00000477907	9606.ENSP00000478887	0	0	0	0	0.042	0.138	0.500	0.376	0.708
H2BC14	H2BC15	9606.ENSP00000477907	9606.ENSP00000483903	0	0	0.048	0.984	0.430	0.812	0.400	0.043	0.930
H2BC14	H2BC9	9606.ENSP00000477907	9606.ENSP00000479169	0	0	0.049	0.983	0.464	0.835	0.400	0.043	0.943
H2BC14	H4C1	9606.ENSP00000477907	9606.ENSP00000479106	0	0.060	0	0	0.353	0.915	0	0.177	0.952
H2BC14	H2BC3	9606.ENSP00000477907	9606.ENSP00000482674	0	0	0.048	0.984	0.775	0.812	0.400	0.044	0.972
H2BC15	SIRT1	9606.ENSP00000483903	9606.ENSP00000212015	0	0	0	0	0	0.128	0.500	0.272	0.654
H2BC15	MAPK14	9606.ENSP00000483903	9606.ENSP00000229795	0	0	0	0	0	0.045	0.500	0.079	0.522
H2BC15	KDM6B	9606.ENSP00000483903	9606.ENSP00000254846	0	0	0	0	0	0.316	0.500	0.128	0.675
H2BC15	TERF2	9606.ENSP00000483903	9606.ENSP00000254942	0	0	0	0	0	0	0.500	0	0.499
H2BC15	PHC2	9606.ENSP00000483903	9606.ENSP00000257118	0	0	0	0	0	0	0.500	0	0.499
H2BC15	NBN	9606.ENSP00000483903	9606.ENSP00000265433	0	0	0	0	0	0	0.500	0.059	0.509
H2BC15	RB1	9606.ENSP00000483903	9606.ENSP00000267163	0	0	0	0	0	0	0.500	0.112	0.537
H2BC15	TINF2	9606.ENSP00000483903	9606.ENSP00000267415	0	0	0	0	0	0.099	0.500	0.052	0.535
H2BC15	RPS27A	9606.ENSP00000483903	9606.ENSP00000272317	0	0	0	0	0.057	0.112	0.500	0.172	0.607
H2BC15	TERF1	9606.ENSP00000483903	9606.ENSP00000276603	0	0	0	0	0	0	0.500	0.174	0.569
H2BC15	H2BC5	9606.ENSP00000483903	9606.ENSP00000289316	0	0	0.048	0.984	0.224	0.812	0.400	0.050	0.906
H2BC15	TERF2IP	9606.ENSP00000483903	9606.ENSP00000300086	0	0	0	0	0	0.091	0.500	0.082	0.546
H2BC15	UBE2E1	9606.ENSP00000483903	9606.ENSP00000303709	0	0	0	0	0.058	0.110	0	0.480	0.526
H2BC15	SUZ12	9606.ENSP00000483903	9606.ENSP00000316578	0	0	0	0	0	0.130	0.500	0.095	0.572
H2BC15	H2BC4	9606.ENSP00000483903	9606.ENSP00000321744	0	0	0.048	0.984	0.199	0.812	0.400	0.044	0.902
H2BC15	MRE11	9606.ENSP00000483903	9606.ENSP00000325863	0	0	0	0	0.042	0.067	0.500	0.048	0.517
H2BC15	MAPK11	9606.ENSP00000483903	9606.ENSP00000333685	0	0	0	0	0	0.045	0.500	0.089	0.527
H2BC15	TNRC6C	9606.ENSP00000483903	9606.ENSP00000336783	0	0	0	0	0	0.144	0.500	0.052	0.558
H2BC15	KAT5	9606.ENSP00000483903	9606.ENSP00000340330	0	0	0	0	0	0.125	0.500	0.231	0.634
H2BC15	POT1	9606.ENSP00000483903	9606.ENSP00000350249	0	0	0	0	0.045	0	0.500	0	0.502
H2BC15	H3-4	9606.ENSP00000483903	9606.ENSP00000355657	0	0.118	0	0	0.202	0.287	0.500	0.809	0.943
H2BC15	MAPKAPK2	9606.ENSP00000483903	9606.ENSP00000356070	0	0	0	0	0	0	0.500	0.057	0.508
H2BC15	RNF2	9606.ENSP00000483903	9606.ENSP00000356480	0	0	0	0	0	0	0.500	0.105	0.533
H2BC15	H2BC21	9606.ENSP00000483903	9606.ENSP00000358151	0	0	0.048	0.984	0.122	0.812	0.400	0.050	0.894
H2BC15	JUN	9606.ENSP00000483903	9606.ENSP00000360266	0	0	0	0	0.044	0.071	0.500	0.185	0.589
H2BC15	RBBP4	9606.ENSP00000483903	9606.ENSP00000362592	0	0	0	0	0	0.258	0.500	0.101	0.637
H2BC15	RING1	9606.ENSP00000483903	9606.ENSP00000363787	0	0	0	0	0	0	0.500	0.087	0.524
H2BC15	RAD50	9606.ENSP00000483903	9606.ENSP00000368100	0	0	0	0	0	0.065	0.500	0	0.512
H2BC15	RBBP7	9606.ENSP00000483903	9606.ENSP00000369424	0	0	0	0	0	0.258	0.500	0.091	0.633
H2BC15	MAPK8	9606.ENSP00000483903	9606.ENSP00000378974	0	0	0	0	0	0	0.500	0.091	0.526
H2BC15	TNRC6A	9606.ENSP00000483903	9606.ENSP00000379144	0	0	0	0	0	0	0.500	0	0.499
H2BC15	H3C15	9606.ENSP00000483903	9606.ENSP00000385479	0	0.125	0	0	0.230	0.829	0	0.080	0.880
H2BC15	UBA52	9606.ENSP00000483903	9606.ENSP00000388107	0	0	0	0	0	0.177	0.500	0.237	0.658
H2BC15	MAPKAPK3	9606.ENSP00000483903	9606.ENSP00000396467	0	0	0	0	0	0	0.500	0	0.499
H2BC15	MOV10	9606.ENSP00000483903	9606.ENSP00000399797	0	0	0	0	0	0	0.500	0	0.499
H2BC15	TNRC6B	9606.ENSP00000483903	9606.ENSP00000401946	0	0	0	0	0.060	0.071	0.500	0	0.525
H2BC15	PHC3	9606.ENSP00000483903	9606.ENSP00000420294	0	0	0	0	0.042	0	0.500	0.122	0.542
H2BC15	PHC1	9606.ENSP00000483903	9606.ENSP00000437659	0	0	0	0	0.057	0	0.500	0	0.508
H2BC15	UBC	9606.ENSP00000483903	9606.ENSP00000441543	0	0	0	0	0	0.135	0.500	0.177	0.613
H2BC15	H2BC17	9606.ENSP00000483903	9606.ENSP00000477527	0	0	0.048	0.984	0.626	0.850	0.400	0.046	0.963
H2BC15	UBB	9606.ENSP00000483903	9606.ENSP00000478771	0	0	0	0	0	0.135	0.500	0.064	0.559
H2BC15	MYC	9606.ENSP00000483903	9606.ENSP00000478887	0	0	0	0	0	0.053	0.500	0.372	0.676
H2BC15	H4C1	9606.ENSP00000483903	9606.ENSP00000479106	0	0.060	0	0	0.285	0.831	0	0.101	0.884
H2BC15	H2BC9	9606.ENSP00000483903	9606.ENSP00000479169	0	0	0.048	0.984	0.250	0.850	0.400	0.042	0.927
H2BC15	H3C1	9606.ENSP00000483903	9606.ENSP00000480826	0	0.125	0	0	0.331	0.183	0	0.096	0.510
H2BC15	H2BC3	9606.ENSP00000483903	9606.ENSP00000482674	0	0	0.048	0.984	0.297	0.812	0.400	0.042	0.914
H2BC17	SIRT1	9606.ENSP00000477527	9606.ENSP00000212015	0	0	0	0	0	0.128	0.500	0.273	0.655
H2BC17	MAPK14	9606.ENSP00000477527	9606.ENSP00000229795	0	0	0	0	0.049	0.045	0.500	0.076	0.524
H2BC17	KDM6B	9606.ENSP00000477527	9606.ENSP00000254846	0	0	0	0	0.042	0.316	0.500	0.125	0.675
H2BC17	TERF2	9606.ENSP00000477527	9606.ENSP00000254942	0	0	0	0	0.061	0	0.500	0.070	0.525
H2BC17	PHC2	9606.ENSP00000477527	9606.ENSP00000257118	0	0	0	0	0	0	0.500	0	0.499
H2BC17	NBN	9606.ENSP00000477527	9606.ENSP00000265433	0	0	0	0	0.056	0	0.500	0.060	0.517
H2BC17	RB1	9606.ENSP00000477527	9606.ENSP00000267163	0	0	0	0	0	0	0.500	0.110	0.536
H2BC17	TINF2	9606.ENSP00000477527	9606.ENSP00000267415	0	0	0	0	0	0.099	0.500	0.055	0.537
H2BC17	RPS27A	9606.ENSP00000477527	9606.ENSP00000272317	0	0	0	0	0.081	0.112	0.500	0.173	0.617
H2BC17	TERF1	9606.ENSP00000477527	9606.ENSP00000276603	0	0	0	0	0	0	0.500	0.167	0.565
H2BC17	H2BC5	9606.ENSP00000477527	9606.ENSP00000289316	0	0	0.048	0.984	0.430	0.850	0.400	0.045	0.945
H2BC17	TERF2IP	9606.ENSP00000477527	9606.ENSP00000300086	0	0	0	0	0.054	0.091	0.500	0.082	0.552
H2BC17	UBE2E1	9606.ENSP00000477527	9606.ENSP00000303709	0	0	0	0	0.058	0.110	0	0.481	0.527
H2BC17	SUZ12	9606.ENSP00000477527	9606.ENSP00000316578	0	0	0	0	0.049	0.130	0.500	0.089	0.572
H2BC17	H2BC4	9606.ENSP00000477527	9606.ENSP00000321744	0	0	0.048	0.984	0.393	0.850	0.400	0.044	0.941
H2BC17	MRE11	9606.ENSP00000477527	9606.ENSP00000325863	0	0	0	0	0.057	0.067	0.500	0.048	0.525
H2BC17	MAPK11	9606.ENSP00000477527	9606.ENSP00000333685	0	0	0	0	0	0.045	0.500	0.076	0.520
H2BC17	TNRC6C	9606.ENSP00000477527	9606.ENSP00000336783	0	0	0	0	0	0.144	0.500	0.052	0.558
H2BC17	KAT5	9606.ENSP00000477527	9606.ENSP00000340330	0	0	0	0	0.042	0.125	0.500	0.236	0.637
H2BC17	POT1	9606.ENSP00000477527	9606.ENSP00000350249	0	0	0	0	0	0	0.500	0	0.499
H2BC17	H3-4	9606.ENSP00000477527	9606.ENSP00000355657	0	0.118	0	0	0.242	0.183	0.500	0.813	0.939
H2BC17	H3-3A	9606.ENSP00000477527	9606.ENSP00000355780	0	0.124	0	0	0.176	0.829	0	0.127	0.878
H2BC17	MAPKAPK2	9606.ENSP00000477527	9606.ENSP00000356070	0	0	0	0	0.042	0	0.500	0.072	0.516
H2BC17	RNF2	9606.ENSP00000477527	9606.ENSP00000356480	0	0	0	0	0	0	0.500	0.089	0.525
H2BC17	H2BC21	9606.ENSP00000477527	9606.ENSP00000358151	0	0	0.048	0.984	0.260	0.850	0.400	0.047	0.928
H2BC17	JUN	9606.ENSP00000477527	9606.ENSP00000360266	0	0	0	0	0.048	0.071	0.500	0.189	0.593
H2BC17	RBBP4	9606.ENSP00000477527	9606.ENSP00000362592	0	0	0	0	0.064	0.258	0.500	0.101	0.646
H2BC17	RING1	9606.ENSP00000477527	9606.ENSP00000363787	0	0	0	0	0.058	0	0.500	0.081	0.529
H2BC17	RAD50	9606.ENSP00000477527	9606.ENSP00000368100	0	0	0	0	0.049	0.065	0.500	0	0.516
H2BC17	RBBP7	9606.ENSP00000477527	9606.ENSP00000369424	0	0	0	0	0.075	0.258	0.500	0.078	0.641
H2BC17	MAPK8	9606.ENSP00000477527	9606.ENSP00000378974	0	0	0	0	0.044	0	0.500	0.090	0.527
H2BC17	TNRC6A	9606.ENSP00000477527	9606.ENSP00000379144	0	0	0	0	0	0	0.500	0	0.499
H2BC17	H3C15	9606.ENSP00000477527	9606.ENSP00000385479	0	0.125	0	0	0.356	0.947	0	0.080	0.968
H2BC17	UBA52	9606.ENSP00000477527	9606.ENSP00000388107	0	0	0	0	0.044	0.177	0.500	0.238	0.660
H2BC17	MAPKAPK3	9606.ENSP00000477527	9606.ENSP00000396467	0	0	0	0	0	0	0.500	0	0.499
H2BC17	MOV10	9606.ENSP00000477527	9606.ENSP00000399797	0	0	0	0	0.044	0.075	0.500	0	0.519
H2BC17	TNRC6B	9606.ENSP00000477527	9606.ENSP00000401946	0	0	0	0	0	0.071	0.500	0	0.515
H2BC17	PHC3	9606.ENSP00000477527	9606.ENSP00000420294	0	0	0	0	0.042	0	0.500	0.124	0.543
H2BC17	PHC1	9606.ENSP00000477527	9606.ENSP00000437659	0	0	0	0	0.052	0	0.500	0	0.505
H2BC17	UBC	9606.ENSP00000477527	9606.ENSP00000441543	0	0	0	0	0.043	0.135	0.500	0.174	0.612
H2BC17	UBB	9606.ENSP00000477527	9606.ENSP00000478771	0	0	0	0	0	0.135	0.500	0.064	0.559
H2BC17	H3C1	9606.ENSP00000477527	9606.ENSP00000480826	0	0.124	0	0	0.421	0.183	0	0.109	0.582
H2BC17	MYC	9606.ENSP00000477527	9606.ENSP00000478887	0	0	0	0	0	0.053	0.500	0.377	0.679
H2BC17	H4C1	9606.ENSP00000477527	9606.ENSP00000479106	0	0.066	0	0	0.397	0.915	0	0.112	0.952
H2BC17	H2BC9	9606.ENSP00000477527	9606.ENSP00000479169	0	0	0.048	0.984	0.766	0.812	0.400	0.044	0.971
H2BC17	H2BC3	9606.ENSP00000477527	9606.ENSP00000482674	0	0	0.048	0.984	0.762	0.866	0.400	0.045	0.979
H2BC21	SIRT1	9606.ENSP00000358151	9606.ENSP00000212015	0	0	0	0	0.043	0.128	0.500	0.703	0.859
H2BC21	MAPK14	9606.ENSP00000358151	9606.ENSP00000229795	0	0	0	0	0.042	0.045	0.500	0.151	0.560
H2BC21	KDM6B	9606.ENSP00000358151	9606.ENSP00000254846	0	0	0	0	0.056	0.422	0.500	0.420	0.820
H2BC21	TERF2	9606.ENSP00000358151	9606.ENSP00000254942	0	0	0	0	0	0.186	0.500	0.135	0.617
H2BC21	PHC2	9606.ENSP00000358151	9606.ENSP00000257118	0	0	0	0	0	0.190	0.500	0.068	0.589
H2BC21	MDM2	9606.ENSP00000358151	9606.ENSP00000258149	0	0	0	0	0	0.292	0	0.384	0.545
H2BC21	LMNB1	9606.ENSP00000358151	9606.ENSP00000261366	0	0	0	0	0.047	0.164	0	0.446	0.520
H2BC21	HIRA	9606.ENSP00000358151	9606.ENSP00000263208	0	0	0	0	0	0.094	0	0.602	0.624
H2BC21	NBN	9606.ENSP00000358151	9606.ENSP00000265433	0	0	0	0	0	0.190	0.500	0.114	0.609
H2BC21	RB1	9606.ENSP00000358151	9606.ENSP00000267163	0	0	0	0	0	0	0.500	0.248	0.608
H2BC21	TINF2	9606.ENSP00000358151	9606.ENSP00000267415	0	0	0	0	0.043	0.099	0.500	0.157	0.587
H2BC21	TP53	9606.ENSP00000358151	9606.ENSP00000269305	0	0	0	0	0	0.184	0	0.591	0.651
H2BC21	RPS27A	9606.ENSP00000358151	9606.ENSP00000272317	0	0	0	0	0.057	0.961	0.500	0.274	0.985
H2BC21	TERF1	9606.ENSP00000358151	9606.ENSP00000276603	0	0	0	0	0	0	0.500	0.324	0.647
H2BC21	H2BC5	9606.ENSP00000358151	9606.ENSP00000289316	0	0	0.048	0.984	0.720	0.812	0.400	0.052	0.966
H2BC21	TERF2IP	9606.ENSP00000358151	9606.ENSP00000300086	0	0	0	0	0.061	0.091	0.500	0.082	0.555
H2BC21	UBE2E1	9606.ENSP00000358151	9606.ENSP00000303709	0	0	0	0	0.071	0.110	0	0.335	0.402
H2BC21	SUZ12	9606.ENSP00000358151	9606.ENSP00000316578	0	0	0	0	0	0.262	0.500	0.366	0.745
H2BC21	H2BC4	9606.ENSP00000358151	9606.ENSP00000321744	0	0	0.048	0.984	0.635	0.905	0.400	0.048	0.977
H2BC21	MRE11	9606.ENSP00000358151	9606.ENSP00000325863	0	0	0	0	0	0.206	0.500	0.113	0.617
H2BC21	MAPK11	9606.ENSP00000358151	9606.ENSP00000333685	0	0	0	0	0	0.045	0.500	0.103	0.534
H2BC21	TNRC6C	9606.ENSP00000358151	9606.ENSP00000336783	0	0	0	0	0	0.144	0.500	0.052	0.558
H2BC21	KAT5	9606.ENSP00000358151	9606.ENSP00000340330	0	0	0	0	0	0.125	0.500	0.587	0.803
H2BC21	POT1	9606.ENSP00000358151	9606.ENSP00000350249	0	0	0	0	0	0	0.500	0.091	0.526
H2BC21	H3-4	9606.ENSP00000358151	9606.ENSP00000355657	0	0.118	0	0	0.180	0.287	0.500	0.998	0.999
H2BC21	H3-3A	9606.ENSP00000358151	9606.ENSP00000355780	0	0.124	0	0	0.180	0.829	0	0.581	0.941
H2BC21	MAPKAPK2	9606.ENSP00000358151	9606.ENSP00000356070	0	0	0	0	0.049	0	0.500	0.067	0.517
H2BC21	RNF2	9606.ENSP00000358151	9606.ENSP00000356480	0	0	0	0	0	0.186	0.500	0.482	0.771
H2BC21	HIPK2	9606.ENSP00000358151	9606.ENSP00000385571	0	0	0	0	0	0.292	0	0.209	0.416
H2BC21	IL6	9606.ENSP00000358151	9606.ENSP00000385675	0	0	0	0	0.042	0	0	0.431	0.431
H2BC21	MAPKAPK3	9606.ENSP00000358151	9606.ENSP00000396467	0	0	0	0	0	0	0.500	0	0.499
H2BC21	MOV10	9606.ENSP00000358151	9606.ENSP00000399797	0	0	0	0	0.048	0	0.500	0.056	0.511
H2BC21	TNRC6B	9606.ENSP00000358151	9606.ENSP00000401946	0	0	0	0	0	0.071	0.500	0	0.515
H2BC21	TNRC6A	9606.ENSP00000358151	9606.ENSP00000379144	0	0	0	0	0	0	0.500	0.079	0.519
H2BC21	MAPK8	9606.ENSP00000358151	9606.ENSP00000378974	0	0	0	0	0	0	0.500	0.176	0.570
H2BC21	RAD50	9606.ENSP00000358151	9606.ENSP00000368100	0	0	0	0	0	0.206	0.500	0.077	0.601
H2BC21	PHC1	9606.ENSP00000358151	9606.ENSP00000437659	0	0	0	0	0.052	0.190	0.500	0.147	0.628
H2BC21	PHC3	9606.ENSP00000358151	9606.ENSP00000420294	0	0	0	0	0	0	0.500	0.329	0.650
H2BC21	JUN	9606.ENSP00000358151	9606.ENSP00000360266	0	0	0	0	0.072	0.071	0.500	0.348	0.681
H2BC21	RING1	9606.ENSP00000358151	9606.ENSP00000363787	0	0	0	0	0.047	0	0.500	0.399	0.688
H2BC21	MYC	9606.ENSP00000358151	9606.ENSP00000478887	0	0	0	0	0.042	0.171	0.500	0.581	0.811
H2BC21	RBBP4	9606.ENSP00000358151	9606.ENSP00000362592	0	0	0	0	0	0.353	0.500	0.569	0.848
H2BC21	RBBP7	9606.ENSP00000358151	9606.ENSP00000369424	0	0	0	0	0.042	0.369	0.500	0.596	0.861
H2BC21	H3C15	9606.ENSP00000358151	9606.ENSP00000385479	0	0.125	0	0	0.232	0.829	0	0.160	0.891
H2BC21	H2BC3	9606.ENSP00000358151	9606.ENSP00000482674	0	0	0.048	0.984	0.117	0.812	0.400	0.047	0.893
H2BC21	H3C1	9606.ENSP00000358151	9606.ENSP00000480826	0	0.124	0	0	0.211	0.873	0	0.208	0.922
H2BC21	H2BC9	9606.ENSP00000358151	9606.ENSP00000479169	0	0	0.048	0.984	0.398	0.850	0.400	0.046	0.941
H2BC21	UBB	9606.ENSP00000358151	9606.ENSP00000478771	0	0	0	0	0.049	0.909	0.500	0.200	0.961
H2BC21	UBA52	9606.ENSP00000358151	9606.ENSP00000388107	0	0	0	0	0	0.915	0.500	0.186	0.962
H2BC21	H4C1	9606.ENSP00000358151	9606.ENSP00000479106	0	0.066	0	0	0.256	0.915	0	0.586	0.972
H2BC21	UBC	9606.ENSP00000358151	9606.ENSP00000441543	0	0	0	0	0.060	0.933	0.500	0.333	0.976
H2BC3	SIRT1	9606.ENSP00000482674	9606.ENSP00000212015	0	0	0	0	0	0.128	0.500	0.271	0.654
H2BC3	MAPK14	9606.ENSP00000482674	9606.ENSP00000229795	0	0	0	0	0.048	0.045	0.500	0.079	0.525
H2BC3	KDM6B	9606.ENSP00000482674	9606.ENSP00000254846	0	0	0	0	0	0.316	0.500	0.121	0.673
H2BC3	TERF2	9606.ENSP00000482674	9606.ENSP00000254942	0	0	0	0	0	0.292	0.500	0	0.630
H2BC3	PHC2	9606.ENSP00000482674	9606.ENSP00000257118	0	0	0	0	0	0	0.500	0	0.499
H2BC3	NBN	9606.ENSP00000482674	9606.ENSP00000265433	0	0	0	0	0	0.292	0.500	0.059	0.637
H2BC3	RB1	9606.ENSP00000482674	9606.ENSP00000267163	0	0	0	0	0	0	0.500	0.109	0.535
H2BC3	TINF2	9606.ENSP00000482674	9606.ENSP00000267415	0	0	0	0	0	0.099	0.500	0.053	0.536
H2BC3	TP53	9606.ENSP00000482674	9606.ENSP00000269305	0	0	0	0	0	0.198	0	0.400	0.498
H2BC3	RPS27A	9606.ENSP00000482674	9606.ENSP00000272317	0	0	0	0	0.057	0.112	0.500	0.173	0.607
H2BC3	TERF1	9606.ENSP00000482674	9606.ENSP00000276603	0	0	0	0	0	0	0.500	0.167	0.565
H2BC3	H2BC5	9606.ENSP00000482674	9606.ENSP00000289316	0	0	0.048	0.984	0.253	0.860	0.400	0.051	0.933
H2BC3	TERF2IP	9606.ENSP00000482674	9606.ENSP00000300086	0	0	0	0	0	0.091	0.500	0.082	0.546
H2BC3	UBE2E1	9606.ENSP00000482674	9606.ENSP00000303709	0	0	0	0	0.058	0.110	0	0.478	0.524
H2BC3	SUZ12	9606.ENSP00000482674	9606.ENSP00000316578	0	0	0	0	0	0.130	0.500	0.092	0.570
H2BC3	H2BC4	9606.ENSP00000482674	9606.ENSP00000321744	0	0	0.048	0.984	0.308	0.812	0.400	0.048	0.916
H2BC3	MRE11	9606.ENSP00000482674	9606.ENSP00000325863	0	0	0	0	0	0.311	0.500	0.048	0.643
H2BC3	MAPK11	9606.ENSP00000482674	9606.ENSP00000333685	0	0	0	0	0	0.045	0.500	0.080	0.522
H2BC3	TNRC6C	9606.ENSP00000482674	9606.ENSP00000336783	0	0	0	0	0	0.144	0.500	0.052	0.558
H2BC3	KAT5	9606.ENSP00000482674	9606.ENSP00000340330	0	0	0	0	0	0.354	0.500	0.230	0.729
H2BC3	POT1	9606.ENSP00000482674	9606.ENSP00000350249	0	0	0	0	0	0	0.500	0	0.499
H2BC3	H3-4	9606.ENSP00000482674	9606.ENSP00000355657	0	0.118	0	0	0.253	0.183	0.500	0.809	0.939
H2BC3	MAPKAPK2	9606.ENSP00000482674	9606.ENSP00000356070	0	0	0	0	0	0	0.500	0.057	0.508
H2BC3	RNF2	9606.ENSP00000482674	9606.ENSP00000356480	0	0	0	0	0	0.292	0.500	0.089	0.649
H2BC3	JUN	9606.ENSP00000482674	9606.ENSP00000360266	0	0	0	0	0.053	0.158	0.500	0.184	0.631
H2BC3	RBBP4	9606.ENSP00000482674	9606.ENSP00000362592	0	0	0	0	0	0.452	0.500	0.117	0.737
H2BC3	RING1	9606.ENSP00000482674	9606.ENSP00000363787	0	0	0	0	0	0.292	0.500	0.099	0.653
H2BC3	RAD50	9606.ENSP00000482674	9606.ENSP00000368100	0	0	0	0	0	0.065	0.500	0	0.512
H2BC3	RBBP7	9606.ENSP00000482674	9606.ENSP00000369424	0	0	0	0	0	0.258	0.500	0.078	0.628
H2BC3	MAPK8	9606.ENSP00000482674	9606.ENSP00000378974	0	0	0	0	0	0	0.500	0.087	0.523
H2BC3	TNRC6A	9606.ENSP00000482674	9606.ENSP00000379144	0	0	0	0	0	0	0.500	0	0.499
H2BC3	H3C15	9606.ENSP00000482674	9606.ENSP00000385479	0	0.125	0	0	0.257	0.829	0	0.173	0.896
H2BC3	UBA52	9606.ENSP00000482674	9606.ENSP00000388107	0	0	0	0	0	0.177	0.500	0.238	0.659
H2BC3	MAPKAPK3	9606.ENSP00000482674	9606.ENSP00000396467	0	0	0	0	0	0	0.500	0	0.499
H2BC3	MOV10	9606.ENSP00000482674	9606.ENSP00000399797	0	0	0	0	0	0	0.500	0	0.499
H2BC3	TNRC6B	9606.ENSP00000482674	9606.ENSP00000401946	0	0	0	0	0	0.071	0.500	0	0.515
H2BC3	PHC3	9606.ENSP00000482674	9606.ENSP00000420294	0	0	0	0	0	0	0.500	0.122	0.542
H2BC3	PHC1	9606.ENSP00000482674	9606.ENSP00000437659	0	0	0	0	0.052	0	0.500	0	0.505
H2BC3	UBC	9606.ENSP00000482674	9606.ENSP00000441543	0	0	0	0	0.042	0.135	0.500	0.178	0.613
H2BC3	UBB	9606.ENSP00000482674	9606.ENSP00000478771	0	0	0	0	0	0.135	0.500	0.128	0.590
H2BC3	MYC	9606.ENSP00000482674	9606.ENSP00000478887	0	0	0	0	0	0.053	0.500	0.379	0.680
H2BC3	H4C1	9606.ENSP00000482674	9606.ENSP00000479106	0	0.060	0	0	0.346	0.915	0	0.202	0.953
H2BC3	H2BC9	9606.ENSP00000482674	9606.ENSP00000479169	0	0	0.048	0.984	0.434	0.819	0.400	0.044	0.934
H2BC3	H3C1	9606.ENSP00000482674	9606.ENSP00000480826	0	0.125	0	0	0.550	0.873	0	0.181	0.954
H2BC4	SIRT1	9606.ENSP00000321744	9606.ENSP00000212015	0	0	0	0	0	0.179	0.500	0.273	0.675
H2BC4	MAPK14	9606.ENSP00000321744	9606.ENSP00000229795	0	0	0	0	0.056	0.045	0.500	0.093	0.536
H2BC4	KDM6B	9606.ENSP00000321744	9606.ENSP00000254846	0	0	0	0	0.049	0.316	0.500	0.137	0.682
H2BC4	TERF2	9606.ENSP00000321744	9606.ENSP00000254942	0	0	0	0	0	0.075	0.500	0	0.517
H2BC4	PHC2	9606.ENSP00000321744	9606.ENSP00000257118	0	0	0	0	0	0.075	0.500	0	0.517
H2BC4	NBN	9606.ENSP00000321744	9606.ENSP00000265433	0	0	0	0	0.042	0	0.500	0.056	0.508
H2BC4	RB1	9606.ENSP00000321744	9606.ENSP00000267163	0	0	0	0	0	0	0.500	0.113	0.537
H2BC4	TINF2	9606.ENSP00000321744	9606.ENSP00000267415	0	0	0	0	0	0.099	0.500	0	0.530
H2BC4	TP53	9606.ENSP00000321744	9606.ENSP00000269305	0	0	0	0	0	0	0	0.410	0.410
H2BC4	RPS27A	9606.ENSP00000321744	9606.ENSP00000272317	0	0	0	0	0.057	0.907	0.500	0.178	0.959
H2BC4	TERF1	9606.ENSP00000321744	9606.ENSP00000276603	0	0	0	0	0	0	0.500	0.161	0.562
H2BC4	H2BC5	9606.ENSP00000321744	9606.ENSP00000289316	0	0	0.048	0.984	0.649	0.812	0.400	0.376	0.972
H2BC4	TERF2IP	9606.ENSP00000321744	9606.ENSP00000300086	0	0	0	0	0	0.091	0.500	0.082	0.546
H2BC4	UBE2E1	9606.ENSP00000321744	9606.ENSP00000303709	0	0	0	0	0.058	0.110	0	0.485	0.531
H2BC4	SUZ12	9606.ENSP00000321744	9606.ENSP00000316578	0	0	0	0	0	0.160	0.500	0.091	0.585
H2BC4	POT1	9606.ENSP00000321744	9606.ENSP00000350249	0	0	0	0	0	0	0.500	0	0.499
H2BC4	TNRC6A	9606.ENSP00000321744	9606.ENSP00000379144	0	0	0	0	0	0	0.500	0	0.499
H2BC4	MAPKAPK3	9606.ENSP00000321744	9606.ENSP00000396467	0	0	0	0	0	0	0.500	0	0.499
H2BC4	MOV10	9606.ENSP00000321744	9606.ENSP00000399797	0	0	0	0	0.042	0	0.500	0.063	0.511
H2BC4	RAD50	9606.ENSP00000321744	9606.ENSP00000368100	0	0	0	0	0	0.065	0.500	0	0.512
H2BC4	TNRC6B	9606.ENSP00000321744	9606.ENSP00000401946	0	0	0	0	0	0.071	0.500	0	0.515
H2BC4	MRE11	9606.ENSP00000321744	9606.ENSP00000325863	0	0	0	0	0	0.067	0.500	0.048	0.517
H2BC4	RING1	9606.ENSP00000321744	9606.ENSP00000363787	0	0	0	0	0	0	0.500	0.077	0.519
H2BC4	PHC1	9606.ENSP00000321744	9606.ENSP00000437659	0	0	0	0	0.052	0.075	0.500	0	0.523
H2BC4	MAPKAPK2	9606.ENSP00000321744	9606.ENSP00000356070	0	0	0	0	0.044	0	0.500	0.085	0.524
H2BC4	MAPK8	9606.ENSP00000321744	9606.ENSP00000378974	0	0	0	0	0	0	0.500	0.094	0.527
H2BC4	MAPK11	9606.ENSP00000321744	9606.ENSP00000333685	0	0	0	0	0	0.045	0.500	0.093	0.529
H2BC4	PHC3	9606.ENSP00000321744	9606.ENSP00000420294	0	0	0	0	0.042	0	0.500	0.122	0.542
H2BC4	TNRC6C	9606.ENSP00000321744	9606.ENSP00000336783	0	0	0	0	0	0.144	0.500	0.052	0.558
H2BC4	KAT5	9606.ENSP00000321744	9606.ENSP00000340330	0	0	0	0	0	0.125	0.500	0.225	0.631
H2BC4	RBBP7	9606.ENSP00000321744	9606.ENSP00000369424	0	0	0	0	0	0.258	0.500	0.093	0.634
H2BC4	JUN	9606.ENSP00000321744	9606.ENSP00000360266	0	0	0	0	0.049	0.158	0.500	0.201	0.637
H2BC4	RBBP4	9606.ENSP00000321744	9606.ENSP00000362592	0	0	0	0	0	0.258	0.500	0.117	0.643
H2BC4	RNF2	9606.ENSP00000321744	9606.ENSP00000356480	0	0	0	0	0	0.292	0.500	0.085	0.648
H2BC4	MYC	9606.ENSP00000321744	9606.ENSP00000478887	0	0	0	0	0	0.053	0.500	0.378	0.679
H2BC4	H3C15	9606.ENSP00000321744	9606.ENSP00000385479	0	0.125	0	0	0.273	0.829	0	0.080	0.887
H2BC4	H3-3A	9606.ENSP00000321744	9606.ENSP00000355780	0	0.124	0	0	0.174	0.829	0	0.207	0.889
H2BC4	H3C1	9606.ENSP00000321744	9606.ENSP00000480826	0	0.125	0	0	0.322	0.829	0	0.251	0.914
H2BC4	H3-4	9606.ENSP00000321744	9606.ENSP00000355657	0	0.118	0	0	0.186	0.183	0.500	0.806	0.932
H2BC4	UBB	9606.ENSP00000321744	9606.ENSP00000478771	0	0	0	0	0.042	0.909	0.500	0.085	0.955
H2BC4	UBC	9606.ENSP00000321744	9606.ENSP00000441543	0	0	0	0	0.043	0.909	0.500	0.194	0.960
H2BC4	H4C1	9606.ENSP00000321744	9606.ENSP00000479106	0	0.066	0	0	0.302	0.915	0	0.399	0.962
H2BC4	UBA52	9606.ENSP00000321744	9606.ENSP00000388107	0	0	0	0	0	0.914	0.500	0.206	0.962
H2BC4	H2BC9	9606.ENSP00000321744	9606.ENSP00000479169	0	0	0.048	0.984	0.762	0.850	0.400	0.043	0.976
H2BC5	SIRT1	9606.ENSP00000289316	9606.ENSP00000212015	0	0	0	0	0	0.128	0.500	0.271	0.654
H2BC5	MAPK14	9606.ENSP00000289316	9606.ENSP00000229795	0	0	0	0	0.060	0.045	0.500	0.093	0.538
H2BC5	KDM6B	9606.ENSP00000289316	9606.ENSP00000254846	0	0	0	0	0.047	0.316	0.500	0.133	0.679
H2BC5	TERF2	9606.ENSP00000289316	9606.ENSP00000254942	0	0	0	0	0	0	0.500	0	0.499
H2BC5	PHC2	9606.ENSP00000289316	9606.ENSP00000257118	0	0	0	0	0	0	0.500	0	0.499
H2BC5	HIRA	9606.ENSP00000289316	9606.ENSP00000263208	0	0	0	0	0	0.272	0	0.460	0.590
H2BC5	NBN	9606.ENSP00000289316	9606.ENSP00000265433	0	0	0	0	0.044	0	0.500	0.055	0.508
H2BC5	RB1	9606.ENSP00000289316	9606.ENSP00000267163	0	0	0	0	0	0	0.500	0.113	0.537
H2BC5	TINF2	9606.ENSP00000289316	9606.ENSP00000267415	0	0	0	0	0.043	0.099	0.500	0	0.531
H2BC5	TP53	9606.ENSP00000289316	9606.ENSP00000269305	0	0	0	0	0	0	0	0.418	0.418
H2BC5	RPS27A	9606.ENSP00000289316	9606.ENSP00000272317	0	0	0	0	0.057	0.112	0.500	0.171	0.606
H2BC5	TERF1	9606.ENSP00000289316	9606.ENSP00000276603	0	0	0	0	0.043	0	0.500	0.161	0.563
H2BC5	TNRC6A	9606.ENSP00000289316	9606.ENSP00000379144	0	0	0	0	0	0	0.500	0	0.499
H2BC5	MAPKAPK3	9606.ENSP00000289316	9606.ENSP00000396467	0	0	0	0	0	0	0.500	0	0.499
H2BC5	POT1	9606.ENSP00000289316	9606.ENSP00000350249	0	0	0	0	0.044	0	0.500	0	0.501
H2BC5	PHC1	9606.ENSP00000289316	9606.ENSP00000437659	0	0	0	0	0.052	0	0.500	0	0.505
H2BC5	RAD50	9606.ENSP00000289316	9606.ENSP00000368100	0	0	0	0	0	0.065	0.500	0	0.512
H2BC5	UBE2E1	9606.ENSP00000289316	9606.ENSP00000303709	0	0	0	0	0.066	0.110	0	0.462	0.514
H2BC5	MOV10	9606.ENSP00000289316	9606.ENSP00000399797	0	0	0	0	0.048	0	0.500	0.063	0.515
H2BC5	TNRC6B	9606.ENSP00000289316	9606.ENSP00000401946	0	0	0	0	0.042	0.071	0.500	0	0.516
H2BC5	MRE11	9606.ENSP00000289316	9606.ENSP00000325863	0	0	0	0	0	0.067	0.500	0.048	0.517
H2BC5	RING1	9606.ENSP00000289316	9606.ENSP00000363787	0	0	0	0	0.044	0	0.500	0.076	0.520
H2BC5	RNF2	9606.ENSP00000289316	9606.ENSP00000356480	0	0	0	0	0	0	0.500	0.083	0.522
H2BC5	MAPKAPK2	9606.ENSP00000289316	9606.ENSP00000356070	0	0	0	0	0.042	0	0.500	0.084	0.522
H2BC5	H3C1	9606.ENSP00000289316	9606.ENSP00000480826	0	0.125	0	0	0.247	0.183	0	0.221	0.525
H2BC5	MAPK8	9606.ENSP00000289316	9606.ENSP00000378974	0	0	0	0	0	0	0.500	0.094	0.527
H2BC5	MAPK11	9606.ENSP00000289316	9606.ENSP00000333685	0	0	0	0	0	0.045	0.500	0.093	0.529
H2BC5	PHC3	9606.ENSP00000289316	9606.ENSP00000420294	0	0	0	0	0	0	0.500	0.119	0.540
H2BC5	TERF2IP	9606.ENSP00000289316	9606.ENSP00000300086	0	0	0	0	0.043	0.091	0.500	0.082	0.547
H2BC5	TNRC6C	9606.ENSP00000289316	9606.ENSP00000336783	0	0	0	0	0	0.144	0.500	0.052	0.558
H2BC5	UBB	9606.ENSP00000289316	9606.ENSP00000478771	0	0	0	0	0.057	0.135	0.500	0.064	0.567
H2BC5	SUZ12	9606.ENSP00000289316	9606.ENSP00000316578	0	0	0	0	0	0.130	0.500	0.089	0.569
H2BC5	JUN	9606.ENSP00000289316	9606.ENSP00000360266	0	0	0	0	0.063	0.071	0.500	0.210	0.610
H2BC5	UBC	9606.ENSP00000289316	9606.ENSP00000441543	0	0	0	0	0.056	0.135	0.500	0.183	0.621
H2BC5	KAT5	9606.ENSP00000289316	9606.ENSP00000340330	0	0	0	0	0	0.125	0.500	0.229	0.633
H2BC5	RBBP4	9606.ENSP00000289316	9606.ENSP00000362592	0	0	0	0	0.042	0.258	0.500	0.104	0.639
H2BC5	RBBP7	9606.ENSP00000289316	9606.ENSP00000369424	0	0	0	0	0	0.258	0.500	0.111	0.641
H2BC5	UBA52	9606.ENSP00000289316	9606.ENSP00000388107	0	0	0	0	0.042	0.177	0.500	0.221	0.651
H2BC5	MYC	9606.ENSP00000289316	9606.ENSP00000478887	0	0	0	0	0	0.053	0.500	0.375	0.678
H2BC5	H3-3A	9606.ENSP00000289316	9606.ENSP00000355780	0	0.124	0	0	0.176	0.183	0	0.538	0.691
H2BC5	H3C15	9606.ENSP00000289316	9606.ENSP00000385479	0	0.125	0	0	0.257	0.829	0	0.127	0.890
H2BC5	H4C1	9606.ENSP00000289316	9606.ENSP00000479106	0	0.060	0	0	0.283	0.831	0	0.349	0.916
H2BC5	H3-4	9606.ENSP00000289316	9606.ENSP00000355657	0	0.118	0	0	0.186	0.287	0.500	0.796	0.938
H2BC5	H2BC9	9606.ENSP00000289316	9606.ENSP00000479169	0	0	0.048	0.984	0.766	0.850	0.400	0.046	0.977
H2BC9	SIRT1	9606.ENSP00000479169	9606.ENSP00000212015	0	0	0	0	0	0.128	0.500	0.274	0.655
H2BC9	MAPK14	9606.ENSP00000479169	9606.ENSP00000229795	0	0	0	0	0.060	0.045	0.500	0.076	0.530
H2BC9	KDM6B	9606.ENSP00000479169	9606.ENSP00000254846	0	0	0	0	0	0.316	0.500	0.139	0.680
H2BC9	TERF2	9606.ENSP00000479169	9606.ENSP00000254942	0	0	0	0	0	0.080	0.500	0	0.520
H2BC9	PHC2	9606.ENSP00000479169	9606.ENSP00000257118	0	0	0	0	0	0	0.500	0	0.499
H2BC9	NBN	9606.ENSP00000479169	9606.ENSP00000265433	0	0	0	0	0.042	0	0.500	0.060	0.510
H2BC9	RB1	9606.ENSP00000479169	9606.ENSP00000267163	0	0	0	0	0	0	0.500	0.113	0.537
H2BC9	TINF2	9606.ENSP00000479169	9606.ENSP00000267415	0	0	0	0	0	0.099	0.500	0.055	0.537
H2BC9	RPS27A	9606.ENSP00000479169	9606.ENSP00000272317	0	0	0	0	0.057	0.225	0.500	0.173	0.657
H2BC9	TERF1	9606.ENSP00000479169	9606.ENSP00000276603	0	0	0	0	0.042	0	0.500	0.167	0.566
H2BC9	TERF2IP	9606.ENSP00000479169	9606.ENSP00000300086	0	0	0	0	0	0.091	0.500	0.082	0.546
H2BC9	UBE2E1	9606.ENSP00000479169	9606.ENSP00000303709	0	0	0	0	0.059	0.110	0	0.481	0.528
H2BC9	SUZ12	9606.ENSP00000479169	9606.ENSP00000316578	0	0	0	0	0	0.130	0.500	0.094	0.571
H2BC9	MRE11	9606.ENSP00000479169	9606.ENSP00000325863	0	0	0	0	0	0.067	0.500	0.048	0.517
H2BC9	MAPK11	9606.ENSP00000479169	9606.ENSP00000333685	0	0	0	0	0	0.045	0.500	0.076	0.520
H2BC9	TNRC6C	9606.ENSP00000479169	9606.ENSP00000336783	0	0	0	0	0	0.144	0.500	0.052	0.558
H2BC9	KAT5	9606.ENSP00000479169	9606.ENSP00000340330	0	0	0	0	0.044	0.125	0.500	0.231	0.635
H2BC9	POT1	9606.ENSP00000479169	9606.ENSP00000350249	0	0	0	0	0.042	0	0.500	0	0.500
H2BC9	H3-4	9606.ENSP00000479169	9606.ENSP00000355657	0	0.118	0	0	0.208	0.287	0.500	0.810	0.944
H2BC9	MAPKAPK2	9606.ENSP00000479169	9606.ENSP00000356070	0	0	0	0	0.054	0	0.500	0.058	0.515
H2BC9	RNF2	9606.ENSP00000479169	9606.ENSP00000356480	0	0	0	0	0	0	0.500	0.089	0.525
H2BC9	JUN	9606.ENSP00000479169	9606.ENSP00000360266	0	0	0	0	0.049	0.071	0.500	0.185	0.591
H2BC9	RBBP4	9606.ENSP00000479169	9606.ENSP00000362592	0	0	0	0	0.048	0.258	0.500	0.101	0.640
H2BC9	RING1	9606.ENSP00000479169	9606.ENSP00000363787	0	0	0	0	0	0	0.500	0.081	0.521
H2BC9	RAD50	9606.ENSP00000479169	9606.ENSP00000368100	0	0	0	0	0	0.065	0.500	0	0.512
H2BC9	RBBP7	9606.ENSP00000479169	9606.ENSP00000369424	0	0	0	0	0.042	0.258	0.500	0.073	0.626
H2BC9	MAPK8	9606.ENSP00000479169	9606.ENSP00000378974	0	0	0	0	0	0	0.500	0.091	0.526
H2BC9	TNRC6A	9606.ENSP00000479169	9606.ENSP00000379144	0	0	0	0	0	0	0.500	0	0.499
H2BC9	H3C15	9606.ENSP00000479169	9606.ENSP00000385479	0	0.125	0	0	0.232	0.855	0	0.080	0.898
H2BC9	UBA52	9606.ENSP00000479169	9606.ENSP00000388107	0	0	0	0	0.042	0.185	0.500	0.220	0.655
H2BC9	MAPKAPK3	9606.ENSP00000479169	9606.ENSP00000396467	0	0	0	0	0	0	0.500	0	0.499
H2BC9	MOV10	9606.ENSP00000479169	9606.ENSP00000399797	0	0	0	0	0.049	0	0.500	0	0.504
H2BC9	TNRC6B	9606.ENSP00000479169	9606.ENSP00000401946	0	0	0	0	0	0.071	0.500	0	0.515
H2BC9	PHC3	9606.ENSP00000479169	9606.ENSP00000420294	0	0	0	0	0	0	0.500	0.124	0.543
H2BC9	PHC1	9606.ENSP00000479169	9606.ENSP00000437659	0	0	0	0	0.052	0	0.500	0	0.505
H2BC9	UBC	9606.ENSP00000479169	9606.ENSP00000441543	0	0	0	0	0.047	0.135	0.500	0.174	0.614
H2BC9	UBB	9606.ENSP00000479169	9606.ENSP00000478771	0	0	0	0	0	0.135	0.500	0.064	0.559
H2BC9	MYC	9606.ENSP00000479169	9606.ENSP00000478887	0	0	0	0	0	0.053	0.500	0.375	0.678
H2BC9	H4C1	9606.ENSP00000479169	9606.ENSP00000479106	0	0.066	0	0	0.284	0.831	0	0.166	0.893
H2BC9	H3C1	9606.ENSP00000479169	9606.ENSP00000480826	0	0.124	0	0	0.313	0.183	0	0.080	0.488
H3-3A	KDM6B	9606.ENSP00000355780	9606.ENSP00000254846	0	0	0	0	0.068	0.579	0	0.251	0.680
H3-3A	HIRA	9606.ENSP00000355780	9606.ENSP00000263208	0	0	0	0	0	0.258	0	0.653	0.731
H3-3A	PIK3CA	9606.ENSP00000355780	9606.ENSP00000263967	0	0	0	0	0	0.056	0	0.453	0.462
H3-3A	TP53	9606.ENSP00000355780	9606.ENSP00000269305	0	0	0	0	0.047	0	0	0.572	0.575
H3-3A	RPS27A	9606.ENSP00000355780	9606.ENSP00000272317	0	0	0	0	0.155	0.360	0	0.112	0.478
H3-3A	H3-4	9606.ENSP00000355780	9606.ENSP00000355657	0	0	0.049	0.983	0	0.854	0	0.042	0.855
H3-3A	RBBP4	9606.ENSP00000355780	9606.ENSP00000362592	0	0	0	0	0.067	0.306	0	0.172	0.417
H3-3A	UBA52	9606.ENSP00000355780	9606.ENSP00000388107	0	0	0	0	0.127	0.358	0	0.073	0.435
H3-3A	RBBP7	9606.ENSP00000355780	9606.ENSP00000369424	0	0	0	0	0.067	0.306	0	0.200	0.437
H3-3A	UBC	9606.ENSP00000355780	9606.ENSP00000441543	0	0	0	0	0.175	0.305	0	0.114	0.448
H3-3A	PTEN	9606.ENSP00000355780	9606.ENSP00000361021	0	0	0	0	0.044	0.067	0	0.451	0.468
H3-3A	UBB	9606.ENSP00000355780	9606.ENSP00000478771	0	0	0	0	0.175	0.305	0	0.277	0.550
H3-3A	H3C1	9606.ENSP00000355780	9606.ENSP00000480826	0	0	0.048	0.984	0.126	0.854	0	0.045	0.868
H3-3A	H3C15	9606.ENSP00000355780	9606.ENSP00000385479	0	0	0.048	0.984	0	0.870	0	0.043	0.871
H3-3A	H4C1	9606.ENSP00000355780	9606.ENSP00000479106	0	0.084	0	0	0.146	0.915	0	0.202	0.940
H3-4	SIRT1	9606.ENSP00000355657	9606.ENSP00000212015	0	0	0	0	0	0.146	0	0.816	0.836
H3-4	MAPK1	9606.ENSP00000355657	9606.ENSP00000215832	0	0	0	0	0	0.078	0	0.381	0.405
H3-4	TGFB1	9606.ENSP00000355657	9606.ENSP00000221930	0	0	0	0	0	0	0	0.449	0.449
H3-4	NFKB1	9606.ENSP00000355657	9606.ENSP00000226574	0	0	0	0	0	0.078	0	0.663	0.676
H3-4	KDM6B	9606.ENSP00000355657	9606.ENSP00000254846	0	0	0	0	0.068	0.579	0	0.833	0.928
H3-4	TERF2	9606.ENSP00000355657	9606.ENSP00000254942	0	0	0	0	0	0	0.500	0.207	0.586
H3-4	MDM2	9606.ENSP00000355657	9606.ENSP00000258149	0	0	0	0	0	0.306	0	0.691	0.776
H3-4	LMNB1	9606.ENSP00000355657	9606.ENSP00000261366	0	0	0	0	0.067	0	0	0.737	0.744
H3-4	SMAD2	9606.ENSP00000355657	9606.ENSP00000262160	0	0	0	0	0	0	0	0.449	0.449
H3-4	MAPK3	9606.ENSP00000355657	9606.ENSP00000263025	0	0	0	0	0	0.078	0	0.593	0.609
H3-4	HIRA	9606.ENSP00000355657	9606.ENSP00000263208	0	0	0	0	0	0.258	0	0.363	0.507
H3-4	STAT3	9606.ENSP00000355657	9606.ENSP00000264657	0	0	0	0	0.054	0	0	0.604	0.609
H3-4	NBN	9606.ENSP00000355657	9606.ENSP00000265433	0	0	0	0	0	0.292	0.500	0.179	0.683
H3-4	RB1	9606.ENSP00000355657	9606.ENSP00000267163	0	0	0	0	0.060	0	0.500	0.499	0.744
H3-4	TINF2	9606.ENSP00000355657	9606.ENSP00000267415	0	0	0	0	0	0.099	0.500	0.267	0.641
H3-4	TP53	9606.ENSP00000355657	9606.ENSP00000269305	0	0	0	0	0.047	0	0	0.863	0.863
H3-4	RPS27A	9606.ENSP00000355657	9606.ENSP00000272317	0	0	0	0	0.106	0.442	0.500	0.202	0.774
H3-4	TERF1	9606.ENSP00000355657	9606.ENSP00000276603	0	0	0	0	0	0	0.500	0.370	0.671
H3-4	TERF2IP	9606.ENSP00000355657	9606.ENSP00000300086	0	0	0	0	0	0.095	0.500	0.074	0.544
H3-4	MAP2K1	9606.ENSP00000355657	9606.ENSP00000302486	0	0	0	0	0.065	0.053	0	0.626	0.640
H3-4	RAD9A	9606.ENSP00000355657	9606.ENSP00000311360	0	0	0	0	0.067	0.061	0	0.870	0.876
H3-4	SUZ12	9606.ENSP00000355657	9606.ENSP00000316578	0	0	0	0	0	0.366	0	0.887	0.925
H3-4	MRE11	9606.ENSP00000355657	9606.ENSP00000325863	0	0	0	0	0	0.343	0.500	0.174	0.705
H3-4	SP1	9606.ENSP00000355657	9606.ENSP00000329357	0	0	0	0	0	0.099	0	0.449	0.482
H3-4	KAT5	9606.ENSP00000355657	9606.ENSP00000340330	0	0	0	0	0	0.418	0.500	0.897	0.967
H3-4	POT1	9606.ENSP00000355657	9606.ENSP00000350249	0	0	0	0	0	0	0.500	0.111	0.536
H3-4	MTOR	9606.ENSP00000355657	9606.ENSP00000354558	0	0	0	0	0	0.095	0	0.454	0.485
H3-4	RPS6KA1	9606.ENSP00000355657	9606.ENSP00000435412	0	0	0	0	0.059	0.091	0	0.362	0.407
H3-4	RPS6KA3	9606.ENSP00000355657	9606.ENSP00000368884	0	0	0	0	0.059	0.177	0	0.399	0.494
H3-4	PHC1	9606.ENSP00000355657	9606.ENSP00000437659	0	0	0	0	0	0.071	0	0.574	0.587
H3-4	PTEN	9606.ENSP00000355657	9606.ENSP00000361021	0	0	0	0	0.042	0.067	0	0.584	0.596
H3-4	RAD50	9606.ENSP00000355657	9606.ENSP00000368100	0	0	0	0	0	0.330	0.500	0.094	0.670
H3-4	MAPK8	9606.ENSP00000355657	9606.ENSP00000378974	0	0	0	0	0.077	0.052	0.500	0.370	0.687
H3-4	UBB	9606.ENSP00000355657	9606.ENSP00000478771	0	0	0	0	0.110	0.305	0.500	0.161	0.705
H3-4	RELA	9606.ENSP00000355657	9606.ENSP00000384273	0	0	0	0	0	0.106	0	0.694	0.715
H3-4	UBA52	9606.ENSP00000355657	9606.ENSP00000388107	0	0	0	0	0.098	0.364	0.500	0.135	0.719
H3-4	RING1	9606.ENSP00000355657	9606.ENSP00000363787	0	0	0	0	0	0	0	0.744	0.744
H3-4	IL6	9606.ENSP00000355657	9606.ENSP00000385675	0	0	0	0	0.086	0	0	0.734	0.746
H3-4	JUN	9606.ENSP00000355657	9606.ENSP00000360266	0	0	0	0	0.049	0.131	0	0.746	0.772
H3-4	PHC3	9606.ENSP00000355657	9606.ENSP00000420294	0	0	0	0	0	0	0	0.797	0.797
H3-4	RNF2	9606.ENSP00000355657	9606.ENSP00000356480	0	0	0	0	0.048	0.292	0	0.742	0.811
H3-4	UBC	9606.ENSP00000355657	9606.ENSP00000441543	0	0	0	0	0.110	0.305	0.500	0.516	0.830
H3-4	MYC	9606.ENSP00000355657	9606.ENSP00000478887	0	0	0	0	0.055	0.168	0	0.813	0.840
H3-4	H3C15	9606.ENSP00000355657	9606.ENSP00000385479	0	0	0.048	0.984	0.107	0.854	0	0	0.865
H3-4	H3C1	9606.ENSP00000355657	9606.ENSP00000480826	0	0	0.048	0.984	0.162	0.877	0	0	0.894
H3-4	H4C1	9606.ENSP00000355657	9606.ENSP00000479106	0	0.084	0	0	0.146	0.915	0	0.121	0.934
H3-4	RBBP4	9606.ENSP00000355657	9606.ENSP00000362592	0	0	0	0	0.067	0.487	0	0.878	0.936
H3-4	RBBP7	9606.ENSP00000355657	9606.ENSP00000369424	0	0	0	0	0.067	0.645	0	0.850	0.946
H3C1	SIRT1	9606.ENSP00000480826	9606.ENSP00000212015	0	0	0	0	0	0.369	0	0.155	0.444
H3C1	KDM6B	9606.ENSP00000480826	9606.ENSP00000254846	0	0	0	0	0.068	0.689	0	0.116	0.721
H3C1	UBN1	9606.ENSP00000480826	9606.ENSP00000262376	0	0	0	0	0	0.530	0	0.069	0.543
H3C1	HIRA	9606.ENSP00000480826	9606.ENSP00000263208	0	0	0	0	0	0.688	0	0.115	0.712
H3C1	TP53	9606.ENSP00000480826	9606.ENSP00000269305	0	0	0	0	0.047	0.800	0	0.319	0.858
H3C1	RPS27A	9606.ENSP00000480826	9606.ENSP00000272317	0	0	0	0	0.105	0.933	0	0.091	0.940
H3C1	KAT5	9606.ENSP00000480826	9606.ENSP00000340330	0	0	0	0	0	0.418	0	0.091	0.449
H3C1	RBBP4	9606.ENSP00000480826	9606.ENSP00000362592	0	0	0	0	0.067	0.879	0	0.115	0.891
H3C1	RPS6KA3	9606.ENSP00000480826	9606.ENSP00000368884	0	0	0	0	0.059	0.451	0	0.045	0.463
H3C1	RBBP7	9606.ENSP00000480826	9606.ENSP00000369424	0	0	0	0	0.067	0.805	0	0.151	0.832
H3C1	H3C15	9606.ENSP00000480826	9606.ENSP00000385479	0	0	0.048	0.985	0.226	0.927	0	0.378	0.962
H3C1	UBA52	9606.ENSP00000480826	9606.ENSP00000388107	0	0	0	0	0.103	0.933	0	0.073	0.939
H3C1	UBC	9606.ENSP00000480826	9606.ENSP00000441543	0	0	0	0	0.110	0.927	0	0.081	0.935
H3C1	UBB	9606.ENSP00000480826	9606.ENSP00000478771	0	0	0	0	0.110	0.927	0	0.081	0.935
H3C1	H4C1	9606.ENSP00000480826	9606.ENSP00000479106	0	0.069	0	0	0.324	0.915	0	0.794	0.987
H3C15	KDM6B	9606.ENSP00000385479	9606.ENSP00000254846	0	0	0	0	0.068	0.793	0	0.116	0.814
H3C15	RPS27A	9606.ENSP00000385479	9606.ENSP00000272317	0	0	0	0	0.105	0.933	0	0.163	0.945
H3C15	SUZ12	9606.ENSP00000385479	9606.ENSP00000316578	0	0	0	0	0	0.821	0	0.117	0.835
H3C15	UBB	9606.ENSP00000385479	9606.ENSP00000478771	0	0	0	0	0.110	0.927	0	0.081	0.935
H3C15	UBC	9606.ENSP00000385479	9606.ENSP00000441543	0	0	0	0	0.110	0.927	0	0.081	0.935
H3C15	UBA52	9606.ENSP00000385479	9606.ENSP00000388107	0	0	0	0	0.098	0.933	0	0.179	0.946
H3C15	H4C1	9606.ENSP00000385479	9606.ENSP00000479106	0	0.070	0	0	0.267	0.915	0	0.511	0.968
H4C1	TP53	9606.ENSP00000479106	9606.ENSP00000269305	0	0	0	0	0	0.800	0	0.138	0.820
H4C1	RPS27A	9606.ENSP00000479106	9606.ENSP00000272317	0	0	0	0	0.100	0.875	0	0.090	0.888
H4C1	SUZ12	9606.ENSP00000479106	9606.ENSP00000316578	0	0	0	0	0	0.806	0	0	0.806
H4C1	RBBP4	9606.ENSP00000479106	9606.ENSP00000362592	0	0	0	0	0	0.385	0	0.116	0.433
H4C1	RBBP7	9606.ENSP00000479106	9606.ENSP00000369424	0	0	0	0	0	0.385	0	0.116	0.433
H4C1	UBA52	9606.ENSP00000479106	9606.ENSP00000388107	0	0	0	0	0	0.858	0	0.083	0.864
H4C1	UBC	9606.ENSP00000479106	9606.ENSP00000441543	0	0	0	0	0.062	0.854	0	0.090	0.864
H4C1	UBB	9606.ENSP00000479106	9606.ENSP00000478771	0	0	0	0	0.062	0.854	0	0.090	0.864
HIPK1	MDM2	9606.ENSP00000407442	9606.ENSP00000258149	0	0	0	0	0.042	0.217	0	0.483	0.578
HIPK1	TP53	9606.ENSP00000407442	9606.ENSP00000269305	0	0	0	0	0	0.296	0.900	0.571	0.967
HIPK1	RASSF5	9606.ENSP00000407442	9606.ENSP00000462099	0	0	0	0	0.060	0.301	0.900	0.054	0.929
HIPK2	SIRT1	9606.ENSP00000385571	9606.ENSP00000212015	0	0	0	0	0	0.314	0	0.372	0.550
HIPK2	MAPK14	9606.ENSP00000385571	9606.ENSP00000229795	0	0	0	0.689	0	0.082	0	0.394	0.420
HIPK2	MDM2	9606.ENSP00000385571	9606.ENSP00000258149	0	0	0	0	0	0.627	0	0.681	0.876
HIPK2	SMAD2	9606.ENSP00000385571	9606.ENSP00000262160	0	0	0	0	0	0.292	0	0.723	0.795
HIPK2	TP53	9606.ENSP00000385571	9606.ENSP00000269305	0	0	0	0	0	0.867	0.900	0.934	0.999
HIPK2	KAT5	9606.ENSP00000385571	9606.ENSP00000340330	0	0	0	0	0.080	0.067	0	0.567	0.595
HIPK2	MDM4	9606.ENSP00000385571	9606.ENSP00000356150	0	0	0	0	0	0.294	0	0.617	0.718
HIPK2	HMGA1	9606.ENSP00000385571	9606.ENSP00000399888	0	0	0	0	0	0.292	0	0.507	0.636
HIPK2	RASSF5	9606.ENSP00000385571	9606.ENSP00000462099	0	0	0	0	0	0.049	0.900	0.246	0.922
HIPK3	TP53	9606.ENSP00000304226	9606.ENSP00000269305	0	0	0	0	0.044	0.462	0.900	0.290	0.958
HIPK3	RASSF5	9606.ENSP00000304226	9606.ENSP00000462099	0	0	0	0	0.097	0.049	0.900	0.054	0.907
HIPK4	TP53	9606.ENSP00000291823	9606.ENSP00000269305	0	0	0	0	0	0.047	0.900	0.213	0.918
HIPK4	RASSF5	9606.ENSP00000291823	9606.ENSP00000462099	0	0	0	0	0	0.051	0.900	0.051	0.902
HIRA	LMNB1	9606.ENSP00000263208	9606.ENSP00000261366	0	0	0	0	0.124	0	0.400	0	0.451
HIRA	UBN1	9606.ENSP00000263208	9606.ENSP00000262376	0	0	0	0	0.105	0.866	0.800	0.982	0.999
HIRA	MYC	9606.ENSP00000263208	9606.ENSP00000478887	0	0	0	0	0.062	0.400	0	0.097	0.447
HIRA	RB1	9606.ENSP00000263208	9606.ENSP00000267163	0	0	0	0	0.110	0	0.400	0.098	0.476
HIRA	HMGA2	9606.ENSP00000263208	9606.ENSP00000437621	0	0	0	0	0.049	0	0.500	0	0.504
HIRA	TP53	9606.ENSP00000263208	9606.ENSP00000269305	0	0	0	0	0	0.292	0.400	0.124	0.595
HIRA	RBBP4	9606.ENSP00000263208	9606.ENSP00000362592	0	0	0	0.565	0.056	0.521	0	0.262	0.637
HIRA	HMGA1	9606.ENSP00000263208	9606.ENSP00000399888	0	0	0	0	0.067	0.330	0.500	0	0.660
HIRA	RBBP7	9606.ENSP00000263208	9606.ENSP00000369424	0	0	0	0	0	0.540	0	0.303	0.665
HLA-G	TGFB1	9606.ENSP00000366024	9606.ENSP00000221930	0	0	0	0	0.047	0	0	0.418	0.421
HLA-G	KIR2DL4	9606.ENSP00000366024	9606.ENSP00000339634	0	0	0	0	0.075	0.392	0.500	0.996	0.998
HLA-G	IL6	9606.ENSP00000366024	9606.ENSP00000385675	0	0	0	0	0.048	0	0	0.505	0.508
HMGA1	NFKB1	9606.ENSP00000399888	9606.ENSP00000226574	0	0	0	0	0.048	0.292	0	0.514	0.643
HMGA1	LMNB1	9606.ENSP00000399888	9606.ENSP00000261366	0	0	0	0	0.122	0.136	0.400	0.108	0.539
HMGA1	UBN1	9606.ENSP00000399888	9606.ENSP00000262376	0	0	0	0	0	0	0.500	0	0.499
HMGA1	RB1	9606.ENSP00000399888	9606.ENSP00000267163	0	0	0	0	0.042	0	0.400	0.094	0.433
HMGA1	TP53	9606.ENSP00000399888	9606.ENSP00000269305	0	0	0	0	0.062	0.292	0.400	0.382	0.720
HMGA1	SP1	9606.ENSP00000399888	9606.ENSP00000329357	0	0	0	0	0.043	0.510	0	0.268	0.626
HMGA1	JUN	9606.ENSP00000399888	9606.ENSP00000360266	0	0	0	0	0	0.474	0	0.936	0.964
HMGA1	MYC	9606.ENSP00000399888	9606.ENSP00000478887	0	0	0	0	0.103	0.174	0	0.321	0.452
HMGA1	HMGA2	9606.ENSP00000399888	9606.ENSP00000437621	0	0	0	0.805	0.140	0	0.800	0.478	0.902
HMGA2	TGFB1	9606.ENSP00000437621	9606.ENSP00000221930	0	0	0	0	0.043	0	0	0.406	0.408
HMGA2	NFKB1	9606.ENSP00000437621	9606.ENSP00000226574	0	0	0	0	0	0.292	0	0.284	0.471
HMGA2	MDM2	9606.ENSP00000437621	9606.ENSP00000258149	0	0	0	0	0	0.292	0	0.507	0.636
HMGA2	LMNB1	9606.ENSP00000437621	9606.ENSP00000261366	0	0	0	0	0.064	0.161	0.400	0.264	0.607
HMGA2	SMAD2	9606.ENSP00000437621	9606.ENSP00000262160	0	0	0	0	0.059	0.095	0.900	0.398	0.941
HMGA2	UBN1	9606.ENSP00000437621	9606.ENSP00000262376	0	0	0	0	0	0	0.500	0	0.499
HMGA2	STAT3	9606.ENSP00000437621	9606.ENSP00000264657	0	0	0	0	0	0	0	0.472	0.472
HMGA2	RB1	9606.ENSP00000437621	9606.ENSP00000267163	0	0	0	0	0.044	0.334	0.400	0.238	0.670
HMGA2	TP53	9606.ENSP00000437621	9606.ENSP00000269305	0	0	0	0	0.067	0.292	0.400	0.704	0.867
HMGA2	TGFBR2	9606.ENSP00000437621	9606.ENSP00000351905	0	0	0	0	0	0.052	0	0.395	0.402
HMGA2	JUN	9606.ENSP00000437621	9606.ENSP00000360266	0	0	0	0	0	0	0	0.586	0.586
HMGA2	PTEN	9606.ENSP00000437621	9606.ENSP00000361021	0	0	0	0	0	0	0	0.511	0.511
HMGA2	MYC	9606.ENSP00000437621	9606.ENSP00000478887	0	0	0	0	0.058	0.174	0	0.712	0.756
HUS1	KAT5	9606.ENSP00000258774	9606.ENSP00000340330	0	0	0	0	0.049	0	0.500	0.244	0.609
HUS1	RAD50	9606.ENSP00000258774	9606.ENSP00000368100	0	0	0	0	0.060	0	0.500	0.275	0.629
HUS1	TP53	9606.ENSP00000258774	9606.ENSP00000269305	0	0	0	0	0	0	0.400	0.541	0.712
HUS1	MRE11	9606.ENSP00000258774	9606.ENSP00000325863	0	0	0	0	0.139	0.088	0.500	0.589	0.817
HUS1	NBN	9606.ENSP00000258774	9606.ENSP00000265433	0	0	0	0	0.121	0	0.500	0.673	0.843
HUS1	RAD9B	9606.ENSP00000258774	9606.ENSP00000376440	0	0	0	0	0.042	0.684	0.800	0.876	0.991
HUS1	RAD9A	9606.ENSP00000258774	9606.ENSP00000311360	0	0	0	0	0	0.995	0.800	0.999	0.999
HUS1	RAD1	9606.ENSP00000258774	9606.ENSP00000371469	0	0	0	0	0.107	0.998	0.900	0.953	0.999
ID1	TGFB1	9606.ENSP00000365280	9606.ENSP00000221930	0	0	0	0	0.043	0	0	0.481	0.482
ID1	SERPINE1	9606.ENSP00000365280	9606.ENSP00000223095	0	0	0	0	0.080	0	0	0.417	0.440
ID1	SMAD2	9606.ENSP00000365280	9606.ENSP00000262160	0	0	0	0	0	0	0	0.524	0.524
ID1	TP53	9606.ENSP00000365280	9606.ENSP00000269305	0	0	0	0	0	0.071	0	0.447	0.464
ID1	TGFBR1	9606.ENSP00000365280	9606.ENSP00000447297	0	0	0	0	0	0	0	0.486	0.486
ID1	MYC	9606.ENSP00000365280	9606.ENSP00000478887	0	0	0	0	0.063	0.161	0	0.628	0.682
IFNB1	TGFB1	9606.ENSP00000369581	9606.ENSP00000221930	0	0	0	0	0	0	0	0.506	0.506
IFNB1	NFKB1	9606.ENSP00000369581	9606.ENSP00000226574	0	0	0	0	0.045	0	0.650	0.802	0.928
IFNB1	MAPK14	9606.ENSP00000369581	9606.ENSP00000229795	0	0	0	0	0.105	0	0	0.366	0.409
IFNB1	MAPK3	9606.ENSP00000369581	9606.ENSP00000263025	0	0	0	0	0.086	0	0	0.445	0.471
IFNB1	IL1A	9606.ENSP00000369581	9606.ENSP00000263339	0	0	0	0	0.122	0	0	0.727	0.750
IFNB1	STAT3	9606.ENSP00000369581	9606.ENSP00000264657	0	0	0	0	0.099	0	0	0.725	0.741
IFNB1	TP53	9606.ENSP00000369581	9606.ENSP00000269305	0	0	0	0	0	0	0	0.690	0.690
IFNB1	PPP1CA	9606.ENSP00000369581	9606.ENSP00000326031	0	0	0	0	0	0	0	0.445	0.445
IFNB1	JUN	9606.ENSP00000369581	9606.ENSP00000360266	0	0	0	0	0.054	0	0	0.603	0.608
IFNB1	MYC	9606.ENSP00000369581	9606.ENSP00000478887	0	0	0	0	0.055	0	0	0.506	0.513
IFNB1	RELA	9606.ENSP00000369581	9606.ENSP00000384273	0	0	0	0	0	0	0.650	0.545	0.834
IFNB1	IL6	9606.ENSP00000369581	9606.ENSP00000385675	0	0	0	0	0.185	0	0	0.908	0.922
IGFBP3	TGFB1	9606.ENSP00000370473	9606.ENSP00000221930	0	0	0	0	0	0	0	0.521	0.521
IGFBP3	SERPINE1	9606.ENSP00000370473	9606.ENSP00000223095	0	0	0	0	0.142	0	0	0.548	0.596
IGFBP3	NFKB1	9606.ENSP00000370473	9606.ENSP00000226574	0	0	0	0	0.042	0	0	0.541	0.541
IGFBP3	MDM2	9606.ENSP00000370473	9606.ENSP00000258149	0	0	0	0	0	0	0	0.419	0.418
IGFBP3	IL1A	9606.ENSP00000370473	9606.ENSP00000263339	0	0	0	0	0	0	0	0.668	0.668
IGFBP3	STAT3	9606.ENSP00000370473	9606.ENSP00000264657	0	0	0	0	0.047	0	0	0.459	0.463
IGFBP3	TP53	9606.ENSP00000370473	9606.ENSP00000269305	0	0	0	0	0	0	0.750	0.622	0.901
IGFBP3	IGFBP7	9606.ENSP00000370473	9606.ENSP00000295666	0	0	0	0	0.127	0	0	0.740	0.764
IGFBP3	TGFBR2	9606.ENSP00000370473	9606.ENSP00000351905	0	0	0	0	0.083	0	0	0.584	0.602
IGFBP3	TGFB2	9606.ENSP00000370473	9606.ENSP00000355896	0	0	0	0	0.109	0	0	0.416	0.458
IGFBP3	PTEN	9606.ENSP00000370473	9606.ENSP00000361021	0	0.003	0	0	0	0	0	0.466	0.466
IGFBP3	MYC	9606.ENSP00000370473	9606.ENSP00000478887	0	0	0	0	0.057	0.161	0	0.397	0.481
IGFBP3	IL6	9606.ENSP00000370473	9606.ENSP00000385675	0	0	0	0	0.081	0	0	0.722	0.733
IGFBP7	TGFB1	9606.ENSP00000295666	9606.ENSP00000221930	0	0	0	0	0.042	0	0	0.647	0.647
IGFBP7	SERPINE1	9606.ENSP00000295666	9606.ENSP00000223095	0	0	0	0	0.113	0	0	0.396	0.441
IGFBP7	RBL2	9606.ENSP00000295666	9606.ENSP00000262133	0	0	0	0	0	0	0	0.424	0.424
IGFBP7	IL6	9606.ENSP00000295666	9606.ENSP00000385675	0	0	0	0	0.078	0	0	0.397	0.420
IGFBP7	JUN	9606.ENSP00000295666	9606.ENSP00000360266	0	0	0	0	0.062	0.292	0.750	0.205	0.850
IL1A	SIRT1	9606.ENSP00000263339	9606.ENSP00000212015	0	0	0	0	0	0	0	0.447	0.447
IL1A	TGFB1	9606.ENSP00000263339	9606.ENSP00000221930	0	0	0	0	0.047	0	0	0.763	0.764
IL1A	SERPINE1	9606.ENSP00000263339	9606.ENSP00000223095	0	0	0	0	0.145	0	0	0.729	0.758
IL1A	NFKB1	9606.ENSP00000263339	9606.ENSP00000226574	0	0	0	0	0.176	0	0.400	0.900	0.946
IL1A	MAPK14	9606.ENSP00000263339	9606.ENSP00000229795	0	0	0	0	0.077	0	0	0.643	0.656
IL1A	TGFB3	9606.ENSP00000263339	9606.ENSP00000238682	0	0	0	0	0.083	0	0	0.508	0.529
IL1A	SMAD2	9606.ENSP00000263339	9606.ENSP00000262160	0	0	0	0	0.046	0	0	0.447	0.449
IL1A	MAPK3	9606.ENSP00000263339	9606.ENSP00000263025	0	0	0	0	0.060	0	0	0.711	0.716
IL1A	TXN	9606.ENSP00000263339	9606.ENSP00000363641	0	0	0	0	0.047	0	0	0.398	0.402
IL1A	MAP2K7	9606.ENSP00000263339	9606.ENSP00000381070	0	0	0	0	0	0	0	0.438	0.438
IL1A	PTEN	9606.ENSP00000263339	9606.ENSP00000361021	0	0	0	0	0	0	0	0.445	0.445
IL1A	MAPK11	9606.ENSP00000263339	9606.ENSP00000333685	0	0	0	0	0.105	0	0	0.434	0.471
IL1A	MTOR	9606.ENSP00000263339	9606.ENSP00000354558	0	0	0	0	0	0	0	0.507	0.507
IL1A	MYC	9606.ENSP00000263339	9606.ENSP00000478887	0	0	0	0	0.105	0	0	0.480	0.514
IL1A	TGFB2	9606.ENSP00000263339	9606.ENSP00000355896	0	0	0	0	0.094	0	0	0.542	0.568
IL1A	MAP2K1	9606.ENSP00000263339	9606.ENSP00000302486	0	0	0	0	0	0	0	0.601	0.601
IL1A	MAPKAPK2	9606.ENSP00000263339	9606.ENSP00000356070	0	0	0	0	0	0	0	0.623	0.623
IL1A	MAPK8	9606.ENSP00000263339	9606.ENSP00000378974	0	0	0	0	0	0	0	0.643	0.643
IL1A	TP53	9606.ENSP00000263339	9606.ENSP00000269305	0	0	0	0	0	0.161	0	0.608	0.657
IL1A	STAT3	9606.ENSP00000263339	9606.ENSP00000264657	0	0	0	0	0.083	0	0.500	0.722	0.861
IL1A	RELA	9606.ENSP00000263339	9606.ENSP00000384273	0	0	0	0	0.059	0	0.400	0.827	0.893
IL1A	JUN	9606.ENSP00000263339	9606.ENSP00000360266	0	0	0	0	0.087	0	0.750	0.775	0.944
IL1A	IL6	9606.ENSP00000263339	9606.ENSP00000385675	0	0	0	0	0.376	0	0.400	0.974	0.989
IL6	SIRT1	9606.ENSP00000385675	9606.ENSP00000212015	0	0	0	0	0	0	0	0.726	0.726
IL6	MAPK1	9606.ENSP00000385675	9606.ENSP00000215832	0	0	0	0	0.055	0	0.400	0.897	0.936
IL6	TGFB1	9606.ENSP00000385675	9606.ENSP00000221930	0	0	0	0	0.106	0	0.400	0.932	0.960
IL6	SERPINE1	9606.ENSP00000385675	9606.ENSP00000223095	0	0	0	0	0.258	0	0	0.804	0.849
IL6	NFKB1	9606.ENSP00000385675	9606.ENSP00000226574	0	0	0	0	0.176	0	0.900	0.942	0.994
IL6	MAPK14	9606.ENSP00000385675	9606.ENSP00000229795	0	0	0	0	0.083	0	0	0.842	0.848
IL6	TGFB3	9606.ENSP00000385675	9606.ENSP00000238682	0	0	0	0	0.055	0	0	0.593	0.600
IL6	KDM6B	9606.ENSP00000385675	9606.ENSP00000254846	0	0	0	0	0.076	0	0	0.427	0.449
IL6	MDM2	9606.ENSP00000385675	9606.ENSP00000258149	0	0	0	0	0	0	0	0.448	0.448
IL6	LMNB1	9606.ENSP00000385675	9606.ENSP00000261366	0	0	0	0	0.080	0	0	0.547	0.566
IL6	SMAD2	9606.ENSP00000385675	9606.ENSP00000262160	0	0	0	0	0.082	0	0	0.632	0.648
IL6	MAP2K2	9606.ENSP00000385675	9606.ENSP00000262948	0	0	0	0	0.087	0	0.400	0.190	0.517
IL6	MAPK3	9606.ENSP00000385675	9606.ENSP00000263025	0	0	0	0	0.055	0	0.400	0.846	0.905
IL6	PIK3CA	9606.ENSP00000385675	9606.ENSP00000263967	0	0	0	0	0	0	0	0.442	0.442
IL6	UBE2S	9606.ENSP00000385675	9606.ENSP00000264552	0	0	0	0	0.061	0	0.400	0.177	0.496
IL6	STAT3	9606.ENSP00000385675	9606.ENSP00000264657	0	0	0	0	0.102	0.095	0.500	0.965	0.984
IL6	TP53	9606.ENSP00000385675	9606.ENSP00000269305	0	0	0	0	0	0	0	0.777	0.777
IL6	MAP2K1	9606.ENSP00000385675	9606.ENSP00000302486	0	0	0	0	0.098	0	0.400	0.697	0.821
IL6	UBE2E1	9606.ENSP00000385675	9606.ENSP00000303709	0	0	0	0	0.077	0	0.400	0.057	0.432
IL6	SP1	9606.ENSP00000385675	9606.ENSP00000329357	0	0	0	0	0.061	0	0	0.418	0.430
IL6	MAPK11	9606.ENSP00000385675	9606.ENSP00000333685	0	0	0	0	0.062	0	0	0.541	0.551
IL6	MAP2K3	9606.ENSP00000385675	9606.ENSP00000345083	0	0	0	0	0.058	0	0	0.435	0.445
IL6	UBE2C	9606.ENSP00000385675	9606.ENSP00000348838	0	0	0	0	0.055	0	0.400	0.347	0.597
IL6	TGFBR2	9606.ENSP00000385675	9606.ENSP00000351905	0	0	0	0	0.067	0	0	0.517	0.530
IL6	MAP3K5	9606.ENSP00000385675	9606.ENSP00000351908	0	0	0	0	0.104	0	0	0.475	0.509
IL6	MTOR	9606.ENSP00000385675	9606.ENSP00000354558	0	0	0	0	0	0	0	0.772	0.772
IL6	TGFB2	9606.ENSP00000385675	9606.ENSP00000355896	0	0	0	0	0.079	0	0	0.812	0.819
IL6	MAPKAPK2	9606.ENSP00000385675	9606.ENSP00000356070	0	0	0	0	0.062	0	0	0.436	0.448
IL6	VENTX	9606.ENSP00000385675	9606.ENSP00000357556	0	0	0	0	0.044	0	0.750	0.063	0.756
IL6	JUN	9606.ENSP00000385675	9606.ENSP00000360266	0	0	0	0	0.140	0	0.900	0.882	0.989
IL6	PTEN	9606.ENSP00000385675	9606.ENSP00000361021	0	0	0	0	0	0	0	0.681	0.681
IL6	UBE2D1	9606.ENSP00000385675	9606.ENSP00000363019	0	0	0	0	0.059	0	0.400	0.129	0.465
IL6	TXN	9606.ENSP00000385675	9606.ENSP00000363641	0	0	0	0	0.044	0	0	0.546	0.547
IL6	PIK3CD	9606.ENSP00000385675	9606.ENSP00000366563	0	0	0	0	0.048	0	0	0.403	0.407
IL6	SQSTM1	9606.ENSP00000385675	9606.ENSP00000374455	0	0	0	0	0.045	0	0	0.447	0.449
IL6	MAPK8	9606.ENSP00000385675	9606.ENSP00000378974	0	0	0	0	0	0	0	0.938	0.938
IL6	RELA	9606.ENSP00000385675	9606.ENSP00000384273	0	0	0	0	0.108	0.292	0.900	0.816	0.986
IL6	UBB	9606.ENSP00000385675	9606.ENSP00000478771	0	0	0	0	0.065	0	0	0.414	0.428
IL6	TRPV4	9606.ENSP00000385675	9606.ENSP00000406191	0	0	0	0	0.058	0	0	0.440	0.450
IL6	TGFBR1	9606.ENSP00000385675	9606.ENSP00000447297	0	0	0	0	0	0	0	0.505	0.505
IL6	MAPK9	9606.ENSP00000385675	9606.ENSP00000394560	0	0	0	0	0	0	0	0.668	0.668
IL6	MYC	9606.ENSP00000385675	9606.ENSP00000478887	0	0	0	0	0.129	0	0	0.702	0.730
JUN	SIRT1	9606.ENSP00000360266	9606.ENSP00000212015	0	0	0	0	0.044	0.710	0	0.758	0.927
JUN	MAPK1	9606.ENSP00000360266	9606.ENSP00000215832	0	0	0	0	0	0.771	0.900	0.958	0.998
JUN	MYBL2	9606.ENSP00000360266	9606.ENSP00000217026	0	0	0	0	0	0.071	0	0.528	0.543
JUN	TSC2	9606.ENSP00000360266	9606.ENSP00000219476	0	0	0	0	0	0	0	0.400	0.400
JUN	TGFB1	9606.ENSP00000360266	9606.ENSP00000221930	0	0	0	0	0.103	0	0	0.703	0.722
JUN	SERPINE1	9606.ENSP00000360266	9606.ENSP00000223095	0	0	0	0	0.074	0	0	0.572	0.586
JUN	NFKB1	9606.ENSP00000360266	9606.ENSP00000226574	0	0	0	0	0.093	0.292	0	0.992	0.994
JUN	MAPK14	9606.ENSP00000360266	9606.ENSP00000229795	0	0	0	0	0	0.328	0.900	0.891	0.992
JUN	TGFB3	9606.ENSP00000360266	9606.ENSP00000238682	0	0	0	0	0.051	0	0	0.619	0.624
JUN	KDM6B	9606.ENSP00000360266	9606.ENSP00000254846	0	0	0	0	0.062	0.062	0.750	0.285	0.821
JUN	PHC2	9606.ENSP00000360266	9606.ENSP00000257118	0	0	0	0	0.058	0	0.500	0.067	0.522
JUN	MDM2	9606.ENSP00000360266	9606.ENSP00000258149	0	0	0	0	0.055	0.162	0	0.771	0.803
JUN	LMNB1	9606.ENSP00000360266	9606.ENSP00000261366	0	0	0	0	0	0.131	0	0.487	0.535
JUN	SMAD2	9606.ENSP00000360266	9606.ENSP00000262160	0	0	0	0	0	0.424	0	0.875	0.925
JUN	UBN1	9606.ENSP00000360266	9606.ENSP00000262376	0	0	0	0	0	0.226	0	0.468	0.571
JUN	MAP2K2	9606.ENSP00000360266	9606.ENSP00000262948	0	0	0	0	0.049	0	0	0.587	0.590
JUN	MAPK3	9606.ENSP00000360266	9606.ENSP00000263025	0	0	0	0	0	0.323	0.900	0.824	0.987
JUN	PIK3CA	9606.ENSP00000360266	9606.ENSP00000263967	0	0	0	0	0	0	0	0.646	0.646
JUN	STAT3	9606.ENSP00000360266	9606.ENSP00000264657	0	0	0	0	0.061	0.328	0	0.993	0.995
JUN	RB1	9606.ENSP00000360266	9606.ENSP00000267163	0	0	0	0	0	0.510	0	0.394	0.690
JUN	TINF2	9606.ENSP00000360266	9606.ENSP00000267415	0	0	0	0	0.103	0.091	0	0.333	0.409
JUN	TP53	9606.ENSP00000360266	9606.ENSP00000269305	0	0	0	0	0	0.324	0.500	0.992	0.997
JUN	RPS27A	9606.ENSP00000360266	9606.ENSP00000272317	0	0	0	0	0.044	0.615	0	0.276	0.710
JUN	TERF1	9606.ENSP00000360266	9606.ENSP00000276603	0	0	0	0	0	0	0	0.422	0.422
JUN	MAP2K1	9606.ENSP00000360266	9606.ENSP00000302486	0	0	0	0	0.049	0	0	0.807	0.808
JUN	MAPK7	9606.ENSP00000360266	9606.ENSP00000311005	0	0	0	0	0.043	0.084	0	0.677	0.692
JUN	SUZ12	9606.ENSP00000360266	9606.ENSP00000316578	0	0	0	0	0	0	0.500	0.491	0.734
JUN	PPP1CA	9606.ENSP00000360266	9606.ENSP00000326031	0	0	0	0	0	0.131	0	0.493	0.541
JUN	SP1	9606.ENSP00000360266	9606.ENSP00000329357	0	0	0	0	0.102	0.794	0.900	0.826	0.996
JUN	MAPK11	9606.ENSP00000360266	9606.ENSP00000333685	0	0	0	0	0.062	0.090	0.900	0.708	0.971
JUN	TNRC6C	9606.ENSP00000360266	9606.ENSP00000336783	0	0	0	0	0	0.071	0.500	0.069	0.529
JUN	KAT5	9606.ENSP00000360266	9606.ENSP00000340330	0	0	0	0	0	0.076	0	0.547	0.563
JUN	PPP1CC	9606.ENSP00000360266	9606.ENSP00000341779	0	0	0	0	0	0.131	0	0.529	0.573
JUN	MAP4K4	9606.ENSP00000360266	9606.ENSP00000343658	0	0	0	0	0	0.196	0	0.435	0.526
JUN	MAP2K3	9606.ENSP00000360266	9606.ENSP00000345083	0	0	0	0	0	0	0	0.786	0.786
JUN	TGFBR2	9606.ENSP00000360266	9606.ENSP00000351905	0	0	0	0	0.058	0.085	0	0.489	0.521
JUN	MAP3K5	9606.ENSP00000360266	9606.ENSP00000351908	0	0	0	0	0	0	0	0.858	0.858
JUN	MTOR	9606.ENSP00000360266	9606.ENSP00000354558	0	0	0	0	0	0.098	0	0.697	0.715
JUN	TGFB2	9606.ENSP00000360266	9606.ENSP00000355896	0	0	0	0	0.054	0	0	0.646	0.651
JUN	MAPKAPK2	9606.ENSP00000360266	9606.ENSP00000356070	0	0	0	0	0.049	0	0	0.529	0.533
JUN	MDM4	9606.ENSP00000360266	9606.ENSP00000356150	0	0	0	0	0.055	0	0	0.517	0.524
JUN	RNF2	9606.ENSP00000360266	9606.ENSP00000356480	0	0	0	0	0	0	0.500	0.138	0.550
JUN	RPS6KA3	9606.ENSP00000360266	9606.ENSP00000368884	0	0	0	0	0	0	0	0.506	0.506
JUN	PIK3CB	9606.ENSP00000360266	9606.ENSP00000501150	0	0	0	0	0	0	0	0.508	0.508
JUN	PHC1	9606.ENSP00000360266	9606.ENSP00000437659	0	0	0	0	0	0	0.500	0.063	0.511
JUN	TNRC6A	9606.ENSP00000360266	9606.ENSP00000379144	0	0	0	0	0	0	0.500	0.116	0.539
JUN	UBC	9606.ENSP00000360266	9606.ENSP00000441543	0	0	0	0	0.081	0.360	0	0.279	0.539
JUN	TGFBR1	9606.ENSP00000360266	9606.ENSP00000447297	0	0	0	0	0	0.085	0	0.519	0.541
JUN	TNRC6B	9606.ENSP00000360266	9606.ENSP00000401946	0	0	0	0	0.069	0.068	0.500	0.084	0.549
JUN	MOV10	9606.ENSP00000360266	9606.ENSP00000399797	0	0	0	0	0	0.131	0.500	0.089	0.569
JUN	MAP2K6	9606.ENSP00000360266	9606.ENSP00000468348	0	0	0	0	0	0	0	0.578	0.578
JUN	RPS6KA1	9606.ENSP00000360266	9606.ENSP00000435412	0	0	0	0	0	0	0	0.580	0.580
JUN	PHC3	9606.ENSP00000360266	9606.ENSP00000420294	0	0	0	0	0.064	0	0.500	0.194	0.589
JUN	SQSTM1	9606.ENSP00000360266	9606.ENSP00000374455	0	0	0	0	0.059	0.292	0	0.434	0.589
JUN	TXN	9606.ENSP00000360266	9606.ENSP00000363641	0	0	0	0	0	0	0	0.600	0.600
JUN	RBBP7	9606.ENSP00000360266	9606.ENSP00000369424	0	0	0	0	0	0.131	0.500	0.156	0.601
JUN	RAF1	9606.ENSP00000360266	9606.ENSP00000401888	0	0	0	0	0	0.085	0	0.583	0.602
JUN	RING1	9606.ENSP00000360266	9606.ENSP00000363787	0	0	0	0	0.061	0.131	0.500	0.145	0.604
JUN	RBBP4	9606.ENSP00000360266	9606.ENSP00000362592	0	0	0	0	0	0.131	0.500	0.172	0.609
JUN	RPS6KA2	9606.ENSP00000360266	9606.ENSP00000422435	0	0	0	0	0.047	0.292	0	0.648	0.741
JUN	PTEN	9606.ENSP00000360266	9606.ENSP00000361021	0	0	0	0	0	0.077	0	0.766	0.775
JUN	MAP2K7	9606.ENSP00000360266	9606.ENSP00000381070	0	0	0	0	0	0.354	0	0.875	0.915
JUN	MAP2K4	9606.ENSP00000360266	9606.ENSP00000410402	0	0	0	0	0	0.292	0	0.893	0.921
JUN	MYC	9606.ENSP00000360266	9606.ENSP00000478887	0	0	0	0	0.079	0.626	0	0.922	0.970
JUN	RELA	9606.ENSP00000360266	9606.ENSP00000384273	0	0	0	0	0.087	0.271	0	0.980	0.986
JUN	MAPK9	9606.ENSP00000360266	9606.ENSP00000394560	0	0	0	0	0	0.964	0.900	0.988	0.999
JUN	MAPK8	9606.ENSP00000360266	9606.ENSP00000378974	0	0	0	0	0.049	0.997	0.900	0.978	0.999
KAT5	SIRT1	9606.ENSP00000340330	9606.ENSP00000212015	0	0	0	0	0.077	0.665	0	0.805	0.934
KAT5	NFKB1	9606.ENSP00000340330	9606.ENSP00000226574	0	0	0	0	0.063	0.306	0	0.482	0.633
KAT5	KDM6B	9606.ENSP00000340330	9606.ENSP00000254846	0	0	0	0	0.067	0.116	0	0.356	0.423
KAT5	MDM2	9606.ENSP00000340330	9606.ENSP00000258149	0	0	0	0	0	0.735	0	0.696	0.915
KAT5	STAT3	9606.ENSP00000340330	9606.ENSP00000264657	0	0	0	0	0.054	0.292	0	0.312	0.498
KAT5	NBN	9606.ENSP00000340330	9606.ENSP00000265433	0	0	0	0	0.042	0.292	0.500	0.209	0.695
KAT5	RB1	9606.ENSP00000340330	9606.ENSP00000267163	0	0	0	0	0.060	0.292	0	0.218	0.434
KAT5	TP53	9606.ENSP00000340330	9606.ENSP00000269305	0	0	0	0	0	0.837	0.500	0.961	0.996
KAT5	RPS27A	9606.ENSP00000340330	9606.ENSP00000272317	0	0	0	0	0	0.087	0.500	0.066	0.536
KAT5	RAD9A	9606.ENSP00000340330	9606.ENSP00000311360	0	0	0	0	0.058	0	0.500	0.337	0.660
KAT5	MRE11	9606.ENSP00000340330	9606.ENSP00000325863	0	0	0	0	0.058	0.314	0.500	0.154	0.690
KAT5	UBA52	9606.ENSP00000340330	9606.ENSP00000388107	0	0	0	0	0.042	0	0.500	0	0.500
KAT5	RAD9B	9606.ENSP00000340330	9606.ENSP00000376440	0	0	0	0	0	0	0.500	0.043	0.501
KAT5	RAD1	9606.ENSP00000340330	9606.ENSP00000371469	0	0	0	0	0.056	0	0.500	0	0.507
KAT5	UBC	9606.ENSP00000340330	9606.ENSP00000441543	0	0	0	0	0.042	0.077	0.500	0.060	0.528
KAT5	UBB	9606.ENSP00000340330	9606.ENSP00000478771	0	0	0	0	0	0.077	0.500	0.072	0.534
KAT5	MAPK8	9606.ENSP00000340330	9606.ENSP00000378974	0	0	0	0	0.049	0	0.500	0.148	0.559
KAT5	RAD50	9606.ENSP00000340330	9606.ENSP00000368100	0	0	0	0	0.068	0.330	0.500	0.107	0.684
KAT5	RELA	9606.ENSP00000340330	9606.ENSP00000384273	0	0	0	0	0.128	0.354	0	0.897	0.937
KAT5	MYC	9606.ENSP00000340330	9606.ENSP00000478887	0	0	0	0	0	0.676	0	0.925	0.974
KDM6B	SIRT1	9606.ENSP00000254846	9606.ENSP00000212015	0.042	0	0	0	0.100	0.097	0	0.743	0.774
KDM6B	NFKB1	9606.ENSP00000254846	9606.ENSP00000226574	0	0	0	0	0.077	0.107	0	0.331	0.401
KDM6B	RPS27A	9606.ENSP00000254846	9606.ENSP00000272317	0	0	0	0	0.068	0.400	0	0.066	0.432
KDM6B	STAT3	9606.ENSP00000254846	9606.ENSP00000264657	0	0	0	0	0.128	0.053	0	0.377	0.441
KDM6B	MYC	9606.ENSP00000254846	9606.ENSP00000478887	0	0	0	0	0.076	0.094	0	0.403	0.457
KDM6B	UBA52	9606.ENSP00000254846	9606.ENSP00000388107	0	0	0	0	0.067	0.412	0	0.116	0.472
KDM6B	MOV10	9606.ENSP00000254846	9606.ENSP00000399797	0	0	0	0	0	0.050	0.500	0.070	0.519
KDM6B	TNRC6A	9606.ENSP00000254846	9606.ENSP00000379144	0	0	0	0	0.069	0	0.500	0.051	0.520
KDM6B	PHC3	9606.ENSP00000254846	9606.ENSP00000420294	0	0	0	0	0.042	0.052	0.500	0.070	0.521
KDM6B	TNRC6B	9606.ENSP00000254846	9606.ENSP00000401946	0	0	0	0	0.056	0.063	0.500	0.073	0.535
KDM6B	PHC1	9606.ENSP00000254846	9606.ENSP00000437659	0	0	0	0	0.045	0	0.500	0.149	0.558
KDM6B	PHC2	9606.ENSP00000254846	9606.ENSP00000257118	0	0	0	0	0.085	0.052	0.500	0.108	0.561
KDM6B	TSC1	9606.ENSP00000254846	9606.ENSP00000298552	0.043	0	0	0	0.117	0.480	0	0.203	0.603
KDM6B	TNRC6C	9606.ENSP00000254846	9606.ENSP00000336783	0	0	0	0	0.096	0.224	0.500	0.084	0.636
KDM6B	RING1	9606.ENSP00000254846	9606.ENSP00000363787	0	0	0	0	0.092	0.047	0.500	0.337	0.675
KDM6B	RNF2	9606.ENSP00000254846	9606.ENSP00000356480	0	0	0	0	0.072	0.047	0.500	0.392	0.695
KDM6B	RBBP7	9606.ENSP00000254846	9606.ENSP00000369424	0	0	0	0	0.067	0.130	0.500	0.398	0.723
KDM6B	RBBP4	9606.ENSP00000254846	9606.ENSP00000362592	0	0	0	0	0.067	0.130	0.500	0.478	0.760
KDM6B	TP53	9606.ENSP00000254846	9606.ENSP00000269305	0	0	0	0	0.049	0	0	0.785	0.786
KDM6B	SMAD2	9606.ENSP00000254846	9606.ENSP00000262160	0	0	0	0	0.055	0.304	0	0.744	0.817
KDM6B	SUZ12	9606.ENSP00000254846	9606.ENSP00000316578	0	0	0	0	0.057	0.181	0.500	0.769	0.899
LIN37	MYBL2	9606.ENSP00000301159	9606.ENSP00000217026	0	0	0	0	0.061	0.908	0.900	0.977	0.999
LIN37	RBL2	9606.ENSP00000301159	9606.ENSP00000262133	0	0	0	0	0	0.811	0.500	0.867	0.986
LIN37	RBBP7	9606.ENSP00000301159	9606.ENSP00000369424	0	0	0	0	0	0.131	0	0.530	0.574
LIN37	RBL1	9606.ENSP00000301159	9606.ENSP00000362768	0	0	0	0	0	0.723	0.500	0.138	0.870
LIN37	TFDP1	9606.ENSP00000301159	9606.ENSP00000364519	0	0	0	0	0	0.631	0.500	0.376	0.874
LIN37	TFDP2	9606.ENSP00000301159	9606.ENSP00000420616	0	0	0	0	0	0.708	0.500	0.307	0.890
LIN37	LIN9	9606.ENSP00000301159	9606.ENSP00000329102	0	0	0	0	0	0.984	0.900	0.999	0.999
LIN37	RBBP4	9606.ENSP00000301159	9606.ENSP00000362592	0	0	0	0	0	0.983	0.900	0.999	0.999
LIN37	LIN54	9606.ENSP00000301159	9606.ENSP00000341947	0	0	0	0	0.047	0.856	0.900	0.999	0.999
LIN37	LIN52	9606.ENSP00000301159	9606.ENSP00000451812	0	0	0	0	0	0.885	0.900	0.998	0.999
LIN52	MYBL2	9606.ENSP00000451812	9606.ENSP00000217026	0	0	0	0	0	0.985	0.900	0.814	0.999
LIN52	RBL2	9606.ENSP00000451812	9606.ENSP00000262133	0	0	0	0	0	0.808	0.500	0.827	0.982
LIN52	RB1	9606.ENSP00000451812	9606.ENSP00000267163	0	0	0	0	0	0.585	0	0.488	0.778
LIN52	LIN9	9606.ENSP00000451812	9606.ENSP00000329102	0	0	0	0	0.044	0.986	0.900	0.998	0.999
LIN52	LIN54	9606.ENSP00000451812	9606.ENSP00000341947	0	0	0	0	0.056	0.812	0.900	0.998	0.999
LIN52	RBBP4	9606.ENSP00000451812	9606.ENSP00000362592	0	0	0	0	0.084	0.792	0.900	0.996	0.999
LIN52	RBL1	9606.ENSP00000451812	9606.ENSP00000362768	0	0	0	0	0.047	0.800	0.500	0.567	0.953
LIN52	TFDP1	9606.ENSP00000451812	9606.ENSP00000364519	0	0	0	0	0	0.091	0.500	0.472	0.739
LIN52	RBBP7	9606.ENSP00000451812	9606.ENSP00000369424	0	0	0	0	0.083	0.119	0	0.606	0.654
LIN52	TFDP2	9606.ENSP00000451812	9606.ENSP00000420616	0	0	0	0	0.043	0.546	0.500	0.331	0.835
LIN52	MYC	9606.ENSP00000451812	9606.ENSP00000478887	0	0	0	0	0.087	0.128	0.360	0.092	0.475
LIN54	MYBL2	9606.ENSP00000341947	9606.ENSP00000217026	0	0	0	0	0.045	0.796	0.900	0.992	0.999
LIN54	RBL2	9606.ENSP00000341947	9606.ENSP00000262133	0	0	0	0	0.096	0.672	0.500	0.861	0.976
LIN54	RB1	9606.ENSP00000341947	9606.ENSP00000267163	0	0	0	0	0.103	0.362	0	0.334	0.586
LIN54	LIN9	9606.ENSP00000341947	9606.ENSP00000329102	0	0	0	0	0.105	0.839	0.900	0.999	0.999
LIN54	MYC	9606.ENSP00000341947	9606.ENSP00000478887	0	0	0	0	0	0.130	0.540	0.095	0.606
LIN54	RBBP7	9606.ENSP00000341947	9606.ENSP00000369424	0	0	0	0	0.148	0.268	0	0.606	0.732
LIN54	RBL1	9606.ENSP00000341947	9606.ENSP00000362768	0	0	0	0	0.193	0.382	0.500	0.297	0.801
LIN54	TFDP1	9606.ENSP00000341947	9606.ENSP00000364519	0	0	0	0	0.126	0.325	0.500	0.418	0.805
LIN54	TFDP2	9606.ENSP00000341947	9606.ENSP00000420616	0	0	0	0	0.119	0.628	0.500	0.296	0.869
LIN54	RBBP4	9606.ENSP00000341947	9606.ENSP00000362592	0	0	0	0	0.141	0.754	0.900	0.999	0.999
LIN9	MYBL2	9606.ENSP00000329102	9606.ENSP00000217026	0	0	0	0	0.109	0.989	0.900	0.994	0.999
LIN9	RBL2	9606.ENSP00000329102	9606.ENSP00000262133	0	0	0	0	0.142	0.815	0.500	0.897	0.990
LIN9	RB1	9606.ENSP00000329102	9606.ENSP00000267163	0	0	0	0	0.147	0.587	0	0.739	0.900
LIN9	TFDP1	9606.ENSP00000329102	9606.ENSP00000364519	0	0	0	0	0.115	0.502	0.500	0.449	0.862
LIN9	TFDP2	9606.ENSP00000329102	9606.ENSP00000420616	0	0	0	0	0.094	0.633	0.500	0.388	0.884
LIN9	RBBP7	9606.ENSP00000329102	9606.ENSP00000369424	0	0	0	0	0.062	0.755	0	0.625	0.906
LIN9	RBL1	9606.ENSP00000329102	9606.ENSP00000362768	0	0	0	0	0.193	0.778	0.500	0.323	0.931
LIN9	RBBP4	9606.ENSP00000329102	9606.ENSP00000362592	0	0	0	0	0.042	0.989	0.900	0.999	0.999
LMNB1	SIRT1	9606.ENSP00000261366	9606.ENSP00000212015	0	0	0	0	0.049	0	0	0.640	0.643
LMNB1	MYBL2	9606.ENSP00000261366	9606.ENSP00000217026	0	0	0	0	0.304	0	0	0.456	0.605
LMNB1	NFKB1	9606.ENSP00000261366	9606.ENSP00000226574	0	0	0	0	0.058	0.174	0	0.435	0.522
LMNB1	VDAC1	9606.ENSP00000261366	9606.ENSP00000378487	0	0	0	0	0.056	0.125	0	0.348	0.414
LMNB1	TFDP1	9606.ENSP00000261366	9606.ENSP00000364519	0	0	0	0	0.123	0	0	0.381	0.434
LMNB1	UBN1	9606.ENSP00000261366	9606.ENSP00000262376	0	0	0	0	0.064	0	0.400	0.087	0.442
LMNB1	RELA	9606.ENSP00000261366	9606.ENSP00000384273	0	0	0	0	0.055	0.067	0	0.421	0.445
LMNB1	STAT3	9606.ENSP00000261366	9606.ENSP00000264657	0	0	0	0	0.092	0	0	0.455	0.484
LMNB1	MAPK3	9606.ENSP00000261366	9606.ENSP00000263025	0	0	0	0	0.049	0.091	0	0.474	0.505
LMNB1	TP53	9606.ENSP00000261366	9606.ENSP00000269305	0	0	0	0	0.081	0.164	0	0.593	0.660
LMNB1	MYC	9606.ENSP00000261366	9606.ENSP00000478887	0	0	0	0	0.141	0.124	0	0.592	0.666
MAP2K1	SIRT1	9606.ENSP00000302486	9606.ENSP00000212015	0	0.003	0	0	0.072	0	0	0.397	0.416
MAP2K1	MAPK1	9606.ENSP00000302486	9606.ENSP00000215832	0	0	0	0.595	0.152	0.929	0.900	0.950	0.999
MAP2K1	TSC2	9606.ENSP00000302486	9606.ENSP00000219476	0	0	0	0	0.047	0	0	0.475	0.478
MAP2K1	TGFB1	9606.ENSP00000302486	9606.ENSP00000221930	0	0	0	0	0.049	0	0	0.483	0.487
MAP2K1	SERPINE1	9606.ENSP00000302486	9606.ENSP00000223095	0	0	0	0	0.049	0	0	0.547	0.550
MAP2K1	NFKB1	9606.ENSP00000302486	9606.ENSP00000226574	0	0	0	0	0.101	0.046	0.500	0.511	0.762
MAP2K1	MAPK14	9606.ENSP00000302486	9606.ENSP00000229795	0	0	0	0.629	0.094	0.322	0.900	0.579	0.970
MAP2K1	RRAS	9606.ENSP00000302486	9606.ENSP00000246792	0	0	0	0	0.042	0.163	0	0.443	0.514
MAP2K1	RRAS2	9606.ENSP00000302486	9606.ENSP00000256196	0	0	0	0	0.062	0.163	0	0.355	0.450
MAP2K1	MDM2	9606.ENSP00000302486	9606.ENSP00000258149	0	0	0	0	0	0	0	0.613	0.613
MAP2K1	SMAD2	9606.ENSP00000302486	9606.ENSP00000262160	0	0.002	0	0	0.085	0.143	0	0.456	0.536
MAP2K1	RHEB	9606.ENSP00000302486	9606.ENSP00000262187	0	0	0	0	0.072	0.127	0	0.401	0.473
MAP2K1	MAP2K2	9606.ENSP00000302486	9606.ENSP00000262948	0	0	0.051	0.979	0.049	0.836	0.900	0.783	0.996
MAP2K1	MAPK3	9606.ENSP00000302486	9606.ENSP00000263025	0	0	0	0.590	0.122	0.884	0.900	0.974	0.999
MAP2K1	PIK3CA	9606.ENSP00000302486	9606.ENSP00000263967	0	0	0	0	0.060	0.176	0	0.815	0.844
MAP2K1	STAT3	9606.ENSP00000302486	9606.ENSP00000264657	0	0	0	0	0.105	0	0	0.645	0.669
MAP2K1	RB1	9606.ENSP00000302486	9606.ENSP00000267163	0	0	0	0	0.049	0	0	0.514	0.518
MAP2K1	TP53	9606.ENSP00000302486	9606.ENSP00000269305	0	0	0	0	0	0	0	0.667	0.667
MAP2K1	RPS27A	9606.ENSP00000302486	9606.ENSP00000272317	0	0	0	0	0.054	0.068	0.500	0.123	0.561
MAP2K1	PIK3CB	9606.ENSP00000302486	9606.ENSP00000501150	0	0	0	0	0.068	0	0	0.396	0.413
MAP2K1	UBA52	9606.ENSP00000302486	9606.ENSP00000388107	0	0	0	0	0	0	0.500	0	0.499
MAP2K1	MAP3K5	9606.ENSP00000302486	9606.ENSP00000351908	0	0	0	0.639	0.113	0	0	0.474	0.513
MAP2K1	UBB	9606.ENSP00000302486	9606.ENSP00000478771	0	0	0	0	0.048	0.068	0.500	0.065	0.530
MAP2K1	UBC	9606.ENSP00000302486	9606.ENSP00000441543	0	0	0	0	0.048	0.068	0.500	0.107	0.551
MAP2K1	MAPK7	9606.ENSP00000302486	9606.ENSP00000311005	0	0	0	0.599	0.105	0.322	0	0.376	0.588
MAP2K1	PPP1CA	9606.ENSP00000302486	9606.ENSP00000326031	0	0	0	0	0.111	0.104	0	0.576	0.633
MAP2K1	MTOR	9606.ENSP00000302486	9606.ENSP00000354558	0	0	0	0	0.054	0.216	0	0.596	0.674
MAP2K1	MYC	9606.ENSP00000302486	9606.ENSP00000478887	0	0	0	0	0.083	0.186	0	0.614	0.687
MAP2K1	PTEN	9606.ENSP00000302486	9606.ENSP00000361021	0	0	0	0	0.057	0.100	0	0.775	0.792
MAP2K1	MAP2K4	9606.ENSP00000302486	9606.ENSP00000410402	0	0	0.085	0.810	0.155	0	0.750	0.205	0.826
MAP2K1	MAPK9	9606.ENSP00000302486	9606.ENSP00000394560	0	0	0	0.587	0.087	0	0.900	0.309	0.931
MAP2K1	MAPK8	9606.ENSP00000302486	9606.ENSP00000378974	0	0	0	0.591	0.067	0	0.900	0.353	0.934
MAP2K1	MAPK11	9606.ENSP00000302486	9606.ENSP00000333685	0	0	0	0.603	0.093	0.322	0.900	0.297	0.951
MAP2K1	RAF1	9606.ENSP00000302486	9606.ENSP00000401888	0	0	0	0.577	0.131	0.974	0.900	0.970	0.999
MAP2K2	MAPK1	9606.ENSP00000262948	9606.ENSP00000215832	0	0	0	0.600	0.111	0.983	0.900	0.855	0.999
MAP2K2	TSC2	9606.ENSP00000262948	9606.ENSP00000219476	0	0	0	0	0.182	0	0	0.299	0.402
MAP2K2	MAPK14	9606.ENSP00000262948	9606.ENSP00000229795	0	0	0	0.639	0.091	0.322	0.900	0.298	0.951
MAP2K2	RRAS	9606.ENSP00000262948	9606.ENSP00000246792	0	0	0	0	0.062	0.163	0	0.398	0.486
MAP2K2	RRAS2	9606.ENSP00000262948	9606.ENSP00000256196	0	0	0	0	0.044	0.163	0	0.333	0.420
MAP2K2	TP53	9606.ENSP00000262948	9606.ENSP00000269305	0	0	0	0	0.056	0	0	0.417	0.426
MAP2K2	PTEN	9606.ENSP00000262948	9606.ENSP00000361021	0	0	0	0	0	0.100	0	0.431	0.466
MAP2K2	RPS6KA2	9606.ENSP00000262948	9606.ENSP00000422435	0	0	0	0.645	0.074	0.094	0	0.428	0.478
MAP2K2	PIK3CA	9606.ENSP00000262948	9606.ENSP00000263967	0	0	0	0	0	0	0	0.484	0.484
MAP2K2	MAPK7	9606.ENSP00000262948	9606.ENSP00000311005	0	0	0	0.611	0.094	0.322	0	0.228	0.485
MAP2K2	MAPK8	9606.ENSP00000262948	9606.ENSP00000378974	0	0	0	0.593	0.054	0	0.900	0.262	0.924
MAP2K2	MAPK9	9606.ENSP00000262948	9606.ENSP00000394560	0	0	0	0.591	0.049	0	0.900	0.266	0.924
MAP2K2	MAPK11	9606.ENSP00000262948	9606.ENSP00000333685	0	0	0.105	0.611	0.093	0.322	0.900	0.192	0.947
MAP2K2	MAPK3	9606.ENSP00000262948	9606.ENSP00000263025	0	0	0	0.597	0.226	0.732	0.900	0.600	0.990
MAP2K2	RAF1	9606.ENSP00000262948	9606.ENSP00000401888	0	0	0	0.575	0.126	0.925	0.900	0.495	0.996
MAP2K3	MAPK1	9606.ENSP00000345083	9606.ENSP00000215832	0	0	0.101	0.639	0.075	0.514	0.900	0.533	0.977
MAP2K3	TGFB1	9606.ENSP00000345083	9606.ENSP00000221930	0	0	0	0	0.097	0.130	0	0.390	0.478
MAP2K3	NFKB1	9606.ENSP00000345083	9606.ENSP00000226574	0	0	0	0	0.124	0	0	0.374	0.428
MAP2K3	MAPK14	9606.ENSP00000345083	9606.ENSP00000229795	0	0	0.142	0.613	0.056	0.949	0.900	0.864	0.999
MAP2K3	MAPK3	9606.ENSP00000345083	9606.ENSP00000263025	0	0	0.105	0.641	0.081	0.597	0.900	0.507	0.980
MAP2K3	PIK3CA	9606.ENSP00000345083	9606.ENSP00000263967	0	0	0	0	0	0	0	0.535	0.535
MAP2K3	STAT3	9606.ENSP00000345083	9606.ENSP00000264657	0	0	0	0	0.077	0.292	0	0.348	0.537
MAP2K3	TP53	9606.ENSP00000345083	9606.ENSP00000269305	0	0	0	0	0.100	0.180	0	0.640	0.711
MAP2K3	MAPK7	9606.ENSP00000345083	9606.ENSP00000311005	0	0	0	0.633	0.093	0.455	0	0.229	0.585
MAP2K3	MAPK11	9606.ENSP00000345083	9606.ENSP00000333685	0	0	0.145	0.604	0.062	0.624	0.900	0.331	0.976
MAP2K3	MAP4K4	9606.ENSP00000345083	9606.ENSP00000343658	0	0	0	0.720	0.049	0	0.500	0.159	0.565
MAP2K3	MINK1	9606.ENSP00000345083	9606.ENSP00000347427	0	0	0	0.712	0.063	0	0.500	0.073	0.528
MAP2K3	TNIK	9606.ENSP00000345083	9606.ENSP00000399511	0	0	0	0.726	0.042	0	0.500	0.107	0.535
MAP2K3	PTEN	9606.ENSP00000345083	9606.ENSP00000361021	0	0	0	0	0.067	0.317	0	0.370	0.564
MAP2K3	MAPKAPK5	9606.ENSP00000345083	9606.ENSP00000449381	0	0	0	0.577	0.089	0	0.500	0.266	0.636
MAP2K3	TXN	9606.ENSP00000345083	9606.ENSP00000363641	0	0	0	0	0.042	0.057	0.500	0.367	0.675
MAP2K3	MAPKAPK2	9606.ENSP00000345083	9606.ENSP00000356070	0	0	0.140	0.612	0.110	0	0.500	0.288	0.691
MAP2K3	MYC	9606.ENSP00000345083	9606.ENSP00000478887	0	0	0	0	0.063	0.609	0	0.356	0.743
MAP2K3	MAPKAPK3	9606.ENSP00000345083	9606.ENSP00000396467	0	0	0.167	0.585	0.099	0	0.500	0.440	0.762
MAP2K3	MAP2K4	9606.ENSP00000345083	9606.ENSP00000410402	0	0	0.061	0.938	0.091	0.045	0.900	0.097	0.913
MAP2K3	MAPK9	9606.ENSP00000345083	9606.ENSP00000394560	0	0	0.127	0.608	0.090	0.073	0.900	0.312	0.940
MAP2K3	MAPK8	9606.ENSP00000345083	9606.ENSP00000378974	0	0	0.124	0.608	0.093	0.073	0.900	0.579	0.963
MAP2K3	MAP3K5	9606.ENSP00000345083	9606.ENSP00000351908	0	0	0	0.638	0.081	0.733	0.900	0.602	0.988
MAP2K3	MAP2K6	9606.ENSP00000345083	9606.ENSP00000468348	0	0	0.051	0.979	0	0.836	0.900	0.407	0.989
MAP2K4	MAPK1	9606.ENSP00000410402	9606.ENSP00000215832	0	0	0.105	0.599	0.202	0.292	0	0.308	0.604
MAP2K4	NFKB1	9606.ENSP00000410402	9606.ENSP00000226574	0	0	0	0	0.066	0.045	0.500	0.368	0.680
MAP2K4	MAPK14	9606.ENSP00000410402	9606.ENSP00000229795	0	0	0.129	0.605	0.155	0.510	0.900	0.704	0.987
MAP2K4	PIK3CA	9606.ENSP00000410402	9606.ENSP00000263967	0	0	0	0	0.214	0	0	0.541	0.623
MAP2K4	TP53	9606.ENSP00000410402	9606.ENSP00000269305	0	0	0	0	0.043	0	0	0.575	0.575
MAP2K4	RPS27A	9606.ENSP00000410402	9606.ENSP00000272317	0	0	0	0	0.058	0	0.500	0	0.509
MAP2K4	MAPK11	9606.ENSP00000410402	9606.ENSP00000333685	0	0	0.133	0.583	0.068	0	0.900	0.246	0.930
MAP2K4	MAP4K4	9606.ENSP00000410402	9606.ENSP00000343658	0	0	0	0.685	0.118	0	0.500	0.217	0.624
MAP2K4	MINK1	9606.ENSP00000410402	9606.ENSP00000347427	0	0	0	0.684	0.081	0	0.500	0.056	0.528
MAP2K4	MAP3K5	9606.ENSP00000410402	9606.ENSP00000351908	0	0	0	0.599	0.112	0.792	0.900	0.937	0.998
MAP2K4	PTEN	9606.ENSP00000410402	9606.ENSP00000361021	0	0	0	0	0.068	0	0	0.521	0.535
MAP2K4	TXN	9606.ENSP00000410402	9606.ENSP00000363641	0	0	0	0	0.047	0	0.500	0.348	0.662
MAP2K4	MAPK8	9606.ENSP00000410402	9606.ENSP00000378974	0	0	0.111	0.583	0.151	0.995	0.900	0.892	0.999
MAP2K4	MAP2K7	9606.ENSP00000410402	9606.ENSP00000381070	0	0	0.064	0.886	0.062	0.510	0.900	0.135	0.956
MAP2K4	UBA52	9606.ENSP00000410402	9606.ENSP00000388107	0	0	0	0	0	0	0.500	0	0.499
MAP2K4	MAPK9	9606.ENSP00000410402	9606.ENSP00000394560	0	0	0.108	0.583	0.243	0.995	0.900	0.359	0.999
MAP2K4	TNIK	9606.ENSP00000410402	9606.ENSP00000399511	0	0	0	0.690	0.088	0	0.500	0.075	0.541
MAP2K4	MYC	9606.ENSP00000410402	9606.ENSP00000478887	0	0	0	0	0.061	0	0	0.432	0.443
MAP2K4	UBB	9606.ENSP00000410402	9606.ENSP00000478771	0	0	0	0	0.081	0	0.500	0	0.520
MAP2K4	UBC	9606.ENSP00000410402	9606.ENSP00000441543	0	0	0	0	0.086	0.127	0.500	0.061	0.575
MAP2K4	MAP2K6	9606.ENSP00000410402	9606.ENSP00000468348	0	0	0.058	0.947	0.096	0.295	0.900	0.086	0.935
MAP2K6	MAPK1	9606.ENSP00000468348	9606.ENSP00000215832	0	0	0	0.634	0.099	0.597	0.900	0.189	0.966
MAP2K6	MAPK14	9606.ENSP00000468348	9606.ENSP00000229795	0	0	0.133	0.618	0.125	0.946	0.900	0.378	0.997
MAP2K6	MAPK3	9606.ENSP00000468348	9606.ENSP00000263025	0	0	0.100	0.644	0.075	0.455	0.900	0.194	0.956
MAP2K6	TP53	9606.ENSP00000468348	9606.ENSP00000269305	0	0	0	0	0.103	0	0	0.378	0.418
MAP2K6	MAPK7	9606.ENSP00000468348	9606.ENSP00000311005	0	0	0	0.631	0.067	0.455	0	0.249	0.585
MAP2K6	MAPK11	9606.ENSP00000468348	9606.ENSP00000333685	0	0	0.136	0.611	0.055	0.624	0.900	0.378	0.977
MAP2K6	MAP4K4	9606.ENSP00000468348	9606.ENSP00000343658	0	0	0	0.751	0	0	0.500	0.147	0.555
MAP2K6	MINK1	9606.ENSP00000468348	9606.ENSP00000347427	0	0	0	0.738	0	0	0.500	0.069	0.514
MAP2K6	MAP3K5	9606.ENSP00000468348	9606.ENSP00000351908	0	0	0	0.640	0.082	0.842	0.900	0.605	0.993
MAP2K6	MAPKAPK2	9606.ENSP00000468348	9606.ENSP00000356070	0	0	0.127	0.604	0.067	0.292	0.900	0.277	0.950
MAP2K6	TXN	9606.ENSP00000468348	9606.ENSP00000363641	0	0	0	0	0	0.057	0.500	0.219	0.599
MAP2K6	MAPK8	9606.ENSP00000468348	9606.ENSP00000378974	0	0	0.115	0.616	0.087	0.073	0.900	0.324	0.940
MAP2K6	RELA	9606.ENSP00000468348	9606.ENSP00000384273	0	0	0	0	0	0.387	0	0.217	0.499
MAP2K6	MAPK9	9606.ENSP00000468348	9606.ENSP00000394560	0	0	0.119	0.611	0.092	0.073	0.900	0.208	0.930
MAP2K6	MAPKAPK3	9606.ENSP00000468348	9606.ENSP00000396467	0	0	0.153	0.586	0.067	0	0.500	0.167	0.627
MAP2K6	TNIK	9606.ENSP00000468348	9606.ENSP00000399511	0	0	0	0.753	0.042	0	0.500	0.091	0.526
MAP2K6	MAPKAPK5	9606.ENSP00000468348	9606.ENSP00000449381	0	0	0	0.577	0.099	0	0.500	0.188	0.602
MAP2K7	MAPK1	9606.ENSP00000381070	9606.ENSP00000215832	0	0	0	0.583	0.069	0.510	0	0.280	0.643
MAP2K7	MAPK14	9606.ENSP00000381070	9606.ENSP00000229795	0	0	0.109	0.591	0.081	0.292	0.900	0.239	0.947
MAP2K7	MAPK7	9606.ENSP00000381070	9606.ENSP00000311005	0	0	0.136	0.579	0.094	0	0	0.339	0.438
MAP2K7	MAPK11	9606.ENSP00000381070	9606.ENSP00000333685	0	0	0.121	0.578	0.099	0	0.900	0.192	0.927
MAP2K7	MAP3K5	9606.ENSP00000381070	9606.ENSP00000351908	0	0	0	0.613	0	0.510	0.900	0.328	0.964
MAP2K7	RPS6KA3	9606.ENSP00000381070	9606.ENSP00000368884	0	0	0	0.608	0	0	0	0.423	0.423
MAP2K7	MAPK8	9606.ENSP00000381070	9606.ENSP00000378974	0	0	0	0.573	0.073	0.920	0.900	0.607	0.996
MAP2K7	RELA	9606.ENSP00000381070	9606.ENSP00000384273	0	0	0	0	0.074	0.045	0	0.476	0.496
MAP2K7	MAPK9	9606.ENSP00000381070	9606.ENSP00000394560	0	0	0	0.572	0.073	0.604	0.900	0.440	0.976
MAP3K5	MAPK1	9606.ENSP00000351908	9606.ENSP00000215832	0	0	0	0.651	0.104	0.069	0	0.443	0.495
MAP3K5	NFKB1	9606.ENSP00000351908	9606.ENSP00000226574	0	0	0	0	0.130	0	0	0.436	0.488
MAP3K5	MAPK14	9606.ENSP00000351908	9606.ENSP00000229795	0	0	0	0.646	0.112	0.071	0.900	0.315	0.936
MAP3K5	MDM2	9606.ENSP00000351908	9606.ENSP00000258149	0	0	0	0	0	0	0	0.589	0.589
MAP3K5	STAT3	9606.ENSP00000351908	9606.ENSP00000264657	0	0	0	0	0.117	0	0	0.791	0.807
MAP3K5	TP53	9606.ENSP00000351908	9606.ENSP00000269305	0	0	0	0	0	0	0	0.597	0.597
MAP3K5	MAPK11	9606.ENSP00000351908	9606.ENSP00000333685	0	0	0	0.641	0.087	0.071	0.900	0.255	0.928
MAP3K5	MAP4K4	9606.ENSP00000351908	9606.ENSP00000343658	0	0	0	0.557	0.054	0	0.500	0.148	0.562
MAP3K5	MINK1	9606.ENSP00000351908	9606.ENSP00000347427	0	0	0	0.556	0.072	0	0.500	0.054	0.523
MAP3K5	MTOR	9606.ENSP00000351908	9606.ENSP00000354558	0	0	0	0	0.044	0	0	0.405	0.406
MAP3K5	PTEN	9606.ENSP00000351908	9606.ENSP00000361021	0	0	0	0	0.067	0	0	0.464	0.479
MAP3K5	MYC	9606.ENSP00000351908	9606.ENSP00000478887	0	0	0	0	0.075	0.129	0	0.417	0.489
MAP3K5	TNIK	9606.ENSP00000351908	9606.ENSP00000399511	0	0	0	0.557	0.053	0	0.500	0.088	0.530
MAP3K5	RAF1	9606.ENSP00000351908	9606.ENSP00000401888	0	0	0	0.568	0.100	0.432	0	0.200	0.555
MAP3K5	MAPK9	9606.ENSP00000351908	9606.ENSP00000394560	0	0	0	0.607	0.060	0	0.900	0.342	0.932
MAP3K5	MAPK8	9606.ENSP00000351908	9606.ENSP00000378974	0	0	0	0.607	0.044	0	0.900	0.797	0.978
MAP3K5	TXN	9606.ENSP00000351908	9606.ENSP00000363641	0	0	0	0	0.042	0.920	0.900	0.997	0.999
MAP4K4	PIK3CA	9606.ENSP00000343658	9606.ENSP00000263967	0	0	0	0	0.092	0	0	0.411	0.442
MAP4K4	TP53	9606.ENSP00000343658	9606.ENSP00000269305	0	0	0	0	0	0.292	0	0.276	0.465
MAP4K4	TXN	9606.ENSP00000343658	9606.ENSP00000363641	0	0	0	0	0.044	0	0.400	0.066	0.418
MAP4K4	TNIK	9606.ENSP00000343658	9606.ENSP00000399511	0	0	0.054	0.968	0.247	0.294	0.400	0.061	0.665
MAP4K4	MINK1	9606.ENSP00000343658	9606.ENSP00000347427	0	0	0.056	0.962	0	0.688	0.400	0.417	0.883
MAPK1	VDAC1	9606.ENSP00000215832	9606.ENSP00000378487	0	0	0	0	0.103	0.252	0	0.220	0.431
MAPK1	RPS27A	9606.ENSP00000215832	9606.ENSP00000272317	0	0	0	0	0.049	0.074	0	0.452	0.475
MAPK1	TGFB1	9606.ENSP00000215832	9606.ENSP00000221930	0	0	0	0	0.083	0.047	0	0.455	0.482
MAPK1	PPP1CA	9606.ENSP00000215832	9606.ENSP00000326031	0	0	0	0	0.105	0.359	0	0.262	0.540
MAPK1	UBA52	9606.ENSP00000215832	9606.ENSP00000388107	0	0	0	0	0.049	0.299	0	0.384	0.553
MAPK1	PPP1CC	9606.ENSP00000215832	9606.ENSP00000341779	0	0	0	0	0.138	0.359	0	0.264	0.558
MAPK1	SQSTM1	9606.ENSP00000215832	9606.ENSP00000374455	0	0	0	0	0.103	0.335	0	0.328	0.564
MAPK1	MAPKAPK3	9606.ENSP00000215832	9606.ENSP00000396467	0	0	0.114	0.586	0.087	0.457	0	0.144	0.574
MAPK1	MAPK7	9606.ENSP00000215832	9606.ENSP00000311005	0	0	0	0.933	0	0.161	0.500	0.080	0.580
MAPK1	PPID	9606.ENSP00000215832	9606.ENSP00000303754	0	0	0	0	0.097	0.292	0.400	0.068	0.594
MAPK1	PIK3CB	9606.ENSP00000215832	9606.ENSP00000501150	0	0	0	0	0.082	0	0	0.601	0.618
MAPK1	MDM2	9606.ENSP00000215832	9606.ENSP00000258149	0	0	0	0	0.049	0.050	0	0.629	0.635
MAPK1	MAPK9	9606.ENSP00000215832	9606.ENSP00000394560	0	0	0.065	0.882	0.104	0	0.400	0.423	0.671
MAPK1	PTEN	9606.ENSP00000215832	9606.ENSP00000361021	0	0	0	0	0.061	0.216	0	0.597	0.677
MAPK1	MTOR	9606.ENSP00000215832	9606.ENSP00000354558	0	0	0	0	0.105	0.258	0	0.554	0.678
MAPK1	MAPKAPK5	9606.ENSP00000215832	9606.ENSP00000449381	0	0	0	0.607	0.141	0.596	0	0.165	0.685
MAPK1	RELA	9606.ENSP00000215832	9606.ENSP00000384273	0	0	0	0	0.049	0.189	0	0.662	0.717
MAPK1	MAPK8	9606.ENSP00000215832	9606.ENSP00000378974	0	0	0.066	0.882	0.079	0	0.400	0.568	0.747
MAPK1	NFKB1	9606.ENSP00000215832	9606.ENSP00000226574	0	0	0	0	0.060	0.072	0	0.778	0.790
MAPK1	PIK3CA	9606.ENSP00000215832	9606.ENSP00000263967	0	0	0	0	0.103	0	0	0.809	0.822
MAPK1	MAPKAPK2	9606.ENSP00000215832	9606.ENSP00000356070	0	0	0.115	0.596	0.072	0.842	0	0.240	0.888
MAPK1	MAPK11	9606.ENSP00000215832	9606.ENSP00000333685	0	0	0.068	0.921	0	0	0.900	0.081	0.906
MAPK1	TSC1	9606.ENSP00000215832	9606.ENSP00000298552	0	0	0	0	0.068	0.113	0.900	0.219	0.926
MAPK1	TSC2	9606.ENSP00000215832	9606.ENSP00000219476	0	0	0	0	0.060	0.292	0.900	0.377	0.952
MAPK1	SMAD2	9606.ENSP00000215832	9606.ENSP00000262160	0	0	0	0	0.128	0	0.900	0.658	0.967
MAPK1	SP1	9606.ENSP00000215832	9606.ENSP00000329357	0	0	0	0	0.179	0.539	0.900	0.286	0.969
MAPK1	RAF1	9606.ENSP00000215832	9606.ENSP00000401888	0	0	0	0.588	0.115	0.800	0.700	0.593	0.975
MAPK1	MYC	9606.ENSP00000215832	9606.ENSP00000478887	0	0	0	0	0	0.643	0.900	0.582	0.983
MAPK1	RPS6KA3	9606.ENSP00000215832	9606.ENSP00000368884	0	0	0	0.659	0.077	0.872	0.900	0.212	0.989
MAPK1	RPS6KA2	9606.ENSP00000215832	9606.ENSP00000422435	0	0	0	0.652	0.055	0.840	0.900	0.474	0.991
MAPK1	MAPK3	9606.ENSP00000215832	9606.ENSP00000263025	0	0	0.049	0.983	0.118	0.874	0.900	0.581	0.994
MAPK1	MAPK14	9606.ENSP00000215832	9606.ENSP00000229795	0	0	0.067	0.924	0.342	0.816	0.900	0.677	0.995
MAPK1	STAT3	9606.ENSP00000215832	9606.ENSP00000264657	0	0	0	0	0.060	0.926	0	0.950	0.996
MAPK1	TP53	9606.ENSP00000215832	9606.ENSP00000269305	0	0	0	0	0.045	0.806	0.900	0.912	0.998
MAPK1	RPS6KA1	9606.ENSP00000215832	9606.ENSP00000435412	0	0	0	0.679	0.073	0.988	0.900	0.821	0.999
MAPK11	TGFB1	9606.ENSP00000333685	9606.ENSP00000221930	0	0	0	0	0.075	0.047	0	0.406	0.431
MAPK11	NFKB1	9606.ENSP00000333685	9606.ENSP00000226574	0	0	0	0	0.055	0.072	0	0.423	0.450
MAPK11	MAPK14	9606.ENSP00000333685	9606.ENSP00000229795	0	0	0.052	0.976	0	0.328	0.400	0.128	0.622
MAPK11	PHC2	9606.ENSP00000333685	9606.ENSP00000257118	0	0	0	0	0.084	0.044	0.500	0.042	0.524
MAPK11	SMAD2	9606.ENSP00000333685	9606.ENSP00000262160	0	0	0	0	0.055	0	0	0.394	0.402
MAPK11	MAPK3	9606.ENSP00000333685	9606.ENSP00000263025	0	0	0.069	0.921	0.073	0	0.900	0.087	0.910
MAPK11	STAT3	9606.ENSP00000333685	9606.ENSP00000264657	0	0	0	0	0.086	0	0	0.406	0.433
MAPK11	TP53	9606.ENSP00000333685	9606.ENSP00000269305	0	0	0	0	0.045	0.299	0.900	0.479	0.960
MAPK11	SP1	9606.ENSP00000333685	9606.ENSP00000329357	0	0	0	0	0	0.334	0.900	0.159	0.939
MAPK11	PTEN	9606.ENSP00000333685	9606.ENSP00000361021	0	0	0	0	0	0.175	0	0.331	0.424
MAPK11	MTOR	9606.ENSP00000333685	9606.ENSP00000354558	0	0	0	0	0.063	0.149	0	0.387	0.469
MAPK11	TNRC6A	9606.ENSP00000333685	9606.ENSP00000379144	0	0	0	0	0	0	0.500	0	0.499
MAPK11	RNF2	9606.ENSP00000333685	9606.ENSP00000356480	0	0	0	0	0	0	0.500	0	0.499
MAPK11	SQSTM1	9606.ENSP00000333685	9606.ENSP00000374455	0	0	0	0	0.071	0.068	0	0.471	0.502
MAPK11	MOV10	9606.ENSP00000333685	9606.ENSP00000399797	0	0	0	0	0.047	0	0.500	0	0.503
MAPK11	PHC1	9606.ENSP00000333685	9606.ENSP00000437659	0	0	0	0	0.055	0	0.500	0	0.507
MAPK11	PHC3	9606.ENSP00000333685	9606.ENSP00000420294	0	0	0	0	0	0	0.500	0.057	0.508
MAPK11	TNRC6B	9606.ENSP00000333685	9606.ENSP00000401946	0	0	0	0	0	0.057	0.500	0.065	0.520
MAPK11	RING1	9606.ENSP00000333685	9606.ENSP00000363787	0	0	0	0	0.086	0	0.500	0	0.523
MAPK11	TNRC6C	9606.ENSP00000333685	9606.ENSP00000336783	0	0	0	0	0.055	0.126	0.500	0.063	0.561
MAPK11	MAPK9	9606.ENSP00000333685	9606.ENSP00000394560	0	0	0.062	0.925	0.063	0	0.900	0.083	0.908
MAPK11	MAPK8	9606.ENSP00000333685	9606.ENSP00000378974	0	0	0.060	0.929	0.103	0	0.900	0.093	0.913
MAPK11	MAPKAPK5	9606.ENSP00000333685	9606.ENSP00000449381	0	0	0	0.579	0.067	0.368	0.900	0.310	0.953
MAPK11	MAPKAPK3	9606.ENSP00000333685	9606.ENSP00000396467	0	0	0.141	0.583	0.047	0.912	0.900	0.321	0.994
MAPK11	MAPKAPK2	9606.ENSP00000333685	9606.ENSP00000356070	0	0	0.136	0.587	0.072	0.903	0.900	0.691	0.997
MAPK14	SIRT1	9606.ENSP00000229795	9606.ENSP00000212015	0	0	0	0	0.060	0	0	0.426	0.437
MAPK14	TGFB1	9606.ENSP00000229795	9606.ENSP00000221930	0	0	0	0	0.067	0.047	0	0.619	0.632
MAPK14	SERPINE1	9606.ENSP00000229795	9606.ENSP00000223095	0	0	0	0	0	0	0	0.527	0.527
MAPK14	NFKB1	9606.ENSP00000229795	9606.ENSP00000226574	0	0	0	0	0.075	0.072	0	0.855	0.864
MAPK14	RNF2	9606.ENSP00000229795	9606.ENSP00000356480	0	0	0	0	0	0	0.500	0	0.499
MAPK14	SMAD2	9606.ENSP00000229795	9606.ENSP00000262160	0	0	0	0	0.093	0	0	0.474	0.503
MAPK14	TGFBR2	9606.ENSP00000229795	9606.ENSP00000351905	0	0	0	0.571	0.122	0.110	0	0.417	0.505
MAPK14	PHC1	9606.ENSP00000229795	9606.ENSP00000437659	0	0	0	0	0.055	0	0.500	0	0.507
MAPK14	MOV10	9606.ENSP00000229795	9606.ENSP00000399797	0	0	0	0	0.061	0	0.500	0	0.510
MAPK14	RING1	9606.ENSP00000229795	9606.ENSP00000363787	0	0	0	0	0.042	0	0.500	0.063	0.511
MAPK14	TNRC6A	9606.ENSP00000229795	9606.ENSP00000379144	0	0	0	0	0	0	0.500	0.075	0.517
MAPK14	TNRC6B	9606.ENSP00000229795	9606.ENSP00000401946	0	0	0	0	0.042	0.057	0.500	0.065	0.521
MAPK14	PTEN	9606.ENSP00000229795	9606.ENSP00000361021	0	0	0	0	0.056	0.175	0	0.446	0.531
MAPK14	PHC3	9606.ENSP00000229795	9606.ENSP00000420294	0	0	0	0	0.042	0	0.500	0.110	0.536
MAPK14	PIK3CA	9606.ENSP00000229795	9606.ENSP00000263967	0	0	0	0	0.118	0	0	0.513	0.552
MAPK14	MTOR	9606.ENSP00000229795	9606.ENSP00000354558	0	0	0	0	0.103	0.149	0	0.462	0.554
MAPK14	TNRC6C	9606.ENSP00000229795	9606.ENSP00000336783	0	0	0	0	0.055	0.126	0.500	0.063	0.561
MAPK14	PIK3CB	9606.ENSP00000229795	9606.ENSP00000501150	0	0	0	0	0.139	0	0	0.544	0.591
MAPK14	TSC1	9606.ENSP00000229795	9606.ENSP00000298552	0	0	0	0	0.057	0.519	0	0.197	0.604
MAPK14	PHC2	9606.ENSP00000229795	9606.ENSP00000257118	0	0	0	0	0.078	0.232	0.500	0.042	0.615
MAPK14	RPS6KA3	9606.ENSP00000229795	9606.ENSP00000368884	0	0	0	0.642	0.085	0.326	0	0.486	0.655
MAPK14	SQSTM1	9606.ENSP00000229795	9606.ENSP00000374455	0	0	0	0	0.070	0.523	0	0.319	0.672
MAPK14	MYC	9606.ENSP00000229795	9606.ENSP00000478887	0	0	0	0	0.049	0.166	0	0.664	0.710
MAPK14	ZFP36L1	9606.ENSP00000229795	9606.ENSP00000337386	0	0	0	0	0.063	0.636	0	0.223	0.712
MAPK14	STAT3	9606.ENSP00000229795	9606.ENSP00000264657	0	0	0	0	0.125	0	0	0.691	0.718
MAPK14	TGFBR1	9606.ENSP00000229795	9606.ENSP00000447297	0	0	0	0	0.122	0.342	0	0.619	0.761
MAPK14	RELA	9606.ENSP00000229795	9606.ENSP00000384273	0	0	0	0	0.081	0.165	0	0.758	0.798
MAPK14	RB1	9606.ENSP00000229795	9606.ENSP00000267163	0	0	0	0	0.134	0.735	0	0.243	0.811
MAPK14	MAPK9	9606.ENSP00000229795	9606.ENSP00000394560	0	0	0.062	0.926	0.081	0	0.900	0.416	0.942
MAPK14	SP1	9606.ENSP00000229795	9606.ENSP00000329357	0	0	0	0	0.143	0.334	0.900	0.207	0.948
MAPK14	MAPK8	9606.ENSP00000229795	9606.ENSP00000378974	0	0	0.061	0.922	0.110	0.292	0.900	0.366	0.955
MAPK14	MAPKAPK5	9606.ENSP00000229795	9606.ENSP00000449381	0	0	0	0.600	0.093	0.429	0.900	0.265	0.956
MAPK14	MAPK3	9606.ENSP00000229795	9606.ENSP00000263025	0	0	0.068	0.922	0.131	0.780	0.900	0.484	0.989
MAPK14	TP53	9606.ENSP00000229795	9606.ENSP00000269305	0	0	0	0	0.046	0.818	0.900	0.744	0.994
MAPK14	MAPKAPK3	9606.ENSP00000229795	9606.ENSP00000396467	0	0	0.131	0.590	0.114	0.945	0.900	0.306	0.996
MAPK14	MAPKAPK2	9606.ENSP00000229795	9606.ENSP00000356070	0	0	0.120	0.593	0.143	0.996	0.900	0.692	0.999
MAPK3	SIRT1	9606.ENSP00000263025	9606.ENSP00000212015	0	0	0	0	0.049	0	0	0.577	0.580
MAPK3	TSC2	9606.ENSP00000263025	9606.ENSP00000219476	0	0	0	0	0.146	0	0.900	0.576	0.960
MAPK3	TGFB1	9606.ENSP00000263025	9606.ENSP00000221930	0	0	0	0	0.088	0.047	0	0.705	0.721
MAPK3	SERPINE1	9606.ENSP00000263025	9606.ENSP00000223095	0	0	0	0	0	0	0	0.506	0.506
MAPK3	NFKB1	9606.ENSP00000263025	9606.ENSP00000226574	0	0	0	0	0.059	0.072	0	0.874	0.881
MAPK3	TGFB3	9606.ENSP00000263025	9606.ENSP00000238682	0	0	0	0	0.092	0.047	0	0.379	0.416
MAPK3	RRAS	9606.ENSP00000263025	9606.ENSP00000246792	0	0	0	0	0.089	0.098	0	0.336	0.407
MAPK3	MDM2	9606.ENSP00000263025	9606.ENSP00000258149	0	0	0	0	0	0.050	0	0.480	0.484
MAPK3	SMAD2	9606.ENSP00000263025	9606.ENSP00000262160	0	0	0	0	0.083	0	0.900	0.798	0.979
MAPK3	RHEB	9606.ENSP00000263025	9606.ENSP00000262187	0	0	0	0	0.072	0.098	0	0.442	0.493
MAPK3	TRPV4	9606.ENSP00000263025	9606.ENSP00000406191	0	0	0	0	0	0	0	0.407	0.407
MAPK3	TGFB2	9606.ENSP00000263025	9606.ENSP00000355896	0	0	0	0	0.062	0.047	0	0.427	0.443
MAPK3	UBE2E1	9606.ENSP00000263025	9606.ENSP00000303709	0	0	0	0	0.050	0.068	0.400	0.091	0.452
MAPK3	MAPKAPK5	9606.ENSP00000263025	9606.ENSP00000449381	0	0	0	0.597	0.092	0.368	0	0.132	0.458
MAPK3	PPID	9606.ENSP00000263025	9606.ENSP00000303754	0	0	0	0	0.061	0	0.400	0.147	0.477
MAPK3	TXN	9606.ENSP00000263025	9606.ENSP00000363641	0	0	0	0	0.075	0.072	0	0.462	0.499
MAPK3	MAPK8	9606.ENSP00000263025	9606.ENSP00000378974	0	0	0.071	0.869	0.074	0	0.400	0.154	0.505
MAPK3	MAPK9	9606.ENSP00000263025	9606.ENSP00000394560	0	0	0.069	0.870	0.101	0	0.400	0.131	0.505
MAPK3	RB1	9606.ENSP00000263025	9606.ENSP00000267163	0	0	0	0	0.049	0.230	0	0.399	0.521
MAPK3	UBC	9606.ENSP00000263025	9606.ENSP00000441543	0	0	0	0	0.060	0.074	0	0.505	0.532
MAPK3	VDAC1	9606.ENSP00000263025	9606.ENSP00000378487	0	0	0	0	0.054	0.316	0	0.338	0.534
MAPK3	PPP1CA	9606.ENSP00000263025	9606.ENSP00000326031	0	0	0	0	0.119	0.359	0	0.265	0.549
MAPK3	MAPK7	9606.ENSP00000263025	9606.ENSP00000311005	0	0	0.052	0.927	0.085	0	0.500	0.089	0.552
MAPK3	MAPKAPK3	9606.ENSP00000263025	9606.ENSP00000396467	0	0	0.120	0.582	0.077	0.457	0	0.137	0.569
MAPK3	PIK3CA	9606.ENSP00000263025	9606.ENSP00000263967	0	0	0	0	0.049	0	0	0.594	0.597
MAPK3	SQSTM1	9606.ENSP00000263025	9606.ENSP00000374455	0	0	0	0	0.108	0.335	0	0.430	0.632
MAPK3	PIK3CB	9606.ENSP00000263025	9606.ENSP00000501150	0	0	0	0	0.049	0	0	0.637	0.640
MAPK3	RELA	9606.ENSP00000263025	9606.ENSP00000384273	0	0	0	0	0.060	0.068	0	0.668	0.684
MAPK3	PTEN	9606.ENSP00000263025	9606.ENSP00000361021	0	0	0	0	0.056	0.175	0	0.712	0.756
MAPK3	MTOR	9606.ENSP00000263025	9606.ENSP00000354558	0	0	0	0	0.070	0.149	0	0.724	0.762
MAPK3	MAPKAPK2	9606.ENSP00000263025	9606.ENSP00000356070	0	0	0.128	0.599	0.118	0.702	0	0.224	0.798
MAPK3	STAT3	9606.ENSP00000263025	9606.ENSP00000264657	0	0	0	0	0.068	0.045	0	0.866	0.870
MAPK3	TSC1	9606.ENSP00000263025	9606.ENSP00000298552	0	0	0	0	0.068	0.113	0.900	0.363	0.940
MAPK3	RAF1	9606.ENSP00000263025	9606.ENSP00000401888	0	0	0	0.587	0.118	0.545	0.700	0.721	0.962
MAPK3	SP1	9606.ENSP00000263025	9606.ENSP00000329357	0	0	0	0	0.072	0.539	0.900	0.424	0.972
MAPK3	RPS6KA3	9606.ENSP00000263025	9606.ENSP00000368884	0	0	0	0.641	0.069	0.806	0.900	0.249	0.984
MAPK3	RPS6KA2	9606.ENSP00000263025	9606.ENSP00000422435	0	0	0	0.635	0.055	0.836	0.900	0.244	0.986
MAPK3	MYC	9606.ENSP00000263025	9606.ENSP00000478887	0	0	0	0	0	0.292	0.900	0.829	0.986
MAPK3	RPS6KA1	9606.ENSP00000263025	9606.ENSP00000435412	0	0	0	0.655	0.069	0.787	0.900	0.557	0.990
MAPK3	TP53	9606.ENSP00000263025	9606.ENSP00000269305	0	0	0	0	0.060	0.626	0.900	0.871	0.994
MAPK7	STAT3	9606.ENSP00000311005	9606.ENSP00000264657	0	0	0	0	0	0.045	0	0.440	0.442
MAPK7	TP53	9606.ENSP00000311005	9606.ENSP00000269305	0	0	0	0	0.052	0.294	0	0.446	0.597
MAPK7	MYC	9606.ENSP00000311005	9606.ENSP00000478887	0	0	0	0	0	0	0	0.447	0.447
MAPK7	MTOR	9606.ENSP00000311005	9606.ENSP00000354558	0	0	0	0	0.081	0.149	0	0.386	0.478
MAPK7	PTEN	9606.ENSP00000311005	9606.ENSP00000361021	0	0	0	0	0	0.175	0	0.403	0.486
MAPK7	RAF1	9606.ENSP00000311005	9606.ENSP00000401888	0	0	0	0.556	0.098	0.342	0	0.219	0.497
MAPK7	MAPKAPK3	9606.ENSP00000311005	9606.ENSP00000396467	0	0	0	0.577	0.068	0.457	0	0.156	0.536
MAPK7	MAPKAPK2	9606.ENSP00000311005	9606.ENSP00000356070	0	0	0	0.573	0.075	0.457	0	0.211	0.569
MAPK7	UBE2C	9606.ENSP00000311005	9606.ENSP00000348838	0	0	0	0	0.052	0.603	0	0.080	0.624
MAPK7	MAPKAPK5	9606.ENSP00000311005	9606.ENSP00000449381	0	0	0	0.566	0.087	0.368	0	0.504	0.689
MAPK7	RPS6KA2	9606.ENSP00000311005	9606.ENSP00000422435	0	0	0	0.569	0.055	0.091	0.900	0.196	0.921
MAPK7	RPS6KA1	9606.ENSP00000311005	9606.ENSP00000435412	0	0	0	0.568	0.055	0.091	0.900	0.257	0.927
MAPK7	RPS6KA3	9606.ENSP00000311005	9606.ENSP00000368884	0	0	0	0.569	0.055	0.091	0.900	0.497	0.951
MAPK8	SIRT1	9606.ENSP00000378974	9606.ENSP00000212015	0	0	0	0	0.248	0.317	0	0.512	0.727
MAPK8	TGFB1	9606.ENSP00000378974	9606.ENSP00000221930	0	0	0	0	0.042	0	0	0.534	0.534
MAPK8	NFKB1	9606.ENSP00000378974	9606.ENSP00000226574	0	0	0	0	0.067	0.072	0.900	0.869	0.987
MAPK8	MDM2	9606.ENSP00000378974	9606.ENSP00000258149	0	0	0	0	0.070	0	0	0.392	0.410
MAPK8	SMAD2	9606.ENSP00000378974	9606.ENSP00000262160	0	0	0	0	0.074	0	0	0.475	0.493
MAPK8	PIK3CA	9606.ENSP00000378974	9606.ENSP00000263967	0	0	0	0	0.097	0	0	0.592	0.615
MAPK8	STAT3	9606.ENSP00000378974	9606.ENSP00000264657	0	0	0	0	0.044	0.625	0	0.745	0.900
MAPK8	NBN	9606.ENSP00000378974	9606.ENSP00000265433	0	0	0	0	0.057	0	0.500	0.090	0.533
MAPK8	RB1	9606.ENSP00000378974	9606.ENSP00000267163	0	0	0	0	0.049	0.313	0	0.190	0.425
MAPK8	TP53	9606.ENSP00000378974	9606.ENSP00000269305	0	0	0	0	0.086	0.845	0.900	0.861	0.997
MAPK8	MRE11	9606.ENSP00000378974	9606.ENSP00000325863	0	0	0	0	0.056	0	0.500	0.385	0.684
MAPK8	SP1	9606.ENSP00000378974	9606.ENSP00000329357	0	0	0	0	0.060	0.517	0.900	0.272	0.962
MAPK8	TRAF3IP2	9606.ENSP00000378974	9606.ENSP00000345984	0	0	0	0	0	0.091	0	0.449	0.477
MAPK8	UBE2C	9606.ENSP00000378974	9606.ENSP00000348838	0	0	0	0	0.042	0	0	0.434	0.435
MAPK8	MTOR	9606.ENSP00000378974	9606.ENSP00000354558	0	0	0	0	0.098	0.292	0	0.571	0.702
MAPK8	MAPKAPK2	9606.ENSP00000378974	9606.ENSP00000356070	0	0	0.124	0.587	0.078	0.073	0.500	0.219	0.654
MAPK8	PTEN	9606.ENSP00000378974	9606.ENSP00000361021	0	0	0	0	0.083	0.114	0	0.659	0.699
MAPK8	TXN	9606.ENSP00000378974	9606.ENSP00000363641	0	0	0	0	0.054	0	0	0.430	0.437
MAPK8	RAD50	9606.ENSP00000378974	9606.ENSP00000368100	0	0	0	0	0.054	0	0.500	0	0.506
MAPK8	RPS6KA3	9606.ENSP00000378974	9606.ENSP00000368884	0	0	0	0.614	0.049	0	0	0.490	0.494
MAPK8	SQSTM1	9606.ENSP00000378974	9606.ENSP00000374455	0	0	0	0	0.050	0	0	0.419	0.425
MAPK8	TGFBR1	9606.ENSP00000378974	9606.ENSP00000447297	0	0	0	0	0.092	0.088	0	0.370	0.433
MAPK8	PIK3CB	9606.ENSP00000378974	9606.ENSP00000501150	0	0	0	0	0.060	0	0	0.545	0.554
MAPK8	MAPKAPK3	9606.ENSP00000378974	9606.ENSP00000396467	0	0	0.127	0.596	0.060	0.073	0.500	0.218	0.648
MAPK8	MYC	9606.ENSP00000378974	9606.ENSP00000478887	0	0	0	0	0	0.292	0	0.547	0.666
MAPK8	RELA	9606.ENSP00000378974	9606.ENSP00000384273	0	0	0	0	0.054	0.045	0.900	0.758	0.975
MAPK8	MAPK9	9606.ENSP00000378974	9606.ENSP00000394560	0	0	0.050	0.981	0.082	0.994	0.900	0.550	0.999
MAPK9	NFKB1	9606.ENSP00000394560	9606.ENSP00000226574	0	0	0	0	0.049	0.072	0.900	0.436	0.943
MAPK9	MDM2	9606.ENSP00000394560	9606.ENSP00000258149	0	0	0	0	0.059	0	0	0.469	0.479
MAPK9	STAT3	9606.ENSP00000394560	9606.ENSP00000264657	0	0	0	0	0.044	0.292	0	0.424	0.576
MAPK9	TP53	9606.ENSP00000394560	9606.ENSP00000269305	0	0	0	0	0.080	0.641	0.900	0.527	0.982
MAPK9	SP1	9606.ENSP00000394560	9606.ENSP00000329357	0	0	0	0	0.049	0.055	0.900	0.114	0.909
MAPK9	PPP1CC	9606.ENSP00000394560	9606.ENSP00000341779	0	0	0	0	0.060	0.067	0	0.441	0.466
MAPK9	UBE2C	9606.ENSP00000394560	9606.ENSP00000348838	0	0	0	0	0.042	0	0	0.409	0.409
MAPK9	MAPKAPK2	9606.ENSP00000394560	9606.ENSP00000356070	0	0	0.122	0.586	0.109	0.073	0.500	0.158	0.639
MAPK9	PTEN	9606.ENSP00000394560	9606.ENSP00000361021	0	0	0	0	0.067	0.114	0	0.369	0.434
MAPK9	SQSTM1	9606.ENSP00000394560	9606.ENSP00000374455	0	0	0	0	0.050	0	0	0.510	0.514
MAPK9	RELA	9606.ENSP00000394560	9606.ENSP00000384273	0	0	0	0	0.042	0.045	0.900	0.564	0.954
MAPK9	MYC	9606.ENSP00000394560	9606.ENSP00000478887	0	0	0	0	0	0	0	0.422	0.422
MAPK9	MAPKAPK5	9606.ENSP00000394560	9606.ENSP00000449381	0	0	0	0.588	0.136	0.421	0	0.098	0.510
MAPK9	MAPKAPK3	9606.ENSP00000394560	9606.ENSP00000396467	0	0	0.131	0.596	0.060	0.073	0.500	0.119	0.605
MAPKAPK2	PHC2	9606.ENSP00000356070	9606.ENSP00000257118	0	0	0	0	0.085	0.474	0.500	0.075	0.747
MAPKAPK2	MDM2	9606.ENSP00000356070	9606.ENSP00000258149	0	0	0	0	0.042	0.510	0	0.223	0.603
MAPKAPK2	STAT3	9606.ENSP00000356070	9606.ENSP00000264657	0	0	0	0	0.096	0.198	0	0.322	0.465
MAPKAPK2	TP53	9606.ENSP00000356070	9606.ENSP00000269305	0	0	0	0	0.072	0.045	0	0.419	0.440
MAPKAPK2	ZFP36L2	9606.ENSP00000356070	9606.ENSP00000282388	0	0	0	0	0.043	0	0.900	0.289	0.926
MAPKAPK2	ZFP36L1	9606.ENSP00000356070	9606.ENSP00000337386	0	0	0	0	0.049	0.510	0.900	0.691	0.983
MAPKAPK2	PHC3	9606.ENSP00000356070	9606.ENSP00000420294	0	0	0	0	0	0.041	0.500	0.056	0.507
MAPKAPK2	RNF2	9606.ENSP00000356070	9606.ENSP00000356480	0	0	0	0	0	0.095	0.500	0	0.528
MAPKAPK2	PHC1	9606.ENSP00000356070	9606.ENSP00000437659	0	0	0	0	0.067	0.095	0.500	0	0.540
MAPKAPK2	RING1	9606.ENSP00000356070	9606.ENSP00000363787	0	0	0	0	0.073	0.091	0.500	0	0.541
MAPKAPK2	MAPKAPK3	9606.ENSP00000356070	9606.ENSP00000396467	0	0	0.055	0.970	0.063	0.739	0.900	0.068	0.974
MAPKAPK3	PHC2	9606.ENSP00000396467	9606.ENSP00000257118	0	0	0	0	0.054	0.292	0.500	0.068	0.646
MAPKAPK3	TNRC6C	9606.ENSP00000396467	9606.ENSP00000336783	0	0	0	0	0.060	0	0.500	0.172	0.576
MAPKAPK3	RNF2	9606.ENSP00000396467	9606.ENSP00000356480	0	0	0	0	0	0.295	0.500	0.095	0.653
MAPKAPK3	RING1	9606.ENSP00000396467	9606.ENSP00000363787	0	0	0	0	0.044	0.046	0.500	0.081	0.524
MAPKAPK3	TNRC6A	9606.ENSP00000396467	9606.ENSP00000379144	0	0	0	0	0	0	0.500	0	0.499
MAPKAPK3	PHC3	9606.ENSP00000396467	9606.ENSP00000420294	0	0	0	0	0	0.041	0.500	0	0.499
MAPKAPK3	TNRC6B	9606.ENSP00000396467	9606.ENSP00000401946	0	0	0	0	0	0	0.500	0	0.499
MAPKAPK3	MOV10	9606.ENSP00000396467	9606.ENSP00000399797	0	0	0	0	0.045	0	0.500	0.046	0.504
MAPKAPK3	PHC1	9606.ENSP00000396467	9606.ENSP00000437659	0	0	0	0	0.067	0.095	0.500	0.122	0.579
MAPKAPK5	TP53	9606.ENSP00000449381	9606.ENSP00000269305	0	0	0	0	0.090	0.301	0.500	0.274	0.738
MAPKAPK5	MYC	9606.ENSP00000449381	9606.ENSP00000478887	0	0	0	0	0.062	0	0.750	0.228	0.803
MCU	VDAC2	9606.ENSP00000362144	9606.ENSP00000361635	0	0	0	0	0.054	0	0	0.604	0.609
MCU	VDAC3	9606.ENSP00000362144	9606.ENSP00000428845	0	0	0	0	0.072	0	0	0.402	0.421
MCU	VDAC1	9606.ENSP00000362144	9606.ENSP00000378487	0	0	0	0	0.054	0	0	0.932	0.933
MDM2	SIRT1	9606.ENSP00000258149	9606.ENSP00000212015	0	0	0	0	0	0.292	0	0.592	0.699
MDM2	TSC2	9606.ENSP00000258149	9606.ENSP00000219476	0	0	0	0	0.062	0	0	0.507	0.518
MDM2	NFKB1	9606.ENSP00000258149	9606.ENSP00000226574	0	0	0	0	0.065	0.071	0	0.703	0.719
MDM2	RAF1	9606.ENSP00000258149	9606.ENSP00000401888	0	0	0	0	0.072	0.050	0	0.385	0.411
MDM2	RBBP4	9606.ENSP00000258149	9606.ENSP00000362592	0	0	0	0	0	0	0	0.451	0.451
MDM2	UBE2E1	9606.ENSP00000258149	9606.ENSP00000303709	0	0	0	0	0	0.296	0	0.269	0.463
MDM2	MRE11	9606.ENSP00000258149	9606.ENSP00000325863	0	0	0	0	0.086	0.301	0	0.244	0.475
MDM2	RBL2	9606.ENSP00000258149	9606.ENSP00000262133	0	0	0	0	0	0	0	0.496	0.495
MDM2	MTOR	9606.ENSP00000258149	9606.ENSP00000354558	0	0	0	0	0	0	0	0.598	0.598
MDM2	SMAD2	9606.ENSP00000258149	9606.ENSP00000262160	0	0	0	0	0.099	0.051	0	0.575	0.605
MDM2	PPP1CA	9606.ENSP00000258149	9606.ENSP00000326031	0	0	0	0	0.055	0.523	0	0.202	0.609
MDM2	UBE2S	9606.ENSP00000258149	9606.ENSP00000264552	0	0	0	0	0.054	0.296	0	0.479	0.622
MDM2	PIK3CA	9606.ENSP00000258149	9606.ENSP00000263967	0	0	0	0	0.094	0	0	0.621	0.642
MDM2	RNF2	9606.ENSP00000258149	9606.ENSP00000356480	0	0	0	0	0	0.292	0	0.592	0.698
MDM2	STAT3	9606.ENSP00000258149	9606.ENSP00000264657	0	0	0	0	0.085	0.292	0	0.595	0.715
MDM2	RELA	9606.ENSP00000258149	9606.ENSP00000384273	0	0	0	0	0.053	0.334	0	0.630	0.746
MDM2	SUZ12	9606.ENSP00000258149	9606.ENSP00000316578	0	0	0	0	0.049	0.510	0	0.544	0.768
MDM2	NBN	9606.ENSP00000258149	9606.ENSP00000265433	0	0	0	0	0.049	0.516	0	0.548	0.774
MDM2	SP1	9606.ENSP00000258149	9606.ENSP00000329357	0	0	0	0	0.044	0.301	0	0.724	0.799
MDM2	MYC	9606.ENSP00000258149	9606.ENSP00000478887	0	0	0	0	0	0.221	0	0.770	0.813
MDM2	PTEN	9606.ENSP00000258149	9606.ENSP00000361021	0	0	0	0	0.069	0.045	0.400	0.838	0.902
MDM2	RASSF5	9606.ENSP00000258149	9606.ENSP00000462099	0	0	0	0	0	0.301	0.900	0.246	0.942
MDM2	UBB	9606.ENSP00000258149	9606.ENSP00000478771	0	0	0	0	0	0.905	0.500	0.254	0.961
MDM2	UBA52	9606.ENSP00000258149	9606.ENSP00000388107	0	0	0	0	0	0.926	0.500	0.202	0.967
MDM2	UBC	9606.ENSP00000258149	9606.ENSP00000441543	0	0	0	0	0.042	0.973	0.500	0.300	0.990
MDM2	RPS27A	9606.ENSP00000258149	9606.ENSP00000272317	0	0	0	0	0	0.984	0.500	0.341	0.994
MDM2	UBE2D1	9606.ENSP00000258149	9606.ENSP00000363019	0	0	0	0	0.045	0.994	0	0.629	0.997
MDM2	RB1	9606.ENSP00000258149	9606.ENSP00000267163	0	0	0	0	0.042	0.889	0.900	0.925	0.999
MDM2	MDM4	9606.ENSP00000258149	9606.ENSP00000356150	0	0	0	0.788	0.098	0.999	0.900	0.986	0.999
MDM2	TP53	9606.ENSP00000258149	9606.ENSP00000269305	0	0	0	0	0.116	0.999	0.900	0.999	0.999
MDM4	PIK3CA	9606.ENSP00000356150	9606.ENSP00000263967	0	0	0	0	0.048	0	0	0.448	0.452
MDM4	RB1	9606.ENSP00000356150	9606.ENSP00000267163	0	0	0	0	0.042	0.510	0	0.378	0.682
MDM4	TP53	9606.ENSP00000356150	9606.ENSP00000269305	0	0	0	0	0.093	0.999	0.900	0.998	0.999
MDM4	RPS27A	9606.ENSP00000356150	9606.ENSP00000272317	0	0	0	0	0	0.929	0.500	0.221	0.970
MDM4	MRE11	9606.ENSP00000356150	9606.ENSP00000325863	0	0	0	0	0.105	0.299	0	0.172	0.435
MDM4	MTOR	9606.ENSP00000356150	9606.ENSP00000354558	0	0	0	0	0	0.292	0	0.290	0.476
MDM4	MYC	9606.ENSP00000356150	9606.ENSP00000478887	0	0	0	0	0.042	0	0	0.507	0.507
MDM4	RNF2	9606.ENSP00000356150	9606.ENSP00000356480	0	0	0	0	0.049	0.292	0	0.573	0.687
MDM4	PTEN	9606.ENSP00000356150	9606.ENSP00000361021	0	0	0	0	0.074	0.045	0.400	0.555	0.732
MDM4	UBE2D1	9606.ENSP00000356150	9606.ENSP00000363019	0	0	0	0	0.045	0.513	0	0.502	0.748
MDM4	UBA52	9606.ENSP00000356150	9606.ENSP00000388107	0	0	0	0	0	0.900	0.500	0.128	0.952
MDM4	UBB	9606.ENSP00000356150	9606.ENSP00000478771	0	0	0	0	0.049	0.905	0.500	0.212	0.959
MDM4	UBC	9606.ENSP00000356150	9606.ENSP00000441543	0	0	0	0	0	0.929	0.500	0.148	0.967
MINK1	TXN	9606.ENSP00000347427	9606.ENSP00000363641	0	0	0	0	0	0	0.400	0	0.400
MINK1	TNIK	9606.ENSP00000347427	9606.ENSP00000399511	0	0	0.057	0.964	0.049	0.623	0.400	0.061	0.774
MOV10	PHC2	9606.ENSP00000399797	9606.ENSP00000257118	0	0	0	0	0.042	0	0.500	0	0.500
MOV10	TP53	9606.ENSP00000399797	9606.ENSP00000269305	0	0	0	0	0.050	0.400	0.500	0.298	0.773
MOV10	SUZ12	9606.ENSP00000399797	9606.ENSP00000316578	0	0	0	0	0.049	0	0.500	0.094	0.531
MOV10	SP1	9606.ENSP00000399797	9606.ENSP00000329357	0	0	0	0	0.060	0	0.500	0	0.509
MOV10	TNRC6C	9606.ENSP00000399797	9606.ENSP00000336783	0	0	0	0	0	0	0.400	0.357	0.597
MOV10	RNF2	9606.ENSP00000399797	9606.ENSP00000356480	0	0	0	0	0	0.292	0.500	0.069	0.641
MOV10	VENTX	9606.ENSP00000399797	9606.ENSP00000357556	0	0	0	0	0	0	0.500	0	0.499
MOV10	PTEN	9606.ENSP00000399797	9606.ENSP00000361021	0	0	0	0	0	0	0.500	0.129	0.545
MOV10	RBBP4	9606.ENSP00000399797	9606.ENSP00000362592	0	0	0	0	0.042	0	0.500	0	0.500
MOV10	RING1	9606.ENSP00000399797	9606.ENSP00000363787	0	0	0	0	0.044	0.292	0.500	0.063	0.640
MOV10	TFDP1	9606.ENSP00000399797	9606.ENSP00000364519	0	0	0	0	0	0	0.500	0	0.499
MOV10	RBBP7	9606.ENSP00000399797	9606.ENSP00000369424	0	0	0	0	0.047	0	0.500	0	0.503
MOV10	TNRC6A	9606.ENSP00000399797	9606.ENSP00000379144	0	0	0	0	0.077	0.163	0.400	0.747	0.867
MOV10	PHC3	9606.ENSP00000399797	9606.ENSP00000420294	0	0	0	0	0.044	0	0.500	0	0.501
MOV10	TFDP2	9606.ENSP00000399797	9606.ENSP00000420616	0	0	0	0	0.047	0	0.500	0	0.503
MOV10	PHC1	9606.ENSP00000399797	9606.ENSP00000437659	0	0	0	0	0.048	0	0.500	0.051	0.508
MOV10	MYC	9606.ENSP00000399797	9606.ENSP00000478887	0	0	0	0	0.060	0.174	0.400	0.183	0.568
MOV10	TNRC6B	9606.ENSP00000399797	9606.ENSP00000401946	0	0	0	0	0.044	0.163	0.400	0.978	0.988
MRE11	SIRT1	9606.ENSP00000325863	9606.ENSP00000212015	0.057	0	0	0	0	0.402	0	0.151	0.480
MRE11	TERF2	9606.ENSP00000325863	9606.ENSP00000254942	0	0	0	0	0.083	0.836	0.500	0.411	0.949
MRE11	NBN	9606.ENSP00000325863	9606.ENSP00000265433	0	0	0	0	0.124	0.999	0.800	0.997	0.999
MRE11	TINF2	9606.ENSP00000325863	9606.ENSP00000267415	0	0	0	0	0.052	0.168	0.500	0.255	0.667
MRE11	TP53	9606.ENSP00000325863	9606.ENSP00000269305	0	0	0	0	0	0.621	0.500	0.541	0.905
MRE11	RPS27A	9606.ENSP00000325863	9606.ENSP00000272317	0	0	0	0	0.049	0.091	0.500	0.091	0.554
MRE11	TERF1	9606.ENSP00000325863	9606.ENSP00000276603	0	0	0	0	0.053	0	0.500	0.273	0.625
MRE11	TERF2IP	9606.ENSP00000325863	9606.ENSP00000300086	0	0	0	0	0.055	0.794	0.500	0.356	0.929
MRE11	RAD9A	9606.ENSP00000325863	9606.ENSP00000311360	0	0	0	0	0.059	0.084	0.500	0.438	0.725
MRE11	UBA52	9606.ENSP00000325863	9606.ENSP00000388107	0.044	0	0	0	0	0	0.500	0	0.501
MRE11	UBB	9606.ENSP00000325863	9606.ENSP00000478771	0	0	0	0	0.047	0.091	0.500	0.091	0.553
MRE11	UBC	9606.ENSP00000325863	9606.ENSP00000441543	0	0	0	0	0.047	0.096	0.500	0.091	0.556
MRE11	PTEN	9606.ENSP00000325863	9606.ENSP00000361021	0	0	0	0	0.141	0.059	0	0.515	0.574
MRE11	POT1	9606.ENSP00000325863	9606.ENSP00000350249	0	0	0	0	0.141	0	0.500	0.151	0.604
MRE11	RAD9B	9606.ENSP00000325863	9606.ENSP00000376440	0	0	0	0	0.062	0.084	0.500	0.204	0.612
MRE11	RAD1	9606.ENSP00000325863	9606.ENSP00000371469	0	0	0	0	0.045	0.091	0.500	0.371	0.690
MRE11	RAD50	9606.ENSP00000325863	9606.ENSP00000368100	0.120	0	0	0	0.861	0.998	0.900	0.996	0.999
MTOR	SIRT1	9606.ENSP00000354558	9606.ENSP00000212015	0	0	0	0	0.074	0.526	0	0.867	0.937
MTOR	TSC2	9606.ENSP00000354558	9606.ENSP00000219476	0	0	0	0	0.149	0.458	0.500	0.961	0.990
MTOR	TGFB1	9606.ENSP00000354558	9606.ENSP00000221930	0	0	0	0	0.042	0	0	0.582	0.582
MTOR	NFKB1	9606.ENSP00000354558	9606.ENSP00000226574	0	0	0	0	0.047	0.107	0	0.741	0.760
MTOR	SMAD2	9606.ENSP00000354558	9606.ENSP00000262160	0	0	0	0	0.049	0	0	0.661	0.663
MTOR	RHEB	9606.ENSP00000354558	9606.ENSP00000262187	0	0	0	0	0.049	0.975	0.900	0.996	0.999
MTOR	PIK3CA	9606.ENSP00000354558	9606.ENSP00000263967	0	0	0	0.548	0.060	0.166	0.900	0.592	0.963
MTOR	STAT3	9606.ENSP00000354558	9606.ENSP00000264657	0	0	0	0	0.049	0.735	0	0.730	0.926
MTOR	NBN	9606.ENSP00000354558	9606.ENSP00000265433	0	0	0	0	0.067	0.292	0	0.207	0.431
MTOR	TP53	9606.ENSP00000354558	9606.ENSP00000269305	0	0	0	0	0	0.466	0	0.773	0.874
MTOR	TSC1	9606.ENSP00000354558	9606.ENSP00000298552	0	0	0	0	0.272	0.274	0.500	0.914	0.974
MTOR	SP1	9606.ENSP00000354558	9606.ENSP00000329357	0	0	0	0	0.138	0.069	0	0.366	0.447
MTOR	VDAC1	9606.ENSP00000354558	9606.ENSP00000378487	0	0	0	0	0.060	0	0	0.391	0.403
MTOR	RELA	9606.ENSP00000354558	9606.ENSP00000384273	0	0	0	0	0.060	0.069	0	0.378	0.408
MTOR	TXN	9606.ENSP00000354558	9606.ENSP00000363641	0	0	0	0	0.047	0	0	0.465	0.468
MTOR	RPS6KA2	9606.ENSP00000354558	9606.ENSP00000422435	0	0	0	0	0	0.094	0	0.545	0.570
MTOR	RAF1	9606.ENSP00000354558	9606.ENSP00000401888	0	0	0	0	0.121	0.073	0	0.523	0.578
MTOR	RPS6KA3	9606.ENSP00000354558	9606.ENSP00000368884	0	0	0	0	0.054	0.095	0	0.571	0.600
MTOR	MYC	9606.ENSP00000354558	9606.ENSP00000478887	0	0	0	0	0	0.091	0	0.716	0.730
MTOR	RPS6KA1	9606.ENSP00000354558	9606.ENSP00000435412	0	0	0	0	0.049	0.108	0	0.710	0.733
MTOR	PTEN	9606.ENSP00000354558	9606.ENSP00000361021	0	0	0	0	0	0.281	0	0.922	0.942
MTOR	PIK3CD	9606.ENSP00000354558	9606.ENSP00000366563	0	0	0	0.550	0.056	0.166	0.900	0.360	0.942
MTOR	PIK3CB	9606.ENSP00000354558	9606.ENSP00000501150	0	0	0	0.549	0.082	0.166	0.900	0.350	0.943
MTOR	SQSTM1	9606.ENSP00000354558	9606.ENSP00000374455	0	0	0	0	0.042	0.735	0	0.832	0.953
MTOR	UBC	9606.ENSP00000354558	9606.ENSP00000441543	0	0	0	0	0	0.994	0	0.460	0.996
MYBL2	RB1	9606.ENSP00000217026	9606.ENSP00000267163	0	0	0	0	0	0.131	0	0.355	0.416
MYBL2	RBBP7	9606.ENSP00000217026	9606.ENSP00000369424	0	0	0	0	0.130	0.295	0	0.146	0.431
MYBL2	STAT3	9606.ENSP00000217026	9606.ENSP00000264657	0	0	0	0	0	0	0	0.459	0.459
MYBL2	TFDP2	9606.ENSP00000217026	9606.ENSP00000420616	0	0	0	0	0.078	0.091	0.500	0.118	0.581
MYBL2	MYC	9606.ENSP00000217026	9606.ENSP00000478887	0	0	0	0	0.137	0.142	0	0.510	0.606
MYBL2	TP53	9606.ENSP00000217026	9606.ENSP00000269305	0	0	0	0	0.086	0	0	0.730	0.742
MYBL2	UBE2C	9606.ENSP00000217026	9606.ENSP00000348838	0	0	0	0	0.539	0.060	0	0.517	0.773
MYBL2	TFDP1	9606.ENSP00000217026	9606.ENSP00000364519	0	0	0	0	0.135	0.091	0.500	0.578	0.812
MYBL2	RBL2	9606.ENSP00000217026	9606.ENSP00000262133	0	0	0	0	0	0.130	0.500	0.643	0.831
MYBL2	RBL1	9606.ENSP00000217026	9606.ENSP00000362768	0	0	0	0	0.113	0.659	0.500	0.237	0.869
MYBL2	RBBP4	9606.ENSP00000217026	9606.ENSP00000362592	0	0	0	0	0.118	0.840	0.900	0.865	0.997
MYC	SIRT1	9606.ENSP00000478887	9606.ENSP00000212015	0	0	0	0	0.066	0.625	0	0.633	0.860
MYC	TSC2	9606.ENSP00000478887	9606.ENSP00000219476	0	0	0	0	0	0	0	0.580	0.580
MYC	TGFB1	9606.ENSP00000478887	9606.ENSP00000221930	0	0	0	0	0.072	0.048	0	0.787	0.796
MYC	SERPINE1	9606.ENSP00000478887	9606.ENSP00000223095	0	0	0	0	0.156	0.161	0	0.435	0.565
MYC	NFKB1	9606.ENSP00000478887	9606.ENSP00000226574	0	0	0	0	0.115	0.292	0	0.879	0.917
MYC	RBL2	9606.ENSP00000478887	9606.ENSP00000262133	0	0	0	0	0.047	0	0	0.419	0.422
MYC	SMAD2	9606.ENSP00000478887	9606.ENSP00000262160	0	0	0	0	0	0.525	0.500	0.931	0.982
MYC	RHEB	9606.ENSP00000478887	9606.ENSP00000262187	0	0	0	0	0.047	0.164	0	0.447	0.521
MYC	PIK3CA	9606.ENSP00000478887	9606.ENSP00000263967	0	0	0	0	0	0.179	0	0.696	0.740
MYC	UBE2S	9606.ENSP00000478887	9606.ENSP00000264552	0	0	0	0	0.072	0.081	0	0.400	0.443
MYC	STAT3	9606.ENSP00000478887	9606.ENSP00000264657	0	0	0	0	0.066	0.612	0.750	0.859	0.985
MYC	RB1	9606.ENSP00000478887	9606.ENSP00000267163	0	0	0	0	0.042	0.594	0	0.736	0.888
MYC	TP53	9606.ENSP00000478887	9606.ENSP00000269305	0	0	0	0	0.067	0.300	0	0.997	0.997
MYC	RPS27A	9606.ENSP00000478887	9606.ENSP00000272317	0	0	0	0	0.072	0.779	0	0.304	0.844
MYC	TERF1	9606.ENSP00000478887	9606.ENSP00000276603	0	0	0	0	0.045	0	0	0.468	0.470
MYC	TSC1	9606.ENSP00000478887	9606.ENSP00000298552	0	0	0	0	0.057	0.218	0	0.579	0.662
MYC	SUZ12	9606.ENSP00000478887	9606.ENSP00000316578	0	0	0	0	0.042	0.317	0	0.757	0.827
MYC	PPP1CA	9606.ENSP00000478887	9606.ENSP00000326031	0	0	0	0	0.088	0.210	0	0.300	0.451
MYC	SP1	9606.ENSP00000478887	9606.ENSP00000329357	0	0	0	0	0.060	0.785	0	0.883	0.974
MYC	TNRC6C	9606.ENSP00000478887	9606.ENSP00000336783	0	0	0	0	0.055	0	0.400	0.157	0.480
MYC	PPP1CC	9606.ENSP00000478887	9606.ENSP00000341779	0	0	0	0	0.081	0.214	0	0.272	0.428
MYC	UBE2C	9606.ENSP00000478887	9606.ENSP00000348838	0	0	0	0	0.123	0.052	0	0.370	0.430
MYC	TGFBR2	9606.ENSP00000478887	9606.ENSP00000351905	0	0	0	0	0.055	0.087	0	0.543	0.571
MYC	TGFB2	9606.ENSP00000478887	9606.ENSP00000355896	0	0	0	0	0	0.048	0	0.435	0.439
MYC	RNF2	9606.ENSP00000478887	9606.ENSP00000356480	0	0	0	0	0.042	0.191	0	0.394	0.490
MYC	PTEN	9606.ENSP00000478887	9606.ENSP00000361021	0	0	0	0	0.044	0.317	0	0.870	0.908
MYC	RBBP4	9606.ENSP00000478887	9606.ENSP00000362592	0	0	0	0	0.067	0.164	0	0.358	0.456
MYC	RBL1	9606.ENSP00000478887	9606.ENSP00000362768	0	0	0	0	0.050	0.292	0.500	0.129	0.667
MYC	TXN	9606.ENSP00000478887	9606.ENSP00000363641	0	0	0	0	0.092	0.216	0	0.447	0.572
MYC	RING1	9606.ENSP00000478887	9606.ENSP00000363787	0	0	0	0	0	0.170	0	0.370	0.456
MYC	TFDP1	9606.ENSP00000478887	9606.ENSP00000364519	0	0	0	0	0.074	0.161	0.500	0.492	0.776
MYC	RPS6KA3	9606.ENSP00000478887	9606.ENSP00000368884	0	0	0	0	0.070	0	0	0.447	0.464
MYC	SQSTM1	9606.ENSP00000478887	9606.ENSP00000374455	0	0	0	0	0.042	0.220	0	0.447	0.551
MYC	VDAC1	9606.ENSP00000478887	9606.ENSP00000378487	0	0	0	0	0.057	0.165	0	0.433	0.515
MYC	TNRC6A	9606.ENSP00000478887	9606.ENSP00000379144	0	0	0	0	0	0	0.400	0.348	0.592
MYC	RELA	9606.ENSP00000478887	9606.ENSP00000384273	0	0	0	0	0.118	0.621	0	0.594	0.852
MYC	RAF1	9606.ENSP00000478887	9606.ENSP00000401888	0	0	0	0	0.055	0.444	0	0.571	0.755
MYC	TNRC6B	9606.ENSP00000478887	9606.ENSP00000401946	0	0	0	0	0	0.161	0.400	0.155	0.538
MYC	TFDP2	9606.ENSP00000478887	9606.ENSP00000420616	0	0	0	0	0	0.064	0.500	0.222	0.604
MYC	RPS6KA2	9606.ENSP00000478887	9606.ENSP00000422435	0	0	0	0	0.058	0	0	0.417	0.427
MYC	RPS6KA1	9606.ENSP00000478887	9606.ENSP00000435412	0	0	0	0	0.058	0	0	0.507	0.515
MYC	TGFBR1	9606.ENSP00000478887	9606.ENSP00000447297	0	0	0	0	0.053	0.054	0	0.500	0.512
NBN	SIRT1	9606.ENSP00000265433	9606.ENSP00000212015	0	0	0	0	0.060	0.292	0	0.484	0.626
NBN	TERF2	9606.ENSP00000265433	9606.ENSP00000254942	0	0	0	0	0.092	0.982	0.500	0.323	0.993
NBN	UBA52	9606.ENSP00000265433	9606.ENSP00000388107	0	0	0	0	0	0	0.500	0	0.499
NBN	UBB	9606.ENSP00000265433	9606.ENSP00000478771	0	0	0	0	0	0	0.500	0.080	0.520
NBN	UBC	9606.ENSP00000265433	9606.ENSP00000441543	0	0	0	0	0	0	0.500	0.126	0.544
NBN	RPS27A	9606.ENSP00000265433	9606.ENSP00000272317	0	0	0	0	0.047	0	0.500	0.127	0.548
NBN	TINF2	9606.ENSP00000265433	9606.ENSP00000267415	0	0	0	0	0	0	0.500	0.145	0.554
NBN	POT1	9606.ENSP00000265433	9606.ENSP00000350249	0	0	0	0	0.082	0	0.500	0.197	0.599
NBN	RAD9B	9606.ENSP00000265433	9606.ENSP00000376440	0	0	0	0	0	0	0.500	0.320	0.645
NBN	RAD1	9606.ENSP00000265433	9606.ENSP00000371469	0	0	0	0	0.049	0	0.500	0.341	0.659
NBN	TERF1	9606.ENSP00000265433	9606.ENSP00000276603	0	0	0	0	0.109	0.230	0.500	0.186	0.683
NBN	RAD9A	9606.ENSP00000265433	9606.ENSP00000311360	0	0	0	0	0	0	0.500	0.477	0.727
NBN	TP53	9606.ENSP00000265433	9606.ENSP00000269305	0	0	0	0	0	0.166	0.500	0.479	0.763
NBN	TERF2IP	9606.ENSP00000265433	9606.ENSP00000300086	0	0	0	0	0.063	0.756	0.500	0.203	0.896
NBN	RAD50	9606.ENSP00000265433	9606.ENSP00000368100	0	0	0	0	0.126	0.994	0.900	0.994	0.999
NFKB1	SIRT1	9606.ENSP00000226574	9606.ENSP00000212015	0	0	0	0	0.049	0.330	0.900	0.768	0.983
NFKB1	TGFB1	9606.ENSP00000226574	9606.ENSP00000221930	0	0	0	0	0.126	0	0	0.683	0.711
NFKB1	SERPINE1	9606.ENSP00000226574	9606.ENSP00000223095	0	0	0	0	0.045	0.051	0	0.518	0.525
NFKB1	PPP1CA	9606.ENSP00000226574	9606.ENSP00000326031	0	0	0	0	0.150	0.127	0	0.258	0.402
NFKB1	TGFB2	9606.ENSP00000226574	9606.ENSP00000355896	0	0	0	0	0.055	0	0	0.397	0.406
NFKB1	TGFBR1	9606.ENSP00000226574	9606.ENSP00000447297	0	0	0	0	0.048	0.095	0	0.377	0.417
NFKB1	SUZ12	9606.ENSP00000226574	9606.ENSP00000316578	0	0	0	0	0.049	0.071	0	0.412	0.435
NFKB1	TGFBR2	9606.ENSP00000226574	9606.ENSP00000351905	0	0	0	0	0.103	0.095	0	0.388	0.460
NFKB1	PIK3CB	9606.ENSP00000226574	9606.ENSP00000501150	0	0	0	0	0.049	0	0	0.516	0.520
NFKB1	VENTX	9606.ENSP00000226574	9606.ENSP00000357556	0	0	0	0	0	0	0.500	0.106	0.534
NFKB1	UBA52	9606.ENSP00000226574	9606.ENSP00000388107	0	0	0	0	0.042	0.074	0.500	0.091	0.543
NFKB1	SMAD2	9606.ENSP00000226574	9606.ENSP00000262160	0	0	0	0	0.103	0.046	0	0.530	0.563
NFKB1	UBE2E1	9606.ENSP00000226574	9606.ENSP00000303709	0	0	0	0	0.062	0.080	0.500	0.119	0.569
NFKB1	UBB	9606.ENSP00000226574	9606.ENSP00000478771	0	0	0	0	0.054	0.100	0.500	0.118	0.575
NFKB1	UBE2C	9606.ENSP00000226574	9606.ENSP00000348838	0	0	0	0	0.049	0.080	0.500	0.182	0.594
NFKB1	UBE2S	9606.ENSP00000226574	9606.ENSP00000264552	0	0	0	0	0.042	0.080	0.500	0.230	0.615
NFKB1	UBE2D1	9606.ENSP00000226574	9606.ENSP00000363019	0	0	0	0	0.072	0.080	0.500	0.216	0.620
NFKB1	UBC	9606.ENSP00000226574	9606.ENSP00000441543	0	0	0	0	0.055	0.100	0.500	0.250	0.638
NFKB1	PTEN	9606.ENSP00000226574	9606.ENSP00000361021	0	0	0	0	0.079	0.068	0	0.627	0.652
NFKB1	RPS27A	9606.ENSP00000226574	9606.ENSP00000272317	0	0	0	0	0.082	0.215	0.500	0.161	0.657
NFKB1	PIK3CA	9606.ENSP00000226574	9606.ENSP00000263967	0	0	0	0	0.060	0.190	0	0.634	0.697
NFKB1	SQSTM1	9606.ENSP00000226574	9606.ENSP00000374455	0	0	0	0	0.089	0.071	0.500	0.473	0.747
NFKB1	SP1	9606.ENSP00000226574	9606.ENSP00000329357	0	0	0	0	0.067	0.748	0	0.648	0.910
NFKB1	RAF1	9606.ENSP00000226574	9606.ENSP00000401888	0	0	0	0	0.072	0.095	0.900	0.370	0.940
NFKB1	STAT3	9606.ENSP00000226574	9606.ENSP00000264657	0	0	0	0	0.126	0.598	0	0.902	0.962
NFKB1	TXN	9606.ENSP00000226574	9606.ENSP00000363641	0	0	0	0	0.055	0.957	0	0.613	0.983
NFKB1	TP53	9606.ENSP00000226574	9606.ENSP00000269305	0	0	0	0	0.098	0.045	0	0.989	0.989
NFKB1	RELA	9606.ENSP00000226574	9606.ENSP00000384273	0	0	0	0.769	0.182	0.999	0.900	0.986	0.999
PHC1	PHC2	9606.ENSP00000437659	9606.ENSP00000257118	0	0	0	0.767	0	0.864	0.900	0.786	0.996
PHC1	UBE2S	9606.ENSP00000437659	9606.ENSP00000264552	0	0	0	0	0.058	0.051	0.900	0	0.902
PHC1	TP53	9606.ENSP00000437659	9606.ENSP00000269305	0	0	0	0	0.066	0	0.500	0.187	0.587
PHC1	SUZ12	9606.ENSP00000437659	9606.ENSP00000316578	0	0	0	0	0.065	0.075	0.900	0.856	0.985
PHC1	TNRC6C	9606.ENSP00000437659	9606.ENSP00000336783	0	0	0	0	0.081	0	0.500	0	0.521
PHC1	UBE2C	9606.ENSP00000437659	9606.ENSP00000348838	0	0	0	0	0.049	0.051	0.900	0	0.901
PHC1	RNF2	9606.ENSP00000437659	9606.ENSP00000356480	0	0	0	0	0.049	0.857	0.900	0.998	0.999
PHC1	RBBP4	9606.ENSP00000437659	9606.ENSP00000362592	0	0	0	0	0.088	0.067	0.900	0.408	0.942
PHC1	RING1	9606.ENSP00000437659	9606.ENSP00000363787	0	0	0	0	0.042	0.822	0.900	0.996	0.999
PHC1	TFDP1	9606.ENSP00000437659	9606.ENSP00000364519	0	0	0	0	0.059	0.043	0.500	0.089	0.535
PHC1	RBBP7	9606.ENSP00000437659	9606.ENSP00000369424	0	0	0	0	0.075	0.067	0.900	0.365	0.937
PHC1	TNRC6A	9606.ENSP00000437659	9606.ENSP00000379144	0	0	0	0	0.085	0	0.500	0	0.523
PHC1	TNRC6B	9606.ENSP00000437659	9606.ENSP00000401946	0	0	0	0	0.049	0	0.500	0	0.504
PHC1	PHC3	9606.ENSP00000437659	9606.ENSP00000420294	0	0	0	0.693	0	0.845	0.900	0.787	0.996
PHC1	TFDP2	9606.ENSP00000437659	9606.ENSP00000420616	0	0	0	0	0.071	0.043	0.500	0.124	0.558
PHC2	TNRC6C	9606.ENSP00000257118	9606.ENSP00000336783	0	0	0	0	0	0	0.500	0	0.499
PHC2	TNRC6A	9606.ENSP00000257118	9606.ENSP00000379144	0	0	0	0	0	0	0.500	0	0.499
PHC2	TNRC6B	9606.ENSP00000257118	9606.ENSP00000401946	0	0	0	0	0.049	0	0.500	0	0.504
PHC2	TP53	9606.ENSP00000257118	9606.ENSP00000269305	0	0	0	0	0	0	0.500	0.091	0.526
PHC2	UBE2C	9606.ENSP00000257118	9606.ENSP00000348838	0	0	0	0	0.059	0.065	0.900	0	0.904
PHC2	UBE2S	9606.ENSP00000257118	9606.ENSP00000264552	0	0	0	0	0.043	0.065	0.900	0.076	0.906
PHC2	RBBP7	9606.ENSP00000257118	9606.ENSP00000369424	0	0	0	0	0	0	0.900	0.222	0.918
PHC2	RBBP4	9606.ENSP00000257118	9606.ENSP00000362592	0	0	0	0	0	0	0.900	0.249	0.921
PHC2	SUZ12	9606.ENSP00000257118	9606.ENSP00000316578	0	0	0	0	0	0	0.900	0.595	0.957
PHC2	PHC3	9606.ENSP00000257118	9606.ENSP00000420294	0	0	0	0.810	0	0.489	0.900	0.520	0.973
PHC2	RNF2	9606.ENSP00000257118	9606.ENSP00000356480	0	0	0	0	0	0.864	0.900	0.842	0.997
PHC2	RING1	9606.ENSP00000257118	9606.ENSP00000363787	0	0	0	0	0.068	0.744	0.900	0.936	0.998
PHC3	UBE2S	9606.ENSP00000420294	9606.ENSP00000264552	0	0	0	0	0	0.065	0.900	0.063	0.904
PHC3	TP53	9606.ENSP00000420294	9606.ENSP00000269305	0	0	0	0	0	0.136	0.500	0.372	0.705
PHC3	SUZ12	9606.ENSP00000420294	9606.ENSP00000316578	0	0	0	0	0.049	0	0.900	0.207	0.918
PHC3	TNRC6C	9606.ENSP00000420294	9606.ENSP00000336783	0	0	0	0	0.065	0	0.500	0	0.512
PHC3	UBE2C	9606.ENSP00000420294	9606.ENSP00000348838	0	0	0	0	0	0.065	0.900	0.072	0.905
PHC3	RNF2	9606.ENSP00000420294	9606.ENSP00000356480	0	0	0	0	0	0.825	0.900	0.696	0.994
PHC3	RBBP4	9606.ENSP00000420294	9606.ENSP00000362592	0	0	0	0	0	0	0.900	0.163	0.912
PHC3	RING1	9606.ENSP00000420294	9606.ENSP00000363787	0	0	0	0	0	0.667	0.900	0.744	0.990
PHC3	TFDP1	9606.ENSP00000420294	9606.ENSP00000364519	0	0	0	0	0	0	0.500	0.067	0.513
PHC3	RBBP7	9606.ENSP00000420294	9606.ENSP00000369424	0	0	0	0	0	0	0.900	0.146	0.910
PHC3	TNRC6A	9606.ENSP00000420294	9606.ENSP00000379144	0	0	0	0	0.075	0	0.500	0	0.517
PHC3	TNRC6B	9606.ENSP00000420294	9606.ENSP00000401946	0	0	0	0	0.487	0	0.500	0	0.732
PHC3	TFDP2	9606.ENSP00000420294	9606.ENSP00000420616	0	0	0	0	0.062	0	0.500	0.067	0.524
PIK3CA	SIRT1	9606.ENSP00000263967	9606.ENSP00000212015	0	0	0	0	0.210	0	0	0.368	0.480
PIK3CA	TSC2	9606.ENSP00000263967	9606.ENSP00000219476	0	0	0	0	0	0	0	0.687	0.687
PIK3CA	RRAS	9606.ENSP00000263967	9606.ENSP00000246792	0	0	0	0	0.061	0.954	0.900	0.530	0.997
PIK3CA	RRAS2	9606.ENSP00000263967	9606.ENSP00000256196	0	0	0	0	0.076	0.954	0.650	0.304	0.988
PIK3CA	SMAD2	9606.ENSP00000263967	9606.ENSP00000262160	0	0	0	0	0.084	0.292	0	0.409	0.583
PIK3CA	RHEB	9606.ENSP00000263967	9606.ENSP00000262187	0	0	0	0	0.044	0.094	0	0.483	0.513
PIK3CA	TSC1	9606.ENSP00000263967	9606.ENSP00000298552	0	0	0	0	0.049	0	0	0.439	0.443
PIK3CA	RPS6KA3	9606.ENSP00000263967	9606.ENSP00000368884	0	0	0	0	0.120	0	0	0.394	0.444
PIK3CA	RB1	9606.ENSP00000263967	9606.ENSP00000267163	0	0	0	0	0.150	0	0	0.411	0.478
PIK3CA	SQSTM1	9606.ENSP00000263967	9606.ENSP00000374455	0	0	0	0	0	0.190	0	0.392	0.487
PIK3CA	TGFBR2	9606.ENSP00000263967	9606.ENSP00000351905	0	0	0	0	0.049	0.069	0	0.496	0.515
PIK3CA	RELA	9606.ENSP00000263967	9606.ENSP00000384273	0	0	0	0	0.049	0.314	0	0.346	0.537
PIK3CA	RPS6KA1	9606.ENSP00000263967	9606.ENSP00000435412	0	0	0	0	0.069	0	0	0.571	0.583
PIK3CA	TGFBR1	9606.ENSP00000263967	9606.ENSP00000447297	0	0	0	0	0.120	0.069	0	0.589	0.635
PIK3CA	STAT3	9606.ENSP00000263967	9606.ENSP00000264657	0	0	0	0	0.053	0	0.500	0.727	0.859
PIK3CA	TP53	9606.ENSP00000263967	9606.ENSP00000269305	0	0	0	0	0	0.292	0	0.920	0.941
PIK3CA	RAF1	9606.ENSP00000263967	9606.ENSP00000401888	0	0	0	0	0.066	0.069	0.900	0.719	0.972
PIK3CA	PTEN	9606.ENSP00000263967	9606.ENSP00000361021	0	0	0	0	0.112	0.134	0.900	0.949	0.995
PIK3CA	PIK3CD	9606.ENSP00000263967	9606.ENSP00000366563	0	0	0.060	0.888	0	0	0.900	0.983	0.998
PIK3CA	PIK3CB	9606.ENSP00000263967	9606.ENSP00000501150	0	0	0.060	0.882	0.083	0	0.900	0.984	0.998
PIK3CB	TSC2	9606.ENSP00000501150	9606.ENSP00000219476	0	0	0	0	0	0	0	0.510	0.510
PIK3CB	RRAS	9606.ENSP00000501150	9606.ENSP00000246792	0	0	0	0	0.061	0.316	0.900	0.243	0.944
PIK3CB	RRAS2	9606.ENSP00000501150	9606.ENSP00000256196	0	0	0	0	0.061	0.316	0.650	0.328	0.828
PIK3CB	RHEB	9606.ENSP00000501150	9606.ENSP00000262187	0	0	0	0	0.047	0.094	0	0.420	0.456
PIK3CB	STAT3	9606.ENSP00000501150	9606.ENSP00000264657	0	0	0	0	0.049	0	0.500	0.357	0.667
PIK3CB	TP53	9606.ENSP00000501150	9606.ENSP00000269305	0	0	0	0	0	0	0	0.476	0.476
PIK3CB	TGFBR2	9606.ENSP00000501150	9606.ENSP00000351905	0	0	0	0	0.042	0.503	0	0.187	0.579
PIK3CB	PTEN	9606.ENSP00000501150	9606.ENSP00000361021	0	0	0	0	0.058	0.134	0.900	0.829	0.984
PIK3CB	PIK3CD	9606.ENSP00000501150	9606.ENSP00000366563	0	0	0.060	0.956	0	0	0.900	0.983	0.998
PIK3CB	RAF1	9606.ENSP00000501150	9606.ENSP00000401888	0	0	0	0	0.059	0.069	0.900	0.387	0.939
PIK3CD	TSC2	9606.ENSP00000366563	9606.ENSP00000219476	0	0	0	0	0.043	0	0	0.459	0.460
PIK3CD	TGFB1	9606.ENSP00000366563	9606.ENSP00000221930	0	0	0	0	0.067	0	0	0.432	0.447
PIK3CD	RRAS	9606.ENSP00000366563	9606.ENSP00000246792	0	0	0	0	0.061	0.954	0.900	0.509	0.997
PIK3CD	RRAS2	9606.ENSP00000366563	9606.ENSP00000256196	0	0	0	0	0.061	0.954	0.650	0.391	0.989
PIK3CD	RHEB	9606.ENSP00000366563	9606.ENSP00000262187	0	0	0	0	0.042	0.094	0	0.381	0.416
PIK3CD	STAT3	9606.ENSP00000366563	9606.ENSP00000264657	0	0	0	0	0.083	0	0	0.395	0.421
PIK3CD	TP53	9606.ENSP00000366563	9606.ENSP00000269305	0	0	0	0	0.042	0	0	0.461	0.462
PIK3CD	PTEN	9606.ENSP00000366563	9606.ENSP00000361021	0	0	0	0	0.058	0.134	0.900	0.708	0.973
PIK3CD	RAF1	9606.ENSP00000366563	9606.ENSP00000401888	0	0	0	0	0.060	0.069	0.900	0.322	0.932
POT1	TERF2	9606.ENSP00000350249	9606.ENSP00000254942	0	0	0	0	0.060	0.874	0.720	0.998	0.999
POT1	TINF2	9606.ENSP00000350249	9606.ENSP00000267415	0	0	0	0	0	0.994	0.800	0.999	0.999
POT1	TERF1	9606.ENSP00000350249	9606.ENSP00000276603	0	0	0	0	0.065	0.861	0.720	0.999	0.999
POT1	TERF2IP	9606.ENSP00000350249	9606.ENSP00000300086	0	0	0	0	0	0.870	0.800	0.969	0.999
POT1	RAD50	9606.ENSP00000350249	9606.ENSP00000368100	0	0	0	0	0.106	0	0.500	0.064	0.545
PPID	TTC1	9606.ENSP00000303754	9606.ENSP00000231238	0	0	0	0	0.179	0	0	0.394	0.481
PPID	STAT3	9606.ENSP00000303754	9606.ENSP00000264657	0	0	0	0	0.049	0	0	0.439	0.443
PPID	TP53	9606.ENSP00000303754	9606.ENSP00000269305	0	0	0	0	0.086	0.292	0	0.907	0.934
PPID	SLC25A31	9606.ENSP00000303754	9606.ENSP00000281154	0	0	0	0	0.068	0.207	0.900	0.385	0.948
PPID	SLC25A4	9606.ENSP00000303754	9606.ENSP00000281456	0	0	0	0	0.075	0.207	0.900	0.309	0.942
PPID	TSC1	9606.ENSP00000303754	9606.ENSP00000298552	0	0	0	0	0.383	0.303	0	0.166	0.610
PPID	VDAC3	9606.ENSP00000303754	9606.ENSP00000428845	0	0	0	0	0.085	0.051	0.900	0.358	0.936
PPID	VDAC2	9606.ENSP00000303754	9606.ENSP00000361635	0	0	0	0	0.092	0.051	0.900	0.345	0.936
PPID	SLC25A5	9606.ENSP00000303754	9606.ENSP00000360671	0	0	0	0	0.081	0.207	0.900	0.247	0.937
PPID	SLC25A6	9606.ENSP00000303754	9606.ENSP00000370808	0	0	0	0	0.075	0.207	0.900	0.381	0.948
PPID	VDAC1	9606.ENSP00000303754	9606.ENSP00000378487	0	0	0	0	0.122	0.051	0.900	0.931	0.993
PPP1CA	TSC2	9606.ENSP00000326031	9606.ENSP00000219476	0	0	0	0	0.062	0.525	0	0.064	0.546
PPP1CA	TGFB1	9606.ENSP00000326031	9606.ENSP00000221930	0	0	0	0	0.072	0	0.500	0.132	0.562
PPP1CA	RBL2	9606.ENSP00000326031	9606.ENSP00000262133	0	0	0	0	0.085	0.097	0.900	0.090	0.914
PPP1CA	RB1	9606.ENSP00000326031	9606.ENSP00000267163	0	0	0	0	0.070	0.811	0.900	0.223	0.984
PPP1CA	RAD9A	9606.ENSP00000326031	9606.ENSP00000311360	0	0	0	0	0.084	0	0	0.377	0.405
PPP1CA	PTEN	9606.ENSP00000326031	9606.ENSP00000361021	0	0	0	0	0.062	0.332	0	0.250	0.489
PPP1CA	TGFBR2	9606.ENSP00000326031	9606.ENSP00000351905	0	0	0	0	0	0.091	0.500	0.105	0.558
PPP1CA	TGFBR1	9606.ENSP00000326031	9606.ENSP00000447297	0	0	0	0	0.054	0.091	0.500	0.111	0.567
PPP1CA	RPS6KA3	9606.ENSP00000326031	9606.ENSP00000368884	0	0	0	0	0.063	0	0.650	0.068	0.667
PPP1CA	RPS6KA2	9606.ENSP00000326031	9606.ENSP00000422435	0	0	0	0	0	0	0.650	0.101	0.672
PPP1CA	RPS6KA1	9606.ENSP00000326031	9606.ENSP00000435412	0	0	0	0	0.084	0	0.650	0.155	0.705
PPP1CA	RBL1	9606.ENSP00000326031	9606.ENSP00000362768	0	0	0	0	0.070	0.097	0.900	0.115	0.915
PPP1CA	RASSF5	9606.ENSP00000326031	9606.ENSP00000462099	0	0	0	0	0.058	0.064	0.900	0.150	0.915
PPP1CA	PPP1CB	9606.ENSP00000326031	9606.ENSP00000378769	0	0	0.049	0.983	0.091	0.875	0.900	0.812	0.997
PPP1CA	PPP1CC	9606.ENSP00000326031	9606.ENSP00000341779	0	0	0.049	0.982	0.063	0.877	0.900	0.853	0.998
PPP1CB	TGFB1	9606.ENSP00000378769	9606.ENSP00000221930	0	0	0	0	0	0	0.500	0.150	0.556
PPP1CB	RRAS	9606.ENSP00000378769	9606.ENSP00000246792	0	0	0	0	0.060	0.277	0	0.364	0.530
PPP1CB	RRAS2	9606.ENSP00000378769	9606.ENSP00000256196	0	0	0	0	0.069	0.277	0	0.247	0.449
PPP1CB	RBL2	9606.ENSP00000378769	9606.ENSP00000262133	0	0	0	0	0.084	0.097	0.900	0.072	0.913
PPP1CB	RB1	9606.ENSP00000378769	9606.ENSP00000267163	0	0	0	0	0.084	0.176	0.900	0.459	0.953
PPP1CB	PPP1CC	9606.ENSP00000378769	9606.ENSP00000341779	0	0	0.049	0.983	0.106	0.874	0.900	0.783	0.997
PPP1CB	TGFBR2	9606.ENSP00000378769	9606.ENSP00000351905	0	0	0	0	0.047	0.091	0.500	0.136	0.575
PPP1CB	RBL1	9606.ENSP00000378769	9606.ENSP00000362768	0	0	0	0	0.070	0.097	0.900	0.072	0.911
PPP1CB	RPS6KA3	9606.ENSP00000378769	9606.ENSP00000368884	0	0	0	0	0.073	0	0.650	0.152	0.701
PPP1CB	RAF1	9606.ENSP00000378769	9606.ENSP00000401888	0	0	0	0	0.049	0.091	0.400	0.261	0.565
PPP1CB	TGFBR1	9606.ENSP00000378769	9606.ENSP00000447297	0	0	0	0	0.069	0.091	0.500	0.216	0.624
PPP1CB	RPS6KA2	9606.ENSP00000378769	9606.ENSP00000422435	0	0	0	0	0	0	0.650	0.091	0.668
PPP1CB	RPS6KA1	9606.ENSP00000378769	9606.ENSP00000435412	0	0	0	0	0.047	0	0.650	0.152	0.692
PPP1CB	RASSF5	9606.ENSP00000378769	9606.ENSP00000462099	0	0	0	0	0.044	0.064	0.900	0.103	0.908
PPP1CC	TGFB1	9606.ENSP00000341779	9606.ENSP00000221930	0	0	0	0	0.042	0	0.500	0.124	0.543
PPP1CC	RBL2	9606.ENSP00000341779	9606.ENSP00000262133	0	0	0	0	0.110	0.097	0.900	0.090	0.917
PPP1CC	RB1	9606.ENSP00000341779	9606.ENSP00000267163	0	0	0	0	0.095	0.256	0.900	0.472	0.959
PPP1CC	TP53	9606.ENSP00000341779	9606.ENSP00000269305	0	0	0	0	0	0.292	0	0.232	0.433
PPP1CC	TGFBR2	9606.ENSP00000341779	9606.ENSP00000351905	0	0	0	0	0.042	0.091	0.500	0.128	0.569
PPP1CC	TGFBR1	9606.ENSP00000341779	9606.ENSP00000447297	0	0	0	0	0.061	0.091	0.500	0.215	0.620
PPP1CC	RAF1	9606.ENSP00000341779	9606.ENSP00000401888	0	0	0	0	0.060	0.328	0.400	0.231	0.670
PPP1CC	RPS6KA1	9606.ENSP00000341779	9606.ENSP00000435412	0	0	0	0	0.042	0	0.650	0.122	0.679
PPP1CC	RPS6KA2	9606.ENSP00000341779	9606.ENSP00000422435	0	0	0	0	0	0	0.650	0.129	0.682
PPP1CC	RPS6KA3	9606.ENSP00000341779	9606.ENSP00000368884	0	0	0	0	0.060	0	0.650	0.147	0.695
PPP1CC	RASSF5	9606.ENSP00000341779	9606.ENSP00000462099	0	0	0	0	0	0.064	0.900	0.068	0.905
PPP1CC	RBL1	9606.ENSP00000341779	9606.ENSP00000362768	0	0	0	0	0.075	0.097	0.900	0.160	0.920
PTEN	SIRT1	9606.ENSP00000361021	9606.ENSP00000212015	0	0	0	0	0.191	0.103	0	0.692	0.757
PTEN	TSC2	9606.ENSP00000361021	9606.ENSP00000219476	0	0	0	0	0	0	0	0.889	0.889
PTEN	TGFB1	9606.ENSP00000361021	9606.ENSP00000221930	0	0	0	0	0.103	0.045	0	0.639	0.664
PTEN	SERPINE1	9606.ENSP00000361021	9606.ENSP00000223095	0	0	0	0	0	0	0	0.407	0.407
PTEN	RBL2	9606.ENSP00000361021	9606.ENSP00000262133	0	0	0	0	0.120	0	0	0.400	0.449
PTEN	SMAD2	9606.ENSP00000361021	9606.ENSP00000262160	0	0	0	0	0.074	0.067	0	0.608	0.632
PTEN	RHEB	9606.ENSP00000361021	9606.ENSP00000262187	0	0	0	0	0.059	0.099	0	0.788	0.805
PTEN	UBE2S	9606.ENSP00000361021	9606.ENSP00000264552	0	0	0	0	0.055	0.323	0	0.288	0.505
PTEN	STAT3	9606.ENSP00000361021	9606.ENSP00000264657	0	0	0	0	0.086	0	0	0.784	0.794
PTEN	RB1	9606.ENSP00000361021	9606.ENSP00000267163	0	0	0	0	0.105	0	0	0.715	0.734
PTEN	TP53	9606.ENSP00000361021	9606.ENSP00000269305	0	0	0	0	0.067	0.748	0.900	0.968	0.999
PTEN	RPS27A	9606.ENSP00000361021	9606.ENSP00000272317	0	0	0	0	0.042	0.467	0.500	0.146	0.752
PTEN	TERF1	9606.ENSP00000361021	9606.ENSP00000276603	0	0	0	0	0	0	0	0.469	0.469
PTEN	TSC1	9606.ENSP00000361021	9606.ENSP00000298552	0	0	0	0	0	0.113	0	0.785	0.801
PTEN	SUZ12	9606.ENSP00000361021	9606.ENSP00000316578	0	0	0	0	0.067	0.047	0	0.400	0.419
PTEN	SP1	9606.ENSP00000361021	9606.ENSP00000329357	0	0	0	0	0.064	0.067	0	0.400	0.430
PTEN	TNRC6C	9606.ENSP00000361021	9606.ENSP00000336783	0	0	0	0	0	0.067	0.500	0.069	0.527
PTEN	TGFBR2	9606.ENSP00000361021	9606.ENSP00000351905	0	0	0	0	0.076	0.092	0	0.585	0.622
PTEN	RBBP4	9606.ENSP00000361021	9606.ENSP00000362592	0	0	0	0	0.079	0.050	0	0.384	0.413
PTEN	SQSTM1	9606.ENSP00000361021	9606.ENSP00000374455	0	0	0	0	0	0	0	0.466	0.466
PTEN	RPS6KA2	9606.ENSP00000361021	9606.ENSP00000422435	0	0	0	0	0.110	0	0	0.437	0.477
PTEN	TGFBR1	9606.ENSP00000361021	9606.ENSP00000447297	0	0	0	0	0.049	0.092	0	0.454	0.487
PTEN	RPS6KA3	9606.ENSP00000361021	9606.ENSP00000368884	0	0	0	0	0.117	0	0	0.456	0.499
PTEN	UBA52	9606.ENSP00000361021	9606.ENSP00000388107	0	0	0	0	0.047	0.113	0.500	0.081	0.559
PTEN	RPS6KA1	9606.ENSP00000361021	9606.ENSP00000435412	0	0	0	0	0.113	0	0	0.528	0.564
PTEN	UBB	9606.ENSP00000361021	9606.ENSP00000478771	0	0	0	0	0	0.125	0.500	0.152	0.596
PTEN	TNRC6B	9606.ENSP00000361021	9606.ENSP00000401946	0	0	0	0	0.072	0.093	0.500	0.187	0.612
PTEN	TNRC6A	9606.ENSP00000361021	9606.ENSP00000379144	0	0	0	0	0	0	0.500	0.257	0.612
PTEN	RELA	9606.ENSP00000361021	9606.ENSP00000384273	0	0	0	0	0	0.072	0	0.631	0.642
PTEN	TXN	9606.ENSP00000361021	9606.ENSP00000363641	0	0	0	0	0.057	0.072	0	0.644	0.661
PTEN	RAF1	9606.ENSP00000361021	9606.ENSP00000401888	0	0	0	0	0.073	0.092	0	0.629	0.661
PTEN	UBC	9606.ENSP00000361021	9606.ENSP00000441543	0	0	0	0	0.042	0.354	0.500	0.185	0.714
RAD1	TP53	9606.ENSP00000371469	9606.ENSP00000269305	0	0	0	0	0.087	0	0.400	0.292	0.578
RAD1	RAD9A	9606.ENSP00000371469	9606.ENSP00000311360	0	0	0	0	0.060	0.997	0.900	0.922	0.999
RAD1	RAD50	9606.ENSP00000371469	9606.ENSP00000368100	0	0	0	0	0.054	0	0.500	0.146	0.560
RAD1	RAD9B	9606.ENSP00000371469	9606.ENSP00000376440	0	0	0	0	0	0.836	0.900	0.347	0.988
RAD50	TERF2	9606.ENSP00000368100	9606.ENSP00000254942	0	0	0	0	0.056	0.832	0.500	0.180	0.926
RAD50	TINF2	9606.ENSP00000368100	9606.ENSP00000267415	0	0	0	0	0	0.045	0.500	0.063	0.513
RAD50	TP53	9606.ENSP00000368100	9606.ENSP00000269305	0	0	0	0	0.078	0.253	0.500	0.256	0.709
RAD50	RPS27A	9606.ENSP00000368100	9606.ENSP00000272317	0	0	0	0	0.047	0	0.500	0	0.503
RAD50	TERF1	9606.ENSP00000368100	9606.ENSP00000276603	0	0	0	0	0.067	0.292	0.500	0.178	0.692
RAD50	TERF2IP	9606.ENSP00000368100	9606.ENSP00000300086	0	0	0	0	0.049	0.783	0.500	0.146	0.900
RAD50	RAD9A	9606.ENSP00000368100	9606.ENSP00000311360	0	0	0	0	0	0	0.500	0.255	0.612
RAD50	UBB	9606.ENSP00000368100	9606.ENSP00000478771	0	0	0	0	0	0	0.500	0	0.499
RAD50	UBC	9606.ENSP00000368100	9606.ENSP00000441543	0	0	0	0	0	0	0.500	0.074	0.517
RAD50	RAD9B	9606.ENSP00000368100	9606.ENSP00000376440	0	0	0	0	0	0	0.500	0.091	0.526
RAD50	UBA52	9606.ENSP00000368100	9606.ENSP00000388107	0.042	0	0	0	0	0	0.500	0.147	0.555
RAD9A	TP53	9606.ENSP00000311360	9606.ENSP00000269305	0	0	0	0	0.057	0	0.400	0.697	0.813
RAD9A	RAD9B	9606.ENSP00000311360	9606.ENSP00000376440	0	0	0.115	0.843	0	0	0.900	0.166	0.919
RAD9B	TP53	9606.ENSP00000376440	9606.ENSP00000269305	0	0	0	0	0.055	0	0.400	0.116	0.455
RAF1	TSC2	9606.ENSP00000401888	9606.ENSP00000219476	0	0	0	0	0.138	0.046	0	0.629	0.669
RAF1	RRAS	9606.ENSP00000401888	9606.ENSP00000246792	0	0	0	0	0.074	0.717	0.900	0.729	0.991
RAF1	RRAS2	9606.ENSP00000401888	9606.ENSP00000256196	0	0	0	0	0.074	0.707	0.900	0.542	0.985
RAF1	RHEB	9606.ENSP00000401888	9606.ENSP00000262187	0	0	0	0	0.079	0.754	0	0.503	0.877
RAF1	STAT3	9606.ENSP00000401888	9606.ENSP00000264657	0	0	0	0	0.080	0.096	0	0.736	0.762
RAF1	RB1	9606.ENSP00000401888	9606.ENSP00000267163	0	0	0	0	0.042	0.785	0	0.211	0.824
RAF1	TP53	9606.ENSP00000401888	9606.ENSP00000269305	0	0	0	0	0.081	0	0	0.588	0.605
RAF1	RPS27A	9606.ENSP00000401888	9606.ENSP00000272317	0	0	0	0	0.047	0.092	0.400	0.051	0.441
RAF1	TSC1	9606.ENSP00000401888	9606.ENSP00000298552	0	0	0	0	0.072	0.270	0	0.225	0.429
RAF1	VDAC1	9606.ENSP00000401888	9606.ENSP00000378487	0	0	0	0	0.067	0.298	0	0.590	0.708
RAF1	RELA	9606.ENSP00000401888	9606.ENSP00000384273	0	0	0	0	0.101	0.098	0.900	0.186	0.925
RAF1	UBA52	9606.ENSP00000401888	9606.ENSP00000388107	0	0	0	0	0.075	0	0.400	0.062	0.434
RAF1	UBB	9606.ENSP00000401888	9606.ENSP00000478771	0	0	0	0	0.060	0.092	0.400	0.051	0.448
RAF1	UBC	9606.ENSP00000401888	9606.ENSP00000441543	0	0	0	0	0.060	0.092	0.400	0.100	0.477
RASSF5	RRAS	9606.ENSP00000462099	9606.ENSP00000246792	0	0	0	0	0	0.313	0.900	0.621	0.971
RASSF5	RRAS2	9606.ENSP00000462099	9606.ENSP00000256196	0	0	0	0	0	0.070	0.900	0.231	0.922
RB1	SIRT1	9606.ENSP00000267163	9606.ENSP00000212015	0	0	0	0	0.049	0.510	0.540	0.264	0.821
RB1	RBL2	9606.ENSP00000267163	9606.ENSP00000262133	0	0	0	0.641	0.075	0.099	0.900	0.464	0.949
RB1	UBN1	9606.ENSP00000267163	9606.ENSP00000262376	0	0	0	0	0.103	0	0.400	0.080	0.461
RB1	UBE2S	9606.ENSP00000267163	9606.ENSP00000264552	0	0	0	0	0.049	0	0.500	0.165	0.568
RB1	STAT3	9606.ENSP00000267163	9606.ENSP00000264657	0	0	0	0	0.056	0.292	0	0.363	0.537
RB1	UBA52	9606.ENSP00000267163	9606.ENSP00000388107	0	0	0	0	0	0	0.500	0	0.499
RB1	UBE2D1	9606.ENSP00000267163	9606.ENSP00000363019	0	0	0	0	0.047	0	0.500	0.085	0.525
RB1	UBC	9606.ENSP00000267163	9606.ENSP00000441543	0	0	0	0	0.055	0.070	0.500	0.100	0.551
RB1	UBB	9606.ENSP00000267163	9606.ENSP00000478771	0	0	0	0	0.055	0.070	0.500	0.100	0.551
RB1	UBE2E1	9606.ENSP00000267163	9606.ENSP00000303709	0	0	0	0	0.102	0	0.500	0.085	0.553
RB1	RPS27A	9606.ENSP00000267163	9606.ENSP00000272317	0	0	0	0	0.075	0.070	0.500	0.098	0.560
RB1	UBE2C	9606.ENSP00000267163	9606.ENSP00000348838	0	0	0	0	0.042	0	0.500	0.157	0.561
RB1	SP1	9606.ENSP00000267163	9606.ENSP00000329357	0	0	0	0	0.049	0.636	0	0.283	0.730
RB1	SUZ12	9606.ENSP00000267163	9606.ENSP00000316578	0	0	0	0	0.111	0	0.360	0.587	0.744
RB1	RBBP7	9606.ENSP00000267163	9606.ENSP00000369424	0	0	0	0	0.086	0.796	0	0.320	0.862
RB1	RBL1	9606.ENSP00000267163	9606.ENSP00000362768	0	0	0	0.645	0.075	0.095	0.900	0.193	0.923
RB1	TP53	9606.ENSP00000267163	9606.ENSP00000269305	0	0	0	0	0.064	0.510	0	0.872	0.936
RB1	RBBP4	9606.ENSP00000267163	9606.ENSP00000362592	0	0	0	0	0.092	0.861	0	0.611	0.947
RB1	TFDP2	9606.ENSP00000267163	9606.ENSP00000420616	0	0	0	0	0.087	0.834	0.900	0.258	0.987
RB1	TFDP1	9606.ENSP00000267163	9606.ENSP00000364519	0	0	0	0	0.151	0.985	0.900	0.331	0.999
RBBP4	SIRT1	9606.ENSP00000362592	9606.ENSP00000212015	0	0	0	0	0.073	0.163	0	0.552	0.622
RBBP4	RBL2	9606.ENSP00000362592	9606.ENSP00000262133	0	0	0	0	0.110	0.526	0.500	0.802	0.952
RBBP4	STAT3	9606.ENSP00000362592	9606.ENSP00000264657	0	0	0	0	0.043	0	0	0.434	0.435
RBBP4	TP53	9606.ENSP00000362592	9606.ENSP00000269305	0	0	0	0	0.047	0.157	0.500	0.370	0.713
RBBP4	RPS27A	9606.ENSP00000362592	9606.ENSP00000272317	0	0	0	0	0.073	0.507	0	0.047	0.526
RBBP4	UBE2E1	9606.ENSP00000362592	9606.ENSP00000303709	0	0	0	0	0.098	0.045	0	0.391	0.430
RBBP4	SUZ12	9606.ENSP00000362592	9606.ENSP00000316578	0	0	0	0	0.067	0.996	0.900	0.997	0.999
RBBP4	SP1	9606.ENSP00000362592	9606.ENSP00000329357	0	0	0	0	0.084	0.356	0	0.144	0.451
RBBP4	TNRC6C	9606.ENSP00000362592	9606.ENSP00000336783	0	0	0	0	0.067	0.077	0.500	0.047	0.535
RBBP4	RNF2	9606.ENSP00000362592	9606.ENSP00000356480	0	0	0	0	0.056	0.091	0.900	0.543	0.955
RBBP4	UBC	9606.ENSP00000362592	9606.ENSP00000441543	0	0	0	0	0.092	0.432	0	0.079	0.484
RBBP4	TNRC6A	9606.ENSP00000362592	9606.ENSP00000379144	0	0	0	0	0.042	0	0.500	0	0.500
RBBP4	UBA52	9606.ENSP00000362592	9606.ENSP00000388107	0	0	0	0	0.056	0.507	0	0	0.514
RBBP4	TNRC6B	9606.ENSP00000362592	9606.ENSP00000401946	0	0	0	0	0.102	0.092	0.500	0.068	0.569
RBBP4	TFDP2	9606.ENSP00000362592	9606.ENSP00000420616	0	0	0	0	0.133	0.180	0.500	0.256	0.700
RBBP4	TFDP1	9606.ENSP00000362592	9606.ENSP00000364519	0	0	0	0	0.139	0.147	0.500	0.351	0.730
RBBP4	RBL1	9606.ENSP00000362592	9606.ENSP00000362768	0	0	0	0	0.115	0.382	0.500	0.250	0.768
RBBP4	RING1	9606.ENSP00000362592	9606.ENSP00000363787	0	0	0	0	0.063	0.087	0.900	0.546	0.956
RBBP4	RBBP7	9606.ENSP00000362592	9606.ENSP00000369424	0	0	0.048	0.984	0.537	0.883	0.900	0.982	0.999
RBBP7	SIRT1	9606.ENSP00000369424	9606.ENSP00000212015	0	0	0	0	0.112	0.163	0	0.575	0.657
RBBP7	RBL2	9606.ENSP00000369424	9606.ENSP00000262133	0	0	0	0	0.114	0.290	0	0.338	0.548
RBBP7	UBN1	9606.ENSP00000369424	9606.ENSP00000262376	0	0	0	0	0	0.198	0	0.311	0.424
RBBP7	TP53	9606.ENSP00000369424	9606.ENSP00000269305	0	0	0	0	0	0.160	0.500	0.305	0.682
RBBP7	RPS27A	9606.ENSP00000369424	9606.ENSP00000272317	0	0	0	0	0.081	0.429	0	0.047	0.456
RBBP7	SUZ12	9606.ENSP00000369424	9606.ENSP00000316578	0	0	0	0	0.068	0.970	0.900	0.997	0.999
RBBP7	SP1	9606.ENSP00000369424	9606.ENSP00000329357	0	0	0	0	0.056	0.356	0	0.151	0.439
RBBP7	TNRC6C	9606.ENSP00000369424	9606.ENSP00000336783	0	0	0	0	0.067	0.077	0.500	0.065	0.543
RBBP7	RNF2	9606.ENSP00000369424	9606.ENSP00000356480	0	0	0	0	0.049	0.091	0.900	0.538	0.954
RBBP7	RBL1	9606.ENSP00000369424	9606.ENSP00000362768	0	0	0	0	0.109	0.290	0	0.239	0.477
RBBP7	RING1	9606.ENSP00000369424	9606.ENSP00000363787	0	0	0	0	0.068	0.087	0.900	0.583	0.959
RBBP7	TFDP1	9606.ENSP00000369424	9606.ENSP00000364519	0	0	0	0	0.139	0.091	0.500	0.222	0.655
RBBP7	UBC	9606.ENSP00000369424	9606.ENSP00000441543	0	0	0	0	0.081	0.429	0	0.042	0.453
RBBP7	TNRC6A	9606.ENSP00000369424	9606.ENSP00000379144	0	0	0	0	0.042	0	0.500	0	0.500
RBBP7	UBA52	9606.ENSP00000369424	9606.ENSP00000388107	0	0	0	0	0.049	0.500	0	0	0.504
RBBP7	TNRC6B	9606.ENSP00000369424	9606.ENSP00000401946	0	0	0	0	0	0.092	0.500	0.068	0.539
RBBP7	TFDP2	9606.ENSP00000369424	9606.ENSP00000420616	0	0	0	0	0.126	0.091	0.500	0.166	0.624
RBL1	RBL2	9606.ENSP00000362768	9606.ENSP00000262133	0	0	0.064	0.944	0.057	0.520	0.900	0.399	0.969
RBL1	SMAD2	9606.ENSP00000362768	9606.ENSP00000262160	0	0	0	0	0.067	0	0.900	0.203	0.919
RBL1	TP53	9606.ENSP00000362768	9606.ENSP00000269305	0	0	0	0	0.043	0	0.500	0.202	0.584
RBL1	TFDP2	9606.ENSP00000362768	9606.ENSP00000420616	0	0	0	0	0.092	0.771	0.900	0.243	0.982
RBL1	TFDP1	9606.ENSP00000362768	9606.ENSP00000364519	0	0	0	0	0.111	0.954	0.900	0.298	0.996
RBL2	UBA52	9606.ENSP00000262133	9606.ENSP00000388107	0	0	0	0	0	0	0.500	0	0.499
RBL2	RPS27A	9606.ENSP00000262133	9606.ENSP00000272317	0	0	0	0	0.081	0.070	0.500	0.098	0.563
RBL2	UBB	9606.ENSP00000262133	9606.ENSP00000478771	0	0	0	0	0.060	0.111	0.500	0.102	0.574
RBL2	UBC	9606.ENSP00000262133	9606.ENSP00000441543	0	0	0	0	0.057	0.111	0.500	0.119	0.582
RBL2	TP53	9606.ENSP00000262133	9606.ENSP00000269305	0	0	0	0	0.042	0	0.500	0.541	0.760
RBL2	TFDP1	9606.ENSP00000262133	9606.ENSP00000364519	0	0	0	0	0.087	0.566	0.900	0.640	0.983
RBL2	TFDP2	9606.ENSP00000262133	9606.ENSP00000420616	0	0	0	0	0.087	0.768	0.900	0.312	0.983
RELA	SIRT1	9606.ENSP00000384273	9606.ENSP00000212015	0	0	0	0	0.049	0.646	0.900	0.890	0.995
RELA	TGFB1	9606.ENSP00000384273	9606.ENSP00000221930	0	0	0	0	0.140	0.045	0	0.422	0.484
RELA	UBE2S	9606.ENSP00000384273	9606.ENSP00000264552	0	0	0	0	0.070	0.075	0.500	0.170	0.595
RELA	STAT3	9606.ENSP00000384273	9606.ENSP00000264657	0	0	0	0	0.171	0.793	0	0.959	0.992
RELA	TP53	9606.ENSP00000384273	9606.ENSP00000269305	0	0	0	0	0.126	0.450	0	0.914	0.955
RELA	RPS27A	9606.ENSP00000384273	9606.ENSP00000272317	0	0	0	0	0.049	0.712	0.500	0.105	0.861
RELA	UBE2E1	9606.ENSP00000384273	9606.ENSP00000303709	0	0	0	0	0.055	0.317	0.500	0.107	0.673
RELA	SUZ12	9606.ENSP00000384273	9606.ENSP00000316578	0	0	0	0	0.067	0.292	0	0.220	0.439
RELA	SP1	9606.ENSP00000384273	9606.ENSP00000329357	0	0	0	0	0.060	0.876	0	0.631	0.953
RELA	UBE2C	9606.ENSP00000384273	9606.ENSP00000348838	0	0	0	0	0.062	0.317	0.500	0.084	0.667
RELA	VENTX	9606.ENSP00000384273	9606.ENSP00000357556	0	0	0	0	0.047	0.052	0.500	0	0.508
RELA	UBE2D1	9606.ENSP00000384273	9606.ENSP00000363019	0	0	0	0	0.069	0.317	0.500	0.182	0.705
RELA	SQSTM1	9606.ENSP00000384273	9606.ENSP00000374455	0	0	0	0	0.062	0.610	0.500	0.576	0.912
RELA	UBA52	9606.ENSP00000384273	9606.ENSP00000388107	0	0	0	0	0	0.047	0.500	0.066	0.516
RELA	UBB	9606.ENSP00000384273	9606.ENSP00000478771	0	0	0	0	0	0.098	0.500	0.101	0.559
RELA	UBC	9606.ENSP00000384273	9606.ENSP00000441543	0	0	0	0	0.057	0.334	0.500	0.184	0.709
RHEB	TSC2	9606.ENSP00000262187	9606.ENSP00000219476	0	0	0	0	0.047	0.934	0.900	0.996	0.999
RHEB	SQSTM1	9606.ENSP00000262187	9606.ENSP00000374455	0	0	0	0	0.067	0.070	0	0.447	0.478
RHEB	TP53	9606.ENSP00000262187	9606.ENSP00000269305	0	0	0	0	0.051	0	0	0.480	0.485
RHEB	UBC	9606.ENSP00000262187	9606.ENSP00000441543	0	0	0	0	0.086	0.099	0	0.452	0.510
RHEB	RPS6KA2	9606.ENSP00000262187	9606.ENSP00000422435	0	0	0	0	0.047	0.062	0	0.507	0.520
RHEB	RPS6KA3	9606.ENSP00000262187	9606.ENSP00000368884	0	0	0	0	0.065	0.062	0	0.507	0.530
RHEB	RPS6KA1	9606.ENSP00000262187	9606.ENSP00000435412	0	0	0	0	0.052	0.062	0	0.630	0.642
RHEB	TSC1	9606.ENSP00000262187	9606.ENSP00000298552	0.042	0	0	0	0.056	0.805	0.900	0.976	0.999
RING1	UBE2S	9606.ENSP00000363787	9606.ENSP00000264552	0	0	0	0	0.042	0.071	0.900	0.604	0.960
RING1	TP53	9606.ENSP00000363787	9606.ENSP00000269305	0	0	0	0	0	0.510	0.500	0.323	0.819
RING1	UBE2E1	9606.ENSP00000363787	9606.ENSP00000303709	0	0	0	0	0.061	0.381	0	0.350	0.589
RING1	SUZ12	9606.ENSP00000363787	9606.ENSP00000316578	0	0	0	0	0.057	0	0.900	0.873	0.987
RING1	TNRC6C	9606.ENSP00000363787	9606.ENSP00000336783	0	0	0	0	0	0.058	0.500	0	0.508
RING1	UBE2C	9606.ENSP00000363787	9606.ENSP00000348838	0	0	0	0	0.047	0.071	0.900	0.125	0.912
RING1	RNF2	9606.ENSP00000363787	9606.ENSP00000356480	0	0	0.060	0.955	0	0.880	0.900	0.983	0.999
RING1	UBE2D1	9606.ENSP00000363787	9606.ENSP00000363019	0	0	0	0	0.052	0.439	0	0.394	0.650
RING1	TNRC6A	9606.ENSP00000363787	9606.ENSP00000379144	0	0	0	0	0	0	0.500	0	0.499
RING1	TNRC6B	9606.ENSP00000363787	9606.ENSP00000401946	0	0	0	0	0	0	0.500	0	0.499
RING1	TFDP2	9606.ENSP00000363787	9606.ENSP00000420616	0	0	0	0	0	0.046	0.500	0.072	0.519
RING1	TFDP1	9606.ENSP00000363787	9606.ENSP00000364519	0	0	0	0	0	0.308	0.500	0.456	0.795
RNF2	UBE2S	9606.ENSP00000356480	9606.ENSP00000264552	0	0	0	0	0	0.071	0.900	0.224	0.921
RNF2	TP53	9606.ENSP00000356480	9606.ENSP00000269305	0	0	0	0	0	0.510	0.500	0.378	0.834
RNF2	UBE2E1	9606.ENSP00000356480	9606.ENSP00000303709	0	0	0	0	0.049	0.603	0	0.571	0.824
RNF2	SUZ12	9606.ENSP00000356480	9606.ENSP00000316578	0	0	0	0	0.050	0.292	0.900	0.994	0.999
RNF2	TNRC6C	9606.ENSP00000356480	9606.ENSP00000336783	0	0	0	0	0	0.058	0.500	0	0.508
RNF2	UBE2C	9606.ENSP00000356480	9606.ENSP00000348838	0	0	0	0	0.042	0.071	0.900	0.085	0.907
RNF2	TNRC6B	9606.ENSP00000356480	9606.ENSP00000401946	0	0	0	0	0	0	0.500	0	0.499
RNF2	TFDP2	9606.ENSP00000356480	9606.ENSP00000420616	0	0	0	0	0.048	0.225	0.500	0.100	0.623
RNF2	TNRC6A	9606.ENSP00000356480	9606.ENSP00000379144	0	0	0	0	0	0	0.500	0.392	0.683
RNF2	TFDP1	9606.ENSP00000356480	9606.ENSP00000364519	0	0	0	0	0	0.363	0.500	0.152	0.706
RNF2	UBE2D1	9606.ENSP00000356480	9606.ENSP00000363019	0	0	0	0	0.065	0.450	0	0.622	0.789
RPS27A	TGFB1	9606.ENSP00000272317	9606.ENSP00000221930	0	0	0	0	0	0	0.500	0.149	0.556
RPS27A	SMAD2	9606.ENSP00000272317	9606.ENSP00000262160	0	0	0	0	0.049	0.327	0.500	0.116	0.679
RPS27A	UBE2S	9606.ENSP00000272317	9606.ENSP00000264552	0	0	0	0	0.055	0.913	0.500	0.367	0.970
RPS27A	TP53	9606.ENSP00000272317	9606.ENSP00000269305	0	0	0	0	0	0.923	0.500	0.324	0.971
RPS27A	SUZ12	9606.ENSP00000272317	9606.ENSP00000316578	0	0	0	0	0.066	0.507	0	0.057	0.527
RPS27A	TGFBR2	9606.ENSP00000272317	9606.ENSP00000351905	0	0	0	0	0	0.092	0.500	0.083	0.547
RPS27A	TGFBR1	9606.ENSP00000272317	9606.ENSP00000447297	0	0	0	0	0	0.092	0.500	0.104	0.557
RPS27A	VDAC1	9606.ENSP00000272317	9606.ENSP00000378487	0	0	0	0	0.063	0.056	0.500	0.157	0.578
RPS27A	UBE2E1	9606.ENSP00000272317	9606.ENSP00000303709	0	0	0	0	0.077	0.469	0.500	0.199	0.777
RPS27A	UBE2C	9606.ENSP00000272317	9606.ENSP00000348838	0	0	0	0	0.087	0.500	0.500	0.252	0.806
RPS27A	SQSTM1	9606.ENSP00000272317	9606.ENSP00000374455	0	0	0	0	0.069	0.813	0.900	0.488	0.989
RPS27A	UBE2D1	9606.ENSP00000272317	9606.ENSP00000363019	0	0	0	0	0.064	0.970	0.500	0.580	0.993
RPS27A	UBB	9606.ENSP00000272317	9606.ENSP00000478771	0	0	0.061	0.930	0.171	0.983	0.900	0.098	0.998
RPS27A	UBC	9606.ENSP00000272317	9606.ENSP00000441543	0	0	0	0.931	0.163	0.986	0.900	0.063	0.998
RPS27A	UBA52	9606.ENSP00000272317	9606.ENSP00000388107	0	0	0.060	0.950	0.966	0.997	0.900	0.470	0.999
RPS6KA1	TSC2	9606.ENSP00000435412	9606.ENSP00000219476	0	0	0	0	0.050	0.522	0.900	0.776	0.988
RPS6KA1	TGFB1	9606.ENSP00000435412	9606.ENSP00000221930	0	0	0	0	0.072	0	0	0.520	0.535
RPS6KA1	TERF2	9606.ENSP00000435412	9606.ENSP00000254942	0	0	0	0	0.044	0	0	0.406	0.408
RPS6KA1	STAT3	9606.ENSP00000435412	9606.ENSP00000264657	0	0	0	0	0.074	0.292	0	0.447	0.606
RPS6KA1	TP53	9606.ENSP00000435412	9606.ENSP00000269305	0	0	0	0	0.042	0.292	0	0.576	0.687
RPS6KA1	TSC1	9606.ENSP00000435412	9606.ENSP00000298552	0	0	0	0	0.047	0.310	0.900	0.591	0.969
RPS6KA1	RPS6KA3	9606.ENSP00000435412	9606.ENSP00000368884	0	0	0.051	0.979	0.049	0.836	0.500	0.118	0.922
RPS6KA1	SQSTM1	9606.ENSP00000435412	9606.ENSP00000374455	0	0	0	0	0.042	0	0	0.574	0.575
RPS6KA1	RPS6KA2	9606.ENSP00000435412	9606.ENSP00000422435	0	0	0.051	0.978	0	0.836	0.500	0.057	0.916
RPS6KA2	TSC2	9606.ENSP00000422435	9606.ENSP00000219476	0	0	0	0	0.042	0.066	0.900	0.608	0.960
RPS6KA2	TP53	9606.ENSP00000422435	9606.ENSP00000269305	0	0	0	0	0	0.230	0	0.425	0.538
RPS6KA2	TSC1	9606.ENSP00000422435	9606.ENSP00000298552	0	0	0	0	0	0.066	0.900	0.450	0.944
RPS6KA2	RPS6KA3	9606.ENSP00000422435	9606.ENSP00000368884	0	0	0.050	0.980	0	0.788	0.500	0.055	0.892
RPS6KA3	TSC2	9606.ENSP00000368884	9606.ENSP00000219476	0	0	0	0	0.049	0.066	0.900	0.611	0.960
RPS6KA3	STAT3	9606.ENSP00000368884	9606.ENSP00000264657	0	0	0	0	0.059	0.292	0	0.375	0.547
RPS6KA3	TP53	9606.ENSP00000368884	9606.ENSP00000269305	0	0	0	0	0	0.292	0	0.484	0.619
RPS6KA3	TSC1	9606.ENSP00000368884	9606.ENSP00000298552	0	0	0	0	0.049	0.066	0.900	0.449	0.944
RRAS	TRPV4	9606.ENSP00000246792	9606.ENSP00000406191	0	0	0	0	0.083	0	0	0.407	0.433
RRAS	RRAS2	9606.ENSP00000246792	9606.ENSP00000256196	0	0	0.058	0.964	0.042	0	0.900	0.072	0.905
SERPINE1	SIRT1	9606.ENSP00000223095	9606.ENSP00000212015	0	0	0	0	0	0	0	0.457	0.457
SERPINE1	TGFB1	9606.ENSP00000223095	9606.ENSP00000221930	0	0	0	0	0.131	0	0	0.777	0.798
SERPINE1	SP1	9606.ENSP00000223095	9606.ENSP00000329357	0	0	0	0	0	0.045	0	0.487	0.489
SERPINE1	TGFB3	9606.ENSP00000223095	9606.ENSP00000238682	0	0	0	0	0.057	0	0	0.507	0.515
SERPINE1	STAT3	9606.ENSP00000223095	9606.ENSP00000264657	0	0	0	0	0.058	0	0	0.508	0.517
SERPINE1	TP53	9606.ENSP00000223095	9606.ENSP00000269305	0	0	0	0	0	0	0	0.593	0.593
SERPINE1	TGFBR2	9606.ENSP00000223095	9606.ENSP00000351905	0	0	0	0	0.086	0	0	0.579	0.599
SERPINE1	TGFBR1	9606.ENSP00000223095	9606.ENSP00000447297	0	0	0	0	0	0	0	0.623	0.623
SERPINE1	TGFB2	9606.ENSP00000223095	9606.ENSP00000355896	0	0	0	0	0.088	0	0	0.763	0.774
SERPINE1	SMAD2	9606.ENSP00000223095	9606.ENSP00000262160	0	0	0	0	0	0.047	0.500	0.703	0.846
SIRT1	TERF1	9606.ENSP00000212015	9606.ENSP00000276603	0	0	0	0	0.072	0	0	0.380	0.400
SIRT1	SP1	9606.ENSP00000212015	9606.ENSP00000329357	0	0	0	0	0.074	0.050	0	0.377	0.404
SIRT1	TSC1	9606.ENSP00000212015	9606.ENSP00000298552	0	0	0	0	0.049	0	0	0.422	0.427
SIRT1	VDAC1	9606.ENSP00000212015	9606.ENSP00000378487	0	0	0	0	0	0	0	0.431	0.431
SIRT1	SMAD2	9606.ENSP00000212015	9606.ENSP00000262160	0	0	0	0	0.102	0	0	0.470	0.504
SIRT1	TGFB1	9606.ENSP00000212015	9606.ENSP00000221930	0	0	0	0	0	0	0	0.594	0.594
SIRT1	TXN	9606.ENSP00000212015	9606.ENSP00000363641	0	0	0	0	0	0	0	0.595	0.595
SIRT1	SQSTM1	9606.ENSP00000212015	9606.ENSP00000374455	0	0	0	0	0	0	0	0.707	0.707
SIRT1	STAT3	9606.ENSP00000212015	9606.ENSP00000264657	0	0	0	0	0	0.510	0	0.642	0.817
SIRT1	TSC2	9606.ENSP00000212015	9606.ENSP00000219476	0	0	0	0	0	0.292	0	0.788	0.843
SIRT1	SUZ12	9606.ENSP00000212015	9606.ENSP00000316578	0	0	0	0	0.128	0.510	0.360	0.807	0.940
SIRT1	TP53	9606.ENSP00000212015	9606.ENSP00000269305	0	0	0	0	0	0.886	0.900	0.990	0.999
SLC25A31	SLC25A4	9606.ENSP00000281154	9606.ENSP00000281456	0	0	0.053	0.974	0	0	0.900	0.064	0.903
SLC25A31	SLC25A5	9606.ENSP00000281154	9606.ENSP00000360671	0	0	0.054	0.973	0	0	0.900	0.059	0.903
SLC25A31	SLC25A6	9606.ENSP00000281154	9606.ENSP00000370808	0	0	0.054	0.973	0	0	0.900	0.062	0.903
SLC25A31	VDAC3	9606.ENSP00000281154	9606.ENSP00000428845	0	0	0	0	0.133	0.078	0.933	0.261	0.955
SLC25A31	VDAC2	9606.ENSP00000281154	9606.ENSP00000361635	0	0	0	0	0.133	0.078	0.933	0.322	0.959
SLC25A31	VDAC1	9606.ENSP00000281154	9606.ENSP00000378487	0	0	0	0	0.133	0.078	0.933	0.361	0.961
SLC25A4	TP53	9606.ENSP00000281456	9606.ENSP00000269305	0	0	0	0	0.059	0	0	0.924	0.925
SLC25A4	SLC25A6	9606.ENSP00000281456	9606.ENSP00000370808	0	0	0.048	0.984	0.049	0.186	0.900	0.051	0.917
SLC25A4	VDAC2	9606.ENSP00000281456	9606.ENSP00000361635	0	0	0	0	0.161	0.078	0.938	0.458	0.970
SLC25A4	SLC25A5	9606.ENSP00000281456	9606.ENSP00000360671	0	0	0.048	0.984	0.067	0.687	0.900	0.386	0.979
SLC25A4	VDAC3	9606.ENSP00000281456	9606.ENSP00000428845	0	0	0	0	0.170	0.166	0.938	0.659	0.983
SLC25A4	VDAC1	9606.ENSP00000281456	9606.ENSP00000378487	0	0	0	0	0.171	0.198	0.938	0.704	0.986
SLC25A5	SLC25A6	9606.ENSP00000360671	9606.ENSP00000370808	0	0	0.048	0.985	0.246	0.626	0.900	0.053	0.969
SLC25A5	VDAC3	9606.ENSP00000360671	9606.ENSP00000428845	0	0	0	0	0.208	0.176	0.938	0.406	0.972
SLC25A5	VDAC2	9606.ENSP00000360671	9606.ENSP00000361635	0	0	0	0	0.381	0.254	0.938	0.698	0.990
SLC25A5	VDAC1	9606.ENSP00000360671	9606.ENSP00000378487	0	0	0	0	0.285	0.200	0.938	0.794	0.991
SLC25A6	VDAC2	9606.ENSP00000370808	9606.ENSP00000361635	0	0	0	0	0.161	0.078	0.938	0.879	0.993
SLC25A6	VDAC3	9606.ENSP00000370808	9606.ENSP00000428845	0	0	0	0	0.141	0.078	0.938	0.487	0.971
SLC25A6	VDAC1	9606.ENSP00000370808	9606.ENSP00000378487	0	0	0	0	0.148	0.355	0.938	0.929	0.997
SMAD2	TSC2	9606.ENSP00000262160	9606.ENSP00000219476	0	0	0	0	0.060	0.292	0	0.255	0.460
SMAD2	TGFB1	9606.ENSP00000262160	9606.ENSP00000221930	0	0	0	0	0.042	0.095	0.500	0.966	0.983
SMAD2	TGFB3	9606.ENSP00000262160	9606.ENSP00000238682	0	0	0	0	0	0.095	0	0.857	0.865
SMAD2	UBE2D1	9606.ENSP00000262160	9606.ENSP00000363019	0	0	0	0	0.069	0.050	0.400	0.150	0.489
SMAD2	TFDP2	9606.ENSP00000262160	9606.ENSP00000420616	0	0	0	0	0.044	0	0.500	0	0.501
SMAD2	UBA52	9606.ENSP00000262160	9606.ENSP00000388107	0	0	0	0	0.049	0.081	0.500	0	0.524
SMAD2	UBB	9606.ENSP00000262160	9606.ENSP00000478771	0	0	0	0	0.049	0.094	0.500	0	0.531
SMAD2	UBC	9606.ENSP00000262160	9606.ENSP00000441543	0	0	0	0	0.049	0.094	0.500	0.154	0.586
SMAD2	STAT3	9606.ENSP00000262160	9606.ENSP00000264657	0	0	0	0	0.118	0	0	0.663	0.690
SMAD2	TFDP1	9606.ENSP00000262160	9606.ENSP00000364519	0	0	0	0	0.042	0	0.900	0.129	0.909
SMAD2	TGFB2	9606.ENSP00000262160	9606.ENSP00000355896	0	0	0	0	0.084	0.095	0	0.935	0.941
SMAD2	SP1	9606.ENSP00000262160	9606.ENSP00000329357	0	0	0	0	0.049	0.636	0.500	0.791	0.959
SMAD2	TP53	9606.ENSP00000262160	9606.ENSP00000269305	0	0	0	0	0.083	0.797	0	0.966	0.993
SMAD2	TGFBR2	9606.ENSP00000262160	9606.ENSP00000351905	0	0	0	0	0.087	0.091	0.900	0.979	0.998
SMAD2	TGFBR1	9606.ENSP00000262160	9606.ENSP00000447297	0	0	0	0	0.113	0.841	0.900	0.998	0.999
SP1	TGFB1	9606.ENSP00000329357	9606.ENSP00000221930	0	0	0	0	0.042	0.045	0	0.458	0.460
SP1	STAT3	9606.ENSP00000329357	9606.ENSP00000264657	0	0	0	0	0.074	0.739	0	0.706	0.923
SP1	TP53	9606.ENSP00000329357	9606.ENSP00000269305	0	0	0	0	0.065	0.923	0	0.928	0.994
SP1	TNRC6A	9606.ENSP00000329357	9606.ENSP00000379144	0	0	0	0	0	0	0.500	0	0.499
SP1	TFDP2	9606.ENSP00000329357	9606.ENSP00000420616	0	0	0	0	0.042	0	0.500	0.057	0.509
SP1	TNRC6C	9606.ENSP00000329357	9606.ENSP00000336783	0	0	0	0	0.062	0.069	0.500	0.044	0.527
SP1	TFDP1	9606.ENSP00000329357	9606.ENSP00000364519	0	0	0	0	0.074	0	0.500	0.089	0.541
SP1	TNRC6B	9606.ENSP00000329357	9606.ENSP00000401946	0	0	0	0	0.075	0.096	0.500	0	0.545
SP1	TGFBR1	9606.ENSP00000329357	9606.ENSP00000447297	0	0.002	0	0	0.107	0.071	0	0.526	0.572
SQSTM1	TSC2	9606.ENSP00000374455	9606.ENSP00000219476	0	0	0	0	0.058	0	0	0.512	0.521
SQSTM1	TGFB1	9606.ENSP00000374455	9606.ENSP00000221930	0	0	0	0	0	0.130	0	0.580	0.618
SQSTM1	UBE2S	9606.ENSP00000374455	9606.ENSP00000264552	0	0	0	0	0.042	0	0	0.487	0.488
SQSTM1	STAT3	9606.ENSP00000374455	9606.ENSP00000264657	0	0	0	0	0.067	0	0.500	0.371	0.680
SQSTM1	TP53	9606.ENSP00000374455	9606.ENSP00000269305	0	0	0	0	0	0.776	0	0.579	0.901
SQSTM1	TGFBR2	9606.ENSP00000374455	9606.ENSP00000351905	0	0	0	0	0.062	0.334	0	0.481	0.648
SQSTM1	TGFB2	9606.ENSP00000374455	9606.ENSP00000355896	0	0	0	0	0	0	0	0.488	0.487
SQSTM1	UBA52	9606.ENSP00000374455	9606.ENSP00000388107	0	0	0	0	0.054	0.065	0.900	0.162	0.915
SQSTM1	UBB	9606.ENSP00000374455	9606.ENSP00000478771	0	0	0	0	0.122	0.218	0.900	0.278	0.943
SQSTM1	VDAC1	9606.ENSP00000374455	9606.ENSP00000378487	0	0	0	0	0.087	0.510	0.800	0.950	0.994
SQSTM1	UBC	9606.ENSP00000374455	9606.ENSP00000441543	0	0	0	0	0.133	0.994	0.900	0.480	0.999
STAT3	TSC2	9606.ENSP00000264657	9606.ENSP00000219476	0	0	0	0	0.074	0	0	0.445	0.464
STAT3	TGFB1	9606.ENSP00000264657	9606.ENSP00000221930	0	0	0	0	0.063	0.095	0.500	0.729	0.870
STAT3	TGFB3	9606.ENSP00000264657	9606.ENSP00000238682	0	0	0	0	0.049	0.064	0	0.415	0.434
STAT3	UBC	9606.ENSP00000264657	9606.ENSP00000441543	0	0	0	0	0.059	0.072	0	0.387	0.418
STAT3	TGFB2	9606.ENSP00000264657	9606.ENSP00000355896	0	0	0	0	0	0.064	0	0.489	0.501
STAT3	TFDP2	9606.ENSP00000264657	9606.ENSP00000420616	0	0	0	0	0.043	0	0.500	0.057	0.509
STAT3	TGFBR1	9606.ENSP00000264657	9606.ENSP00000447297	0	0	0	0	0.047	0.096	0	0.487	0.519
STAT3	TGFBR2	9606.ENSP00000264657	9606.ENSP00000351905	0	0	0	0	0.081	0.096	0	0.518	0.565
STAT3	SUZ12	9606.ENSP00000264657	9606.ENSP00000316578	0	0	0	0	0.042	0.292	0	0.414	0.568
STAT3	TXN	9606.ENSP00000264657	9606.ENSP00000363641	0	0	0	0	0.044	0.292	0	0.431	0.581
STAT3	TFDP1	9606.ENSP00000264657	9606.ENSP00000364519	0	0	0	0	0.042	0	0.500	0.310	0.640
STAT3	TP53	9606.ENSP00000264657	9606.ENSP00000269305	0	0	0	0	0.063	0.164	0.800	0.970	0.994
SUZ12	TP53	9606.ENSP00000316578	9606.ENSP00000269305	0	0	0	0	0	0.164	0.500	0.542	0.791
SUZ12	TNRC6A	9606.ENSP00000316578	9606.ENSP00000379144	0	0	0	0	0.042	0.044	0.500	0	0.502
SUZ12	UBA52	9606.ENSP00000316578	9606.ENSP00000388107	0	0	0	0	0.049	0.507	0	0	0.511
SUZ12	TFDP2	9606.ENSP00000316578	9606.ENSP00000420616	0	0	0	0	0.044	0	0.500	0.063	0.512
SUZ12	TNRC6C	9606.ENSP00000316578	9606.ENSP00000336783	0	0	0	0	0.075	0.045	0.500	0	0.520
SUZ12	TNRC6B	9606.ENSP00000316578	9606.ENSP00000401946	0	0	0	0	0.060	0.065	0.500	0	0.522
SUZ12	TFDP1	9606.ENSP00000316578	9606.ENSP00000364519	0	0	0	0	0.060	0	0.500	0.089	0.534
SUZ12	UBC	9606.ENSP00000316578	9606.ENSP00000441543	0	0	0	0	0	0.507	0	0.100	0.537
TERF1	TERF2	9606.ENSP00000276603	9606.ENSP00000254942	0	0	0	0.665	0	0.510	0.720	0.988	0.998
TERF1	TINF2	9606.ENSP00000276603	9606.ENSP00000267415	0	0	0	0	0	0.930	0.720	0.999	0.999
TERF1	TP53	9606.ENSP00000276603	9606.ENSP00000269305	0	0	0	0	0	0	0	0.573	0.573
TERF1	TERF2IP	9606.ENSP00000276603	9606.ENSP00000300086	0	0	0	0	0	0.829	0.720	0.997	0.999
TERF2	TP53	9606.ENSP00000254942	9606.ENSP00000269305	0	0	0	0	0.067	0	0	0.444	0.459
TERF2	TERF2IP	9606.ENSP00000254942	9606.ENSP00000300086	0	0	0	0	0.083	0.997	0.720	0.999	0.999
TERF2	TINF2	9606.ENSP00000254942	9606.ENSP00000267415	0	0	0	0	0.043	0.991	0.720	0.999	0.999
TERF2IP	TINF2	9606.ENSP00000300086	9606.ENSP00000267415	0	0	0	0	0.062	0.881	0.800	0.998	0.999
TFDP1	TP53	9606.ENSP00000364519	9606.ENSP00000269305	0	0	0	0	0.042	0.510	0.500	0.336	0.823
TFDP1	TNRC6C	9606.ENSP00000364519	9606.ENSP00000336783	0	0	0	0	0	0	0.500	0.174	0.569
TFDP1	TNRC6B	9606.ENSP00000364519	9606.ENSP00000401946	0	0	0	0	0	0	0.500	0	0.499
TFDP1	TNRC6A	9606.ENSP00000364519	9606.ENSP00000379144	0	0	0	0	0	0	0.500	0.066	0.513
TFDP1	TFDP2	9606.ENSP00000364519	9606.ENSP00000420616	0	0	0.060	0.959	0.084	0.229	0.900	0.076	0.927
TFDP2	TP53	9606.ENSP00000420616	9606.ENSP00000269305	0	0	0	0	0	0	0.500	0.204	0.584
TFDP2	TNRC6C	9606.ENSP00000420616	9606.ENSP00000336783	0	0	0	0	0.042	0	0.500	0	0.500
TFDP2	TNRC6A	9606.ENSP00000420616	9606.ENSP00000379144	0	0	0	0	0.042	0	0.500	0	0.500
TFDP2	TNRC6B	9606.ENSP00000420616	9606.ENSP00000401946	0	0	0	0	0.044	0	0.500	0	0.501
TGFB1	TSC2	9606.ENSP00000221930	9606.ENSP00000219476	0	0	0	0	0.049	0	0	0.531	0.534
TGFB1	TXN	9606.ENSP00000221930	9606.ENSP00000363641	0	0	0	0	0.059	0.162	0	0.359	0.450
TGFB1	UBB	9606.ENSP00000221930	9606.ENSP00000478771	0	0	0	0	0	0	0.500	0.096	0.529
TGFB1	UBA52	9606.ENSP00000221930	9606.ENSP00000388107	0	0	0	0	0.042	0	0.500	0.246	0.607
TGFB1	UBC	9606.ENSP00000221930	9606.ENSP00000441543	0	0	0	0	0.048	0	0.500	0.447	0.714
TGFB1	TP53	9606.ENSP00000221930	9606.ENSP00000269305	0	0	0	0	0.120	0.292	0	0.718	0.809
TGFB1	TGFB2	9606.ENSP00000221930	9606.ENSP00000355896	0	0	0	0.898	0	0.561	0.540	0.807	0.957
TGFB1	TGFB3	9606.ENSP00000221930	9606.ENSP00000238682	0	0	0	0.907	0.042	0	0.900	0.885	0.988
TGFB1	TGFBR1	9606.ENSP00000221930	9606.ENSP00000447297	0	0	0	0	0.042	0.979	0.900	0.999	0.999
TGFB1	TGFBR2	9606.ENSP00000221930	9606.ENSP00000351905	0	0	0	0	0.105	0.986	0.900	0.999	0.999
TGFB2	TSC2	9606.ENSP00000355896	9606.ENSP00000219476	0	0	0	0	0	0	0	0.439	0.439
TGFB2	TGFB3	9606.ENSP00000355896	9606.ENSP00000238682	0	0	0	0.950	0.118	0	0.540	0.843	0.930
TGFB2	TP53	9606.ENSP00000355896	9606.ENSP00000269305	0	0	0	0	0.051	0	0	0.491	0.496
TGFB2	TGFBR2	9606.ENSP00000355896	9606.ENSP00000351905	0	0	0	0	0.088	0.932	0	0.997	0.999
TGFB2	TGFBR1	9606.ENSP00000355896	9606.ENSP00000447297	0	0	0	0	0	0.350	0	0.997	0.998
TGFB3	TGFBR1	9606.ENSP00000238682	9606.ENSP00000447297	0	0	0	0	0	0.962	0.900	0.997	0.999
TGFB3	TGFBR2	9606.ENSP00000238682	9606.ENSP00000351905	0	0	0	0	0.049	0.984	0.900	0.997	0.999
TGFBR1	TP53	9606.ENSP00000447297	9606.ENSP00000269305	0	0	0	0	0.049	0	0	0.518	0.522
TGFBR1	TGFBR2	9606.ENSP00000447297	9606.ENSP00000351905	0	0	0	0.781	0.132	0.986	0.900	0.986	0.999
TGFBR1	UBA52	9606.ENSP00000447297	9606.ENSP00000388107	0	0	0	0	0.067	0	0.500	0.062	0.524
TGFBR1	UBC	9606.ENSP00000447297	9606.ENSP00000441543	0	0	0	0	0.060	0.092	0.500	0.120	0.574
TGFBR1	UBB	9606.ENSP00000447297	9606.ENSP00000478771	0	0	0	0	0.060	0.092	0.500	0.077	0.553
TGFBR2	TSC2	9606.ENSP00000351905	9606.ENSP00000219476	0	0	0	0	0	0.046	0	0.535	0.537
TGFBR2	TP53	9606.ENSP00000351905	9606.ENSP00000269305	0	0	0	0	0.042	0	0	0.618	0.618
TGFBR2	UBA52	9606.ENSP00000351905	9606.ENSP00000388107	0	0	0	0	0.067	0	0.500	0.062	0.524
TGFBR2	UBB	9606.ENSP00000351905	9606.ENSP00000478771	0	0	0	0	0	0.092	0.500	0.051	0.531
TGFBR2	UBC	9606.ENSP00000351905	9606.ENSP00000441543	0	0	0	0	0	0.092	0.500	0.127	0.569
TINF2	TP53	9606.ENSP00000267415	9606.ENSP00000269305	0	0	0	0	0.053	0.045	0	0.472	0.480
TNIK	TXN	9606.ENSP00000399511	9606.ENSP00000363641	0	0	0	0	0	0	0.400	0	0.400
TNRC6A	TP53	9606.ENSP00000379144	9606.ENSP00000269305	0	0	0	0	0	0	0.500	0.252	0.610
TNRC6A	TNRC6C	9606.ENSP00000379144	9606.ENSP00000336783	0	0	0	0.865	0.129	0.164	0.400	0.183	0.596
TNRC6A	VENTX	9606.ENSP00000379144	9606.ENSP00000357556	0	0	0	0	0	0	0.500	0	0.499
TNRC6A	TNRC6B	9606.ENSP00000379144	9606.ENSP00000401946	0	0	0	0.814	0.092	0.165	0.400	0.715	0.853
TNRC6B	TP53	9606.ENSP00000401946	9606.ENSP00000269305	0	0	0	0	0	0.164	0.500	0.147	0.612
TNRC6B	TNRC6C	9606.ENSP00000401946	9606.ENSP00000336783	0	0	0	0.782	0.064	0.165	0.400	0.205	0.577
TNRC6B	VENTX	9606.ENSP00000401946	9606.ENSP00000357556	0	0	0	0	0	0.066	0.500	0.064	0.524
TNRC6C	TP53	9606.ENSP00000336783	9606.ENSP00000269305	0	0	0	0	0.044	0	0.500	0.127	0.546
TNRC6C	VENTX	9606.ENSP00000336783	9606.ENSP00000357556	0	0	0	0	0	0	0.500	0	0.499
TP53	TSC2	9606.ENSP00000269305	9606.ENSP00000219476	0	0	0	0	0.060	0.088	0	0.693	0.713
TP53	UBN1	9606.ENSP00000269305	9606.ENSP00000262376	0	0	0	0	0	0	0.400	0.184	0.489
TP53	UBE2S	9606.ENSP00000269305	9606.ENSP00000264552	0	0	0	0	0	0.060	0	0.679	0.685
TP53	UBE2C	9606.ENSP00000269305	9606.ENSP00000348838	0	0	0	0	0.084	0.060	0	0.394	0.432
TP53	TSC1	9606.ENSP00000269305	9606.ENSP00000298552	0	0	0	0	0.049	0.047	0	0.428	0.437
TP53	UBE2E1	9606.ENSP00000269305	9606.ENSP00000303709	0	0	0	0	0	0.306	0	0.277	0.477
TP53	UBE2D1	9606.ENSP00000269305	9606.ENSP00000363019	0	0	0	0	0	0.060	0	0.570	0.578
TP53	UBA52	9606.ENSP00000269305	9606.ENSP00000388107	0	0	0	0	0.083	0.164	0.500	0.205	0.654
TP53	VENTX	9606.ENSP00000269305	9606.ENSP00000357556	0	0	0	0	0.054	0	0.750	0.107	0.770
TP53	VDAC1	9606.ENSP00000269305	9606.ENSP00000378487	0	0	0	0	0.082	0	0	0.762	0.772
TP53	UBB	9606.ENSP00000269305	9606.ENSP00000478771	0	0	0	0	0	0.227	0.500	0.523	0.799
TP53	TXN	9606.ENSP00000269305	9606.ENSP00000363641	0	0	0	0	0	0.292	0.500	0.738	0.899
TP53	UBC	9606.ENSP00000269305	9606.ENSP00000441543	0	0	0	0	0	0.653	0.500	0.584	0.921
TRPM7	TRPV4	9606.ENSP00000495860	9606.ENSP00000406191	0	0	0	0	0.057	0	0	0.750	0.754
TSC1	TSC2	9606.ENSP00000298552	9606.ENSP00000219476	0	0	0	0	0.154	0.997	0.900	0.999	0.999
TXN	VDAC1	9606.ENSP00000363641	9606.ENSP00000378487	0	0	0	0	0.141	0.134	0	0.420	0.532
UBA52	UBE2S	9606.ENSP00000388107	9606.ENSP00000264552	0	0	0	0	0.127	0.937	0.500	0.248	0.976
UBA52	UBE2E1	9606.ENSP00000388107	9606.ENSP00000303709	0	0	0	0	0.125	0.481	0.500	0.210	0.796
UBA52	UBE2C	9606.ENSP00000388107	9606.ENSP00000348838	0	0	0	0	0.122	0.397	0.500	0.217	0.765
UBA52	UBE2D1	9606.ENSP00000388107	9606.ENSP00000363019	0	0	0	0	0.108	0.960	0.500	0.268	0.985
UBA52	VDAC1	9606.ENSP00000388107	9606.ENSP00000378487	0	0	0	0	0.062	0.225	0.500	0.063	0.614
UBA52	UBB	9606.ENSP00000388107	9606.ENSP00000478771	0	0	0.056	0.952	0.417	0.983	0.900	0.172	0.999
UBA52	UBC	9606.ENSP00000388107	9606.ENSP00000441543	0	0	0.049	0.953	0.410	0.990	0.900	0.149	0.999
UBB	UBE2S	9606.ENSP00000478771	9606.ENSP00000264552	0	0	0	0	0.055	0.953	0.500	0.514	0.988
UBB	UBE2E1	9606.ENSP00000478771	9606.ENSP00000303709	0	0	0	0	0.067	0.189	0.500	0.186	0.651
UBB	UBE2C	9606.ENSP00000478771	9606.ENSP00000348838	0	0	0	0	0.055	0.827	0.500	0.201	0.926
UBB	UBE2D1	9606.ENSP00000478771	9606.ENSP00000363019	0	0	0	0	0.057	0.947	0.500	0.345	0.981
UBB	VDAC1	9606.ENSP00000478771	9606.ENSP00000378487	0	0	0	0	0.134	0.064	0.500	0.135	0.602
UBB	UBC	9606.ENSP00000478771	9606.ENSP00000441543	0	0	0.047	0.986	0.779	0.900	0.900	0.481	0.998
UBC	UBE2S	9606.ENSP00000441543	9606.ENSP00000264552	0	0	0	0	0.069	0.987	0.500	0.435	0.996
UBC	UBE2E1	9606.ENSP00000441543	9606.ENSP00000303709	0	0	0	0	0.073	0.237	0.500	0.279	0.711
UBC	UBE2C	9606.ENSP00000441543	9606.ENSP00000348838	0	0	0	0	0.055	0.844	0.500	0.309	0.942
UBC	UBE2D1	9606.ENSP00000441543	9606.ENSP00000363019	0	0	0	0	0.057	0.987	0.500	0.646	0.997
UBC	VDAC1	9606.ENSP00000441543	9606.ENSP00000378487	0	0	0	0	0.117	0.069	0.500	0.373	0.708
UBE2C	UBE2S	9606.ENSP00000348838	9606.ENSP00000264552	0	0	0	0.771	0.390	0.292	0.900	0.696	0.985
UBE2C	UBE2E1	9606.ENSP00000348838	9606.ENSP00000303709	0	0	0	0.811	0	0.053	0.800	0.142	0.823
UBE2C	UBE2D1	9606.ENSP00000348838	9606.ENSP00000363019	0	0	0	0.877	0.087	0.071	0.800	0.140	0.834
UBE2D1	UBE2S	9606.ENSP00000363019	9606.ENSP00000264552	0	0	0	0.878	0.049	0	0.800	0.138	0.821
UBE2D1	UBE2E1	9606.ENSP00000363019	9606.ENSP00000303709	0	0	0.051	0.963	0.082	0	0.800	0.073	0.817
UBE2E1	UBE2S	9606.ENSP00000303709	9606.ENSP00000264552	0	0	0	0.782	0	0	0.800	0.201	0.833
UBE2S	VDAC1	9606.ENSP00000264552	9606.ENSP00000378487	0	0	0	0	0.124	0.046	0	0.389	0.445
VDAC1	VDAC2	9606.ENSP00000378487	9606.ENSP00000361635	0	0	0.051	0.978	0.525	0.780	0.967	0.574	0.998
VDAC1	VDAC3	9606.ENSP00000378487	9606.ENSP00000428845	0	0	0.055	0.970	0.191	0.710	0.967	0.433	0.995
VDAC2	VDAC3	9606.ENSP00000361635	9606.ENSP00000428845	0	0	0.053	0.975	0.269	0.715	0.967	0.629	0.997
ZFP36L1	ZFP36L2	9606.ENSP00000337386	9606.ENSP00000282388	0	0	0.072	0.897	0.086	0	0.900	0.138	0.917
